TH,Ámbito,Nota,Cod Municipio,Cod Comarca,Censo,Votantes,Nulos,Válidos,Blancos,Votos Candidatura,Abstención,EAJ-PNV,PP,PH,PCTE / ELAK,PSE-EE/PSOE,PUM+J,Cs,EB-AZ,EH BILDU,VOX,OMNIA,PODEMOS-IU-EQUO BERD,SOLIDARIA,LxE-EaL,B.I.B.,G.G.B.
Bizkaia,ABADIÑO,,1,3,5886,4096,57,4039,49,3990,1790,1504,196,13,,526,,,,1345,37,,355,14,,,
Gipuzkoa,ABALTZISKETA,,1,3,253,180,2,178,4,174,73,88,0,,,1,,,0,81,,,4,,,,
Bizkaia,ABANTO Y CIÉRVANA-ABANTO ZIERBENA,,2,2,7763,5412,80,5332,42,5290,2351,2394,105,,9,888,,27,,1045,34,,786,2,,,
Gipuzkoa,ADUNA,,2,3,355,260,6,254,6,248,95,72,0,,,2,,,1,162,,,11,,,,
Álava,AGURAIN/SALVATIERRA,,51,2,3551,2397,15,2382,20,2362,1154,1002,86,,,175,,16,,953,12,,118,,,,
Gipuzkoa,AIA,,16,4,1527,1009,11,998,10,988,518,514,5,,,24,,,,401,,,44,,,,
Gipuzkoa,AIZARNAZABAL,,3,4,553,417,7,410,2,408,136,101,1,,,10,,,,281,,,15,,,,
Bizkaia,AJANGIZ,,911,4,387,317,5,312,2,310,70,118,3,,,2,,0,,180,0,,7,0,,,
Gipuzkoa,ALBIZTUR,,4,3,229,146,1,145,1,144,83,84,0,,,7,,,0,46,,,7,,,,
Gipuzkoa,ALEGIA,,5,3,1266,926,10,916,8,908,340,329,16,,,49,,,3,465,,,46,,,,
Álava,ALEGRÍA-DULANTZI,,1,2,2007,1329,26,1303,14,1289,678,484,93,,,204,,21,,298,29,,160,,,,
Gipuzkoa,ALKIZA,,6,3,257,176,3,173,4,169,81,61,1,,,4,,,0,93,,,10,,,,
Bizkaia,ALONSOTEGI,,912,2,2325,1731,24,1707,14,1693,594,772,44,,1,188,,7,,532,8,,139,2,,,
Gipuzkoa,ALTZAGA,,906,3,130,110,,110,2,108,20,34,0,,,4,,,0,61,,,9,,,,
Gipuzkoa,ALTZO,,7,3,328,234,1,233,5,228,94,64,0,,,2,,,1,150,,,11,,,,
Gipuzkoa,AMEZKETA,,8,3,705,521,6,515,15,500,184,162,0,,,5,,,2,320,,,11,,,,
Bizkaia,AMOREBIETA-ETXANO,,3,3,14460,10103,81,10022,77,9945,4357,4648,230,23,,1080,,,,2985,44,,912,23,,,
Bizkaia,AMOROTO,,4,4,323,241,2,239,1,238,82,123,0,,,0,,0,,113,0,,2,0,,,
Álava,AMURRIO,,2,3,8045,5809,116,5693,55,5638,2236,2388,283,,,617,,,,1790,65,69,426,,,,
Gipuzkoa,ANDOAIN,,9,3,11351,7378,74,7304,76,7228,3973,1996,286,,,1786,,,16,2413,,,731,,,,
Gipuzkoa,ANOETA,,10,3,1526,1080,14,1066,9,1057,446,379,11,,,67,,,4,534,,,62,,,,
Gipuzkoa,ANTZUOLA,,11,4,1630,1218,3,1215,15,1200,412,398,4,,,106,,,,620,,,72,,,,
Bizkaia,ARAKALDO,,5,3,112,87,1,86,1,85,25,41,0,0,,3,,,,33,0,,8,0,,,
Gipuzkoa,ARAMA,,12,3,149,102,3,99,,99,47,41,1,,,4,,,0,52,,,1,,,,
Álava,ARAMAIO,,3,2,1175,838,3,835,6,829,337,253,7,,,21,,0,,506,1,,41,,,,
Bizkaia,ARANTZAZU,,6,3,311,268,,268,1,267,43,116,1,0,,5,,,,134,0,,11,0,,,
Bizkaia,AREATZA,,93,3,890,741,15,726,10,716,149,331,25,0,,19,,,,315,0,,26,0,,,
Gipuzkoa,ARETXABALETA,,13,4,5432,3837,31,3806,36,3770,1595,1653,57,,,332,,,,1479,,,249,,,,
Álava,ARMIÑÓN,,6,2,173,125,3,122,2,120,48,38,26,,,14,,1,,16,8,,17,,,,
Álava,ARRAIA-MAEZTU,,37,2,582,447,8,439,3,436,135,230,39,,,25,,0,,114,0,,28,,,,
Bizkaia,ARRANKUDIAGA,,9,3,769,655,5,650,5,645,114,311,7,1,,13,,,,293,1,,19,0,,,
Gipuzkoa,ARRASATE/MONDRAGON,,55,4,17347,11485,86,11399,84,11315,5862,4295,323,,,1638,,,,4000,,,1059,,,,
Bizkaia,ARRATZU,,914,4,324,286,,286,1,285,38,158,0,,,2,,0,,123,0,,2,0,,,
Álava,ARRATZUA-UBARRUNDIA,,8,2,800,530,8,522,4,518,270,230,50,,,50,,8,,135,8,,37,,,,
Bizkaia,ARRIETA,,10,4,475,360,2,358,1,357,115,202,0,,,6,,1,,131,0,,17,0,,,
Bizkaia,ARRIGORRIAGA,,11,3,9646,6360,61,6299,73,6226,3286,2557,241,23,,926,,,,1714,36,,718,11,,,
Bizkaia,ARTEA,,23,3,579,496,8,488,4,484,83,245,10,0,,6,,,,202,0,,21,0,,,
Bizkaia,ARTZENTALES,,8,2,613,462,8,454,9,445,151,262,7,,2,11,,3,,120,1,,39,0,,,
Álava,ARTZINIEGA,,4,3,1353,1021,23,998,9,989,332,413,98,,,75,,,,320,2,6,75,,,,
Álava,ASPARRENA,,9,2,1262,922,3,919,4,915,340,312,28,,,57,,1,,449,2,,66,,,,
Gipuzkoa,ASTEASU,,14,3,1152,703,4,699,9,690,449,217,11,,,27,,,2,397,,,36,,,,
Gipuzkoa,ASTIGARRAGA,,903,1,4875,3206,27,3179,23,3156,1669,1206,49,,,295,,27,4,1296,,,279,,,,
Gipuzkoa,ATAUN,,15,3,1237,997,4,993,9,984,240,385,0,,,14,,,1,563,,,21,,,,
Bizkaia,ATXONDO,,91,3,1086,849,3,846,7,839,237,419,11,0,,29,,,,345,0,,35,0,,,
Bizkaia,AULESTI,,70,4,530,397,6,391,2,389,133,110,0,,,5,,0,,267,0,,7,0,,,
Álava,AYALA/AIARA,,10,3,2316,1695,20,1675,31,1644,621,838,76,,,107,,,,457,21,42,103,,,,
Gipuzkoa,AZKOITIA,,17,4,8489,5947,70,5877,43,5834,2542,2684,145,,,522,,,,2199,,,284,,,,
Gipuzkoa,AZPEITIA,,18,4,11214,7929,78,7851,47,7804,3285,3345,117,,,302,,,,3853,,,187,,,,
Álava,AÑANA,,49,2,132,107,2,105,2,103,25,54,12,,,6,,0,,25,2,,4,,,,
Bizkaia,BAKIO,,12,4,2066,1632,18,1614,2,1612,434,798,26,,,45,,7,,640,1,,95,0,,,
Gipuzkoa,BALIARRAIN,,904,3,89,56,2,54,,54,33,13,0,,,1,,,0,40,,,0,,,,
Bizkaia,BALMASEDA,,90,2,6005,4458,77,4381,46,4335,1547,2224,152,,9,780,,50,,724,44,,347,5,,,
Bizkaia,BARAKALDO,,13,2,79402,49616,292,49324,340,48984,29786,18659,3113,,103,13264,,715,,5679,565,,6716,170,,,
Bizkaia,BARRIKA,,14,4,1230,812,8,804,11,793,418,384,25,,,69,,8,,239,2,,66,0,,,
Álava,BARRUNDIA,,13,2,707,472,6,466,4,462,235,176,27,,,27,,2,,205,0,,25,,,,
Bizkaia,BASAURI,,15,3,33111,20806,151,20655,148,20507,12305,8842,1270,84,,4797,,,,2865,174,,2430,45,,,
Álava,BAÑOS DE EBRO/MAÑUETA,,11,2,220,195,7,188,3,185,25,70,70,,,30,,4,,3,5,,3,,,,
Gipuzkoa,BEASAIN,,19,3,9902,6468,42,6426,63,6363,3434,2983,180,,,883,,,21,1799,,,497,,,,
Bizkaia,BEDIA,,92,3,870,656,4,652,15,637,214,391,13,3,,32,,,,160,5,,33,0,,,
Gipuzkoa,BEIZAMA,,20,4,113,78,,78,1,77,35,32,1,,,0,,,,40,,,4,,,,
Gipuzkoa,BELAUNTZA,,21,3,185,133,1,132,2,130,52,57,0,,,3,,,2,65,,,3,,,,
Bizkaia,BERANGO,,16,4,5437,3726,36,3690,25,3665,1711,1660,239,,,459,,75,,788,41,,391,12,,,
Álava,BERANTEVILLA,,14,2,366,295,4,291,4,287,71,129,48,,,37,,11,,40,6,,16,,,,
Gipuzkoa,BERASTEGI,,22,3,853,674,5,669,11,658,179,287,2,,,12,,,0,337,,,20,,,,
Gipuzkoa,BERGARA,,74,4,11511,8305,52,8253,39,8214,3206,3187,134,,,668,,,,3710,,,515,,,,
Bizkaia,BERMEO,,17,4,13153,8830,115,8715,77,8638,4323,4825,68,,,320,,14,,2907,10,,469,25,,,
Álava,BERNEDO,,16,2,418,249,3,246,6,240,169,107,38,,,20,,0,,54,0,,21,,,,
Bizkaia,BERRIATUA,,18,4,864,601,1,600,7,593,263,279,1,,,8,,0,,290,0,,15,0,,,
Bizkaia,BERRIZ,,19,3,3445,2475,21,2454,23,2431,970,1048,85,6,,303,,,,712,15,,257,5,,,
Gipuzkoa,BERROBI,,23,3,443,276,8,268,5,263,167,83,5,,,10,,,0,144,,,21,,,,
Gipuzkoa,BIDANIA-GOIATZ,,24,4,391,281,6,275,10,265,110,90,3,,,5,,,,156,,,11,,,,
Bizkaia,BILBAO,,20,1,272891,168592,942,167650,1433,166217,104299,71446,15999,166,,28421,328,3266,,24401,2078,,18450,172,,933,557
Bizkaia,BUSTURIA,,21,4,1322,958,18,940,10,930,364,513,23,,,53,,1,,295,0,,45,0,,,
Álava,CAMPEZO/KANPEZU,,17,2,819,595,8,587,10,577,224,270,45,,,37,,8,,176,1,,40,,,,
Gipuzkoa,DEBA,,29,4,4277,3168,39,3129,34,3095,1109,1365,60,,,210,,,,1216,,,244,,,,
Bizkaia,DERIO,,901,4,5149,3544,24,3520,30,3490,1605,1679,116,,,604,,31,,661,23,,366,10,,,
Bizkaia,DIMA,,26,3,1133,956,14,942,9,933,177,383,5,3,,5,,,,482,6,,47,2,,,
Gipuzkoa,DONOSTIA/SAN SEBASTIÁN,,69,1,147273,96102,592,95510,878,94632,51171,33828,8760,,,19423,,1992,327,20626,,,9676,,,,
Bizkaia,DURANGO,,27,3,22669,15457,179,15278,109,15169,7212,6143,764,25,,1763,,,,4497,118,,1822,37,,,
Bizkaia,EA,,28,4,689,600,3,597,2,595,89,255,3,,,3,,1,,317,0,,16,0,,,
Gipuzkoa,EIBAR,,30,4,21214,14328,86,14242,121,14121,6886,4346,627,,,4654,,,,3276,,,1218,,,,
Bizkaia,ELANTXOBE,,31,4,305,245,1,244,,244,60,131,1,,,4,,1,,105,0,,2,0,,,
Álava,ELBURGO/BURGELU,,21,2,469,319,1,318,3,315,150,153,42,,,33,,8,,63,5,,11,,,,
Álava,ELCIEGO,,22,2,759,616,7,609,8,601,143,179,136,,,154,,10,,55,9,,58,,,,
Gipuzkoa,ELDUAIN,,31,3,184,123,1,122,1,121,61,37,0,,,1,,,2,80,,,1,,,,
Gipuzkoa,ELGETA,,33,4,856,647,6,641,7,634,209,238,7,,,22,,,,336,,,31,,,,
Gipuzkoa,ELGOIBAR,,32,4,8676,5852,51,5801,44,5757,2824,2631,201,,,710,,,,1813,,,402,,,,
Bizkaia,ELORRIO,,32,3,5770,4285,34,4251,38,4213,1485,1720,134,2,,321,,,,1729,11,,296,0,,,
Álava,ELVILLAR/BILAR,,23,2,262,203,2,201,3,198,59,105,32,,,17,,1,,32,2,,9,,,,
Bizkaia,ERANDIO,,902,4,18966,11880,111,11769,104,11665,7086,4919,468,,,2435,,120,,2086,99,,1449,89,,,
Bizkaia,EREÑO,,33,4,206,167,3,164,4,160,39,96,1,,,1,,0,,57,0,,5,0,,,
Bizkaia,ERMUA,,34,3,12644,8409,69,8340,78,8262,4235,2170,844,33,,2821,,,,1232,118,,1024,20,,,
Gipuzkoa,ERRENTERIA,,67,2,30622,18951,169,18782,134,18648,11671,4131,724,,,5103,,233,,5818,,,2639,,,,
Gipuzkoa,ERREZIL,,66,4,438,370,7,363,1,362,68,103,0,,,0,,,,251,,,8,,,,
Álava,ERRIBERAGOITIA/RIBERA ALTA,,46,2,632,461,5,456,5,451,171,199,68,,,38,,3,,84,8,,51,,,,
Bizkaia,ERRIGOITI,,79,4,394,335,3,332,3,329,59,172,4,,,2,,1,,135,2,,13,0,,,
Gipuzkoa,ESKORIATZA,,34,4,3168,2252,21,2231,17,2214,916,1005,44,,,184,,,,805,,,176,,,,
Bizkaia,ETXEBARRI,,29,3,8622,5684,59,5625,99,5526,2938,2339,308,22,,1228,,,,656,76,,872,25,,,
Bizkaia,ETXEBARRIA,,30,4,599,520,5,515,4,511,79,276,0,,,2,,0,,227,0,,6,0,,,
Gipuzkoa,EZKIO-ITSASO,,35,3,482,360,4,356,2,354,122,141,2,,,9,,,2,182,,,18,,,,
Bizkaia,FORUA,,906,4,752,627,2,625,5,620,125,368,3,,,16,,1,,210,1,,21,0,,,
Bizkaia,FRUIZ,,35,4,403,330,2,328,4,324,73,175,2,,,3,,1,,112,0,,31,0,,,
Gipuzkoa,GABIRIA,,38,3,383,290,,290,3,287,93,132,0,,,3,,,2,143,,,7,,,,
Gipuzkoa,GAINTZA,,37,3,101,79,,79,,79,22,39,0,,,0,,,1,36,,,3,,,,
Bizkaia,GALDAKAO,,36,3,24043,15786,204,15582,185,15397,8257,6014,743,66,,2389,,,,4019,120,,1987,59,,,
Bizkaia,GALDAMES,,37,2,682,542,12,530,6,524,140,284,4,,0,26,,1,,175,0,,32,2,,,
Bizkaia,GAMIZ-FIKA,,38,4,1155,845,2,843,6,837,310,474,8,,,27,,4,,287,0,,35,2,,,
Bizkaia,GARAI,,39,3,255,227,1,226,2,224,28,129,2,1,,6,,,,80,3,,3,0,,,
Bizkaia,GATIKA,,40,4,1307,971,14,957,10,947,336,529,15,,,33,,2,,304,7,,57,0,,,
Bizkaia,GAUTEGIZ ARTEAGA,,41,4,686,567,6,561,4,557,119,344,6,,,14,,1,,164,5,,20,3,,,
Gipuzkoa,GAZTELU,,907,3,117,84,3,81,1,80,33,29,0,,,0,,,0,43,,,8,,,,
Bizkaia,GERNIKA-LUMO,,46,4,12627,9167,89,9078,65,9013,3460,4732,177,,,565,,24,,3030,31,,439,15,,,
Gipuzkoa,GETARIA,,39,4,2135,1726,17,1709,5,1704,409,756,6,,,42,,,,834,,,66,,,,
Bizkaia,GETXO,,44,4,62021,41833,175,41658,366,41292,20188,17744,6768,,,4980,,1193,,6255,729,,3506,117,,,
Bizkaia,GIZABURUAGA,,47,4,148,109,1,108,2,106,39,32,0,,,0,,0,,67,0,,7,0,,,
Bizkaia,GORDEXOLA,,42,2,1355,1075,21,1054,13,1041,280,623,64,,2,68,,8,,187,4,,82,3,,,
Bizkaia,GORLIZ,,43,4,4548,3174,23,3151,23,3128,1374,1641,100,,,227,,30,,837,15,,270,8,,,
Bizkaia,GÜEÑES,,45,2,5196,3880,47,3833,35,3798,1316,1808,92,,6,448,,10,,1045,21,,359,9,,,
Álava,HARANA/VALLE DE ARANA,,56,2,204,158,,158,1,157,46,103,10,,,6,,0,,28,0,,10,,,,
Gipuzkoa,HERNANI,,40,1,15749,10179,98,10081,69,10012,5570,2675,246,,,1289,,51,23,4613,,,1115,,,,
Gipuzkoa,HERNIALDE,,41,3,236,155,5,150,11,139,81,62,5,,,4,,,0,61,,,7,,,,
Gipuzkoa,HONDARRIBIA,,36,2,13189,8633,126,8507,99,8408,4556,4256,384,,,978,,131,,1853,,,806,,,,
Gipuzkoa,IBARRA,,42,3,3165,2068,37,2031,15,2016,1097,722,38,,,231,,,15,855,,,155,,,,
Bizkaia,IBARRANGELU,,48,4,540,432,4,428,3,425,108,206,4,,,11,,0,,182,0,,20,2,,,
Gipuzkoa,IDIAZABAL,,43,3,1731,1328,16,1312,14,1298,403,622,23,,,39,,,3,576,,,35,,,,
Bizkaia,IGORRE,,94,3,3130,2347,26,2321,18,2303,783,1182,22,6,,78,,,,921,12,,81,1,,,
Gipuzkoa,IKAZTEGIETA,,44,3,364,272,2,270,1,269,92,105,3,,,9,,,0,145,,,7,,,,
Gipuzkoa,IRUN,,45,2,46896,28551,296,28255,251,28004,18345,8602,2035,,,8544,,875,,3899,,,4049,,,,
Gipuzkoa,IRURA,,46,3,1250,864,4,860,13,847,386,356,9,,,64,,,3,365,,,50,,,,
Álava,IRURAIZ-GAUNA,,27,2,431,295,2,293,1,292,136,126,21,,,13,,3,,104,1,,24,,,,
Álava,IRUÑA OKA/IRUÑA DE OCA,,901,2,2476,1591,24,1567,16,1551,885,447,220,,,407,,28,,249,35,,165,,,,
Bizkaia,ISPASTER,,49,4,545,431,1,430,1,429,114,230,3,,,4,,0,,175,0,,17,0,,,
Gipuzkoa,ITSASONDO,,47,3,463,329,1,328,2,326,134,95,0,,,12,,,0,202,,,17,,,,
Bizkaia,IURRETA,,910,3,2805,1915,8,1907,12,1895,890,822,82,3,,273,,,,548,13,,154,0,,,
Bizkaia,IZURTZA,,50,3,186,168,,168,,168,18,75,1,0,,1,,,,86,0,,5,0,,,
Bizkaia,KARRANTZA HARANA/VALLE DE CARRANZA,,22,2,2312,1844,31,1813,32,1781,468,1171,39,,1,124,,7,,294,18,,126,1,,,
Bizkaia,KORTEZUBI,,907,4,338,291,,291,2,289,47,174,0,,,0,,0,,107,0,,8,0,,,
Álava,KRIPAN,,19,2,148,114,,114,,114,34,75,13,,,7,,0,,16,0,,3,,,,
Álava,KUARTANGO,,20,2,321,251,3,248,6,242,70,108,20,,,7,,0,,91,2,,14,,,,
Álava,LABASTIDA/BASTIDA,,28,2,1074,864,14,850,11,839,210,271,250,,,101,,8,,138,10,,61,,,,
Álava,LAGRÁN,,30,2,140,123,4,119,,119,17,48,27,,,17,,1,,18,0,,8,,,,
Álava,LAGUARDIA,,31,2,1160,974,31,943,17,926,186,273,270,,,125,,11,,192,11,,44,,,,
Álava,LANCIEGO/LANTZIEGO,,32,2,498,384,18,366,3,363,114,144,51,,,82,,2,,64,0,,20,,,,
Bizkaia,LANESTOSA,,51,2,217,173,,173,,173,44,87,6,,0,12,,1,,49,0,,18,0,,,
Álava,LANTARÓN,,902,2,728,505,2,503,6,497,223,186,109,,,67,,11,,76,5,,43,,,,
Álava,LAPUEBLA DE LABARCA,,33,2,657,556,7,549,7,542,101,280,90,,,75,,4,,62,4,,27,,,,
Bizkaia,LARRABETZU,,52,4,1564,1263,7,1256,15,1241,301,474,19,,,27,,3,,660,1,,56,1,,,
Gipuzkoa,LARRAUL,,48,3,186,114,1,113,4,109,72,28,0,,,2,,,0,68,,,11,,,,
Gipuzkoa,LASARTE-ORIA,,902,1,14230,9263,47,9216,80,9136,4967,1964,447,,,3273,,169,38,2234,,,1011,,,,
Álava,LAUDIO/LLODIO,,36,3,14746,9974,98,9876,53,9823,4772,3730,556,,,1236,,,,2459,79,1070,693,,,,
Bizkaia,LAUKIZ,,53,4,911,684,3,681,5,676,227,405,50,,,35,,18,,139,9,,17,3,,,
Gipuzkoa,LAZKAO,,49,3,4170,2968,39,2929,18,2911,1202,1233,28,,,219,,,4,1261,,,166,,,,
Gipuzkoa,LEABURU,,50,3,270,198,2,196,4,192,72,68,0,,,3,,,0,118,,,3,,,,
Gipuzkoa,LEGAZPI,,51,3,6762,4893,46,4847,45,4802,1869,1926,125,,,668,,,9,1716,,,358,,,,
Gipuzkoa,LEGORRETA,,52,3,1065,830,2,828,6,822,235,335,13,,,44,,,0,383,,,47,,,,
Álava,LEGUTIO,,58,2,1396,853,15,838,8,830,543,255,28,,,103,,6,,360,5,,73,,,,
Gipuzkoa,LEINTZ-GATZAGA,,68,4,187,114,,114,1,113,73,38,0,,,0,,,,72,,,3,,,,
Bizkaia,LEIOA,,54,4,25002,15802,113,15689,133,15556,9200,6764,1075,,,2721,,297,,2411,179,,2066,43,,,
Bizkaia,LEKEITIO,,57,4,5740,4318,33,4285,22,4263,1422,2043,33,,,56,,6,,1997,6,,120,2,,,
Bizkaia,LEMOA,,55,3,2585,1917,23,1894,7,1887,668,887,30,6,,117,,,,735,11,,91,10,,,
Bizkaia,LEMOIZ,,56,4,986,727,7,720,6,714,259,391,6,,,5,,5,,253,0,,54,0,,,
Álava,LEZA,,34,2,152,119,,119,,119,33,58,5,,,23,,0,,27,0,,6,,,,
Bizkaia,LEZAMA,,81,4,1881,1450,16,1434,17,1417,431,889,17,,,69,,2,,370,4,,66,0,,,
Gipuzkoa,LEZO,,53,2,4848,3139,36,3103,21,3082,1709,1058,58,,,291,,14,,1377,,,284,,,,
Gipuzkoa,LIZARTZA,,54,3,458,345,3,342,2,340,113,60,1,,,2,,,0,271,,,6,,,,
Bizkaia,LOIU,,903,4,1806,1328,7,1321,10,1311,478,892,78,,,61,,15,,193,8,,63,1,,,
Bizkaia,MALLABIA,,58,3,943,754,8,746,2,744,189,358,9,0,,48,,,,288,0,,41,0,,,
Bizkaia,MARKINA-XEMEIN,,60,4,3614,2649,17,2632,13,2619,965,1346,21,,,51,,2,,1125,2,,71,1,,,
Bizkaia,MARURI-JATABE,,61,4,793,592,2,590,2,588,201,328,15,,,25,,5,,171,1,,41,2,,,
Bizkaia,MAÑARIA,,59,3,400,351,3,348,5,343,49,171,4,1,,5,,,,154,0,,8,0,,,
Gipuzkoa,MENDARO,,901,4,1414,983,8,975,7,968,431,447,15,,,102,,,,329,,,75,,,,
Bizkaia,MENDATA,,62,4,293,249,2,247,1,246,44,144,0,,,0,,0,,93,0,,9,0,,,
Bizkaia,MENDEXA,,63,4,354,291,2,289,1,288,63,140,2,,,5,,0,,129,0,,12,0,,,
Bizkaia,MEÑAKA,,64,4,612,506,,506,3,503,106,212,2,,,8,,3,,260,1,,17,0,,,
Álava,MOREDA DE ÁLAVA/MOREDA ARABA,,39,2,195,161,1,160,,160,34,55,18,,,46,,2,,23,1,,15,,,,
Bizkaia,MORGA,,66,4,347,275,1,274,1,273,72,169,2,,,1,,0,,90,0,,10,1,,,
Bizkaia,MUNDAKA,,68,4,1526,1148,15,1133,9,1124,378,716,2,,,25,,1,,332,0,,45,3,,,
Bizkaia,MUNGIA,,69,4,13107,8655,67,8588,64,8524,4452,4520,417,,,623,,128,,2030,98,,686,22,,,
Bizkaia,MUNITIBAR-ARBATZEGI GERRIKAITZ-,,7,4,383,276,3,273,1,272,107,119,0,,,2,,0,,143,0,,8,0,,,
Bizkaia,MURUETA,,908,4,252,232,2,230,1,229,20,134,0,,,7,,1,,75,1,,8,3,,,
Bizkaia,MUSKIZ,,71,2,6036,4381,41,4340,39,4301,1655,1904,87,,4,1010,,18,,796,24,,453,5,,,
Gipuzkoa,MUTILOA,,57,3,196,133,,133,,133,63,41,0,,,4,,,1,79,,,8,,,,
Gipuzkoa,MUTRIKU,,56,4,4075,2890,35,2855,29,2826,1185,1215,57,,,100,,,,1316,,,138,,,,
Bizkaia,MUXIKA,,67,4,1136,864,5,859,4,855,272,405,3,,,16,,0,,398,0,,33,0,,,
Bizkaia,NABARNIZ,,909,4,202,184,1,183,3,180,18,78,0,,,0,,0,,94,0,,8,0,,,
Álava,NAVARIDAS,,41,2,152,133,9,124,2,122,19,46,54,,,5,,0,,8,0,,9,,,,
Gipuzkoa,OIARTZUN,,63,2,8054,5532,52,5480,45,5435,2522,1416,80,,,253,,8,,3331,,,347,,,,
Álava,OKONDO,,42,3,911,779,10,769,10,759,132,440,20,,,22,,,,213,1,19,44,,,,
Gipuzkoa,OLABERRIA,,58,3,734,535,10,525,1,524,199,220,14,,,74,,,1,163,,,52,,,,
Bizkaia,ONDARROA,,73,4,6821,4612,36,4576,46,4530,2209,1839,79,,,106,,5,,2304,7,,189,1,,,
Gipuzkoa,ORDIZIA,,76,3,7010,5041,29,5012,39,4973,1969,1951,139,,,557,,,9,1835,,,482,,,,
Gipuzkoa,ORENDAIN,,905,3,155,126,,126,2,124,29,35,0,,,0,,,0,85,,,4,,,,
Gipuzkoa,OREXA,,60,3,88,75,,75,,75,13,4,0,,,0,,,0,71,,,0,,,,
Gipuzkoa,ORIO,,61,4,4393,3082,44,3038,28,3010,1311,1341,34,,,263,,,,1227,,,145,,,,
Gipuzkoa,ORMAIZTEGI,,62,3,946,720,6,714,11,703,226,333,7,,,38,,,1,278,,,46,,,,
Bizkaia,OROZKO,,75,3,2060,1539,26,1513,24,1489,521,821,51,4,,57,,,,448,7,,97,4,,,
Bizkaia,ORTUELLA,,83,2,6946,4735,37,4698,41,4657,2211,2007,96,,15,892,,21,,715,20,,884,7,,,
Bizkaia,OTXANDIO,,72,3,966,749,7,742,7,735,217,298,7,0,,20,,,,400,1,,9,0,,,
Álava,OYÓN-OION,,43,2,2333,1580,21,1559,23,1536,753,420,238,,,353,,44,,289,40,,152,,,,
Gipuzkoa,OÑATI,,59,4,8858,6435,39,6396,29,6367,2423,2404,97,,,315,,,,3332,,,219,,,,
Gipuzkoa,PASAIA,,64,2,12420,7479,75,7404,69,7335,4941,2090,266,,,1526,,140,,2322,,,991,,,,
Álava,PEÑACERRADA-URIZAHARRA,,44,2,231,176,9,167,2,165,55,64,21,,,22,,0,,40,0,,18,,,,
Bizkaia,PLENTZIA,,77,4,3380,2446,14,2432,16,2416,934,1275,78,,,153,,24,,673,14,,194,5,,,
Bizkaia,PORTUGALETE,,78,2,37976,24401,169,24232,153,24079,13575,7772,1523,,38,8109,,279,,2991,167,,3158,42,,,
Álava,RIBERA BAJA/ERRIBERA BEITIA,,47,2,972,660,16,644,11,633,312,225,127,,,108,,35,,64,13,,61,,,,
Álava,SAMANIEGO,,52,2,271,197,1,196,,196,74,84,3,,,42,,2,,55,0,,10,,,,
Álava,SAN MILLÁN/DONEMILIAGA,,53,2,592,385,4,381,3,378,207,146,17,,,12,,2,,172,2,,27,,,,
Bizkaia,SANTURTZI,,82,2,37384,23857,195,23662,195,23467,13527,9662,1180,,43,5159,,254,,3984,179,,2972,34,,,
Gipuzkoa,SEGURA,,70,3,1088,869,6,863,13,850,219,418,1,,,10,,,4,396,,,21,,,,
Bizkaia,SESTAO,,84,2,21831,13860,154,13706,114,13592,7971,5858,615,,32,3102,,98,,1890,95,,1871,31,,,
Bizkaia,SONDIKA,,904,4,3543,2514,20,2494,33,2461,1029,1335,119,,,249,,27,,516,6,,205,4,,,
Bizkaia,SOPELA,,85,4,10693,7238,45,7193,54,7139,3455,3230,186,,,656,,88,,2002,47,,908,22,,,
Bizkaia,SOPUERTA,,86,2,2014,1495,23,1472,26,1446,519,780,27,,0,115,,10,,358,4,,149,3,,,
Gipuzkoa,SORALUZE-PLACENCIA DE LAS ARMAS,,65,4,2941,2067,18,2049,16,2033,874,697,92,,,329,,,,794,,,121,,,,
Bizkaia,SUKARRIETA,,76,4,285,218,6,212,5,207,67,132,5,,,13,,0,,48,1,,8,0,,,
Gipuzkoa,TOLOSA,,71,3,15039,10338,96,10242,67,10175,4701,4402,256,,,875,,,33,3981,,,628,,,,
Bizkaia,TRUCIOS-TURTZIOZ,,87,2,431,385,8,377,2,375,46,263,10,,2,18,,1,,55,3,,21,2,,,
Bizkaia,UBIDE,,88,3,131,104,,104,2,102,27,27,0,0,,4,,,,68,0,,3,0,,,
Bizkaia,UGAO-MIRABALLES,,65,3,3299,2362,27,2335,18,2317,937,1236,51,1,,190,,,,684,8,,146,1,,,
Bizkaia,URDULIZ,,89,4,3468,2423,22,2401,12,2389,1045,1166,61,,,192,,32,,652,8,,273,5,,,
Bizkaia,URDUÑA/ORDUÑA,,74,3,3270,2438,22,2416,22,2394,832,1172,82,3,,157,,,,846,17,,116,1,,,
Álava,URKABUSTAIZ,,54,2,1012,768,33,735,6,729,244,288,27,,,16,,3,,333,1,,61,,,,
Gipuzkoa,URNIETA,,72,1,4754,3058,40,3018,44,2974,1696,1257,99,,,492,,28,23,819,,,256,,,,
Gipuzkoa,URRETXU,,77,3,5259,3692,28,3664,22,3642,1567,1631,85,,,614,,,8,1065,,,239,,,,
Gipuzkoa,USURBIL,,73,1,4697,3104,25,3079,29,3050,1593,721,56,,,300,,17,18,1731,,,207,,,,
Álava,VALDEGOVÍA/GAUBEA,,55,2,835,572,9,563,6,557,263,241,79,,,62,,6,,128,4,,37,,,,
Bizkaia,VALLE DE TRÁPAGA-TRAPAGARAN,,80,2,9942,6661,55,6606,46,6560,3281,2638,203,,8,1684,,44,,1191,42,,735,15,,,
Gipuzkoa,VILLABONA,,75,3,4332,2983,25,2958,28,2930,1349,1092,77,,,238,,,7,1347,,,169,,,,
Álava,VILLABUENA DE ÁLAVA/ESKUERNAGA,,57,2,240,216,1,215,,215,24,88,21,,,8,,1,,94,0,,3,,,,
Álava,VITORIA-GASTEIZ,,59,1,189056,119922,1057,118865,981,117884,69134,30857,20384,,,25586,,3417,,21998,1840,,12850,,952,,
Álava,YÉCORA/IEKORA,,60,2,205,174,3,171,5,166,31,72,46,,,15,,6,,14,3,,10,,,,
Bizkaia,ZALDIBAR,,95,3,2326,1557,18,1539,14,1525,769,550,71,4,,247,,,,514,3,,135,1,,,
Gipuzkoa,ZALDIBIA,,78,3,1139,859,9,850,10,840,280,227,2,,,20,,,1,567,,,23,,,,
Álava,ZALDUONDO,,61,2,153,130,,130,2,128,23,39,2,,,8,,1,,68,1,,9,,,,
Bizkaia,ZALLA,,96,2,6528,5075,88,4987,59,4928,1453,2892,116,,10,572,,24,,813,22,,465,14,,,
Álava,ZAMBRANA,,62,2,313,255,11,244,4,240,58,69,60,,,34,,8,,38,2,,29,,,,
Bizkaia,ZAMUDIO,,905,4,2492,1812,14,1798,9,1789,680,974,33,,,131,,10,,513,4,,123,1,,,
Bizkaia,ZARATAMO,,97,3,1310,916,11,905,10,895,394,431,20,5,,85,,,,269,5,,78,2,,,
Gipuzkoa,ZARAUTZ,,79,4,18130,12768,116,12652,108,12544,5362,5772,451,,,1256,,,,4243,,,822,,,,
Bizkaia,ZEANURI,,24,3,1002,810,5,805,7,798,192,415,8,0,,3,,,,358,0,,14,0,,,
Bizkaia,ZEBERIO,,25,3,852,707,5,702,3,699,145,379,5,3,,12,,,,277,0,,23,0,,,
Gipuzkoa,ZEGAMA,,25,3,1112,873,14,859,12,847,239,389,0,,,20,,,1,406,,,31,,,,
Gipuzkoa,ZERAIN,,26,3,206,195,7,188,8,180,11,84,0,,,0,,,0,94,,,2,,,,
Gipuzkoa,ZESTOA,,27,4,2755,1965,17,1948,26,1922,790,798,4,,,56,,,,974,,,90,,,,
Bizkaia,ZIERBENA,,913,2,1225,897,10,887,12,875,328,507,14,,0,55,,2,,242,2,,53,0,,,
Álava,ZIGOITIA,,18,2,1403,919,13,906,9,897,484,336,61,,,82,,5,,324,6,,83,,,,
Bizkaia,ZIORTZA - BOLIBAR,,915,4,344,262,3,259,1,258,82,99,2,,,1,,0,,152,0,,4,0,,,
Gipuzkoa,ZIZURKIL,,28,3,2256,1526,5,1521,7,1514,730,506,19,,,214,,,1,699,,,75,,,,
Álava,ZUIA,,63,2,1829,1314,10,1304,13,1291,515,482,104,,,121,,21,,434,20,,109,,,,
Gipuzkoa,ZUMAIA,,81,4,7664,5376,55,5321,64,5257,2288,2009,61,,,574,,,,2273,,,340,,,,
Gipuzkoa,ZUMARRAGA,,80,3,7710,5186,41,5145,48,5097,2524,1473,180,,,1800,,,8,1156,,,480,,,,
