TH,Ámbito,Nota,Cod Municipio,Cod Comarca,Censo,Votantes,Nulos,Válidos,Blancos,Votos Candidatura,Abstención,PSE-PSOE,PP,PH,FE-JONS,EK-PCPE,P.A.,E.U.,PREPAL,DN,ATTKA/PACMA,MSR,UPYD,Cs,I.FEM,SAIn,IU-UPEC,EB-AZ,EH BILDU,EAJ-PNV ... (E14),FAC,EPDD,IMPULSOSOCIAL,RECORTES CERO,EQUO-PUM+J,VOX,P-LIB,PARTIDO X,D. E. R.,IPEX-PREX-CREX,M.C.R.,RRUE,PODEMOS-AHAL DUGU,ALTER,PT,LEM,PIRATAS,ACNV-BAR-PRAO-...,MOVIMIENTO RED,CILUS
Bizkaia,ABADIÑO,,1,3,5875,2551,29,2522,39,2483,3324,269,200,2,0,1,3,3,1,3,22,2,51,10,2,1,115,19,943,587,5,1,2,0,21,5,0,5,4,0,0,0,185,0,3,2,3,0,9,4
Gipuzkoa,ABALTZISKETA,,1,3,242,101,,101,,101,141,0,0,0,0,0,0,0,0,0,0,0,0,0,0,0,1,1,61,37,0,0,0,0,0,0,0,0,0,0,0,0,0,0,0,0,0,0,1,0
Bizkaia,ABANTO Y CIÉRVANA-ABANTO ZIERBENA,,2,2,7936,3489,52,3437,76,3361,4447,588,109,4,1,11,0,1,0,2,25,5,88,13,4,1,249,20,682,1138,3,2,3,10,37,13,4,20,4,0,4,0,281,3,3,0,8,1,21,3
Gipuzkoa,ADUNA,,2,3,350,159,2,157,4,153,191,3,1,0,0,0,0,0,0,0,0,0,0,0,0,0,1,4,108,31,0,0,0,1,0,0,0,1,0,0,0,0,3,0,0,0,0,0,0,0
Álava,AGURAIN/SALVATIERRA,,51,2,3623,1360,11,1349,10,1339,2263,123,107,3,1,6,0,3,0,1,9,0,26,9,1,0,60,17,473,357,0,2,0,4,17,0,0,3,1,0,0,1,104,1,1,1,1,0,5,2
Gipuzkoa,AIA,,16,4,1529,610,2,608,4,604,919,6,5,2,0,0,0,0,0,0,2,0,2,1,0,0,7,0,241,314,0,1,0,0,9,0,0,3,0,0,0,0,8,0,0,0,2,0,1,0
Gipuzkoa,AIZARNAZABAL,,3,4,548,205,,205,2,203,343,2,0,0,0,1,0,0,0,0,3,0,1,0,0,0,2,3,133,45,0,0,0,1,0,0,0,1,0,0,0,0,10,0,0,0,0,0,1,0
Bizkaia,AJANGIZ,,911,4,382,237,2,235,1,234,145,1,0,0,1,0,0,0,0,0,1,0,0,0,0,0,4,0,155,66,0,0,0,0,2,0,0,0,0,0,0,0,1,0,0,1,1,0,1,0
Gipuzkoa,ALBIZTUR,,4,3,254,98,,98,,98,156,7,0,0,0,0,0,0,0,0,0,0,0,0,0,0,2,0,35,49,0,1,0,0,1,0,0,0,0,0,0,0,3,0,0,0,0,0,0,0
Gipuzkoa,ALEGIA,,5,3,1283,528,4,524,7,517,755,21,14,0,0,1,0,0,0,0,3,1,3,0,1,0,13,1,262,162,0,0,0,0,3,2,0,1,0,0,0,1,27,0,0,0,1,0,0,0
Álava,ALEGRÍA-DULANTZI,,1,2,2028,814,24,790,7,783,1214,112,67,1,0,0,0,2,1,0,6,1,31,8,4,1,60,14,186,159,0,0,1,4,34,2,0,4,3,0,0,0,74,0,1,0,2,0,5,0
Gipuzkoa,ALKIZA,,6,3,273,108,,108,1,107,165,0,0,0,0,0,0,0,0,0,2,0,0,0,0,0,2,0,59,38,0,0,0,0,2,0,0,0,0,0,0,0,4,0,0,0,0,0,0,0
Bizkaia,ALONSOTEGI,,912,2,2305,1317,9,1308,34,1274,988,123,40,1,0,1,3,0,1,0,12,1,21,8,0,0,47,11,304,628,0,2,0,3,4,3,0,6,3,0,0,0,48,0,0,0,2,0,2,0
Gipuzkoa,ALTZAGA,,906,3,117,58,,58,1,57,59,0,0,0,0,0,0,0,0,0,1,0,0,0,0,0,4,0,38,12,0,0,0,0,0,0,0,0,0,0,0,0,1,0,0,0,0,0,1,0
Gipuzkoa,ALTZO,,7,3,295,138,1,137,2,135,157,1,0,0,0,0,0,0,0,0,0,0,0,0,0,0,1,0,103,22,0,0,0,0,0,0,0,0,0,0,0,0,8,0,0,0,0,0,0,0
Gipuzkoa,AMEZKETA,,8,3,739,265,1,264,2,262,474,2,5,0,0,0,0,0,0,0,1,0,1,0,0,0,8,1,176,67,0,0,0,0,0,0,0,1,0,0,0,0,0,0,0,0,0,0,0,0
Bizkaia,AMOREBIETA-ETXANO,,3,3,14373,6758,69,6689,70,6619,7615,672,207,4,0,16,0,7,1,2,51,1,117,13,11,6,351,45,2090,2434,9,3,4,21,60,9,2,31,23,4,1,1,377,0,10,1,13,3,16,3
Bizkaia,AMOROTO,,4,4,330,178,1,177,3,174,152,0,0,0,0,0,0,0,0,0,0,0,0,0,0,0,1,0,87,83,0,0,0,0,2,0,0,0,0,0,0,0,1,0,0,0,0,0,0,0
Álava,AMURRIO,,2,3,8172,3789,64,3725,51,3674,4383,391,262,5,1,5,0,3,0,2,45,0,63,14,7,3,203,33,1047,1129,5,8,0,7,41,37,3,13,12,0,1,1,298,0,3,0,4,1,26,1
Gipuzkoa,ANDOAIN,,9,3,11668,4843,38,4805,63,4742,6825,923,304,2,0,6,0,2,4,0,33,0,149,35,4,1,317,75,1484,931,5,9,2,13,27,16,1,16,5,2,0,1,316,1,10,2,10,1,31,4
Gipuzkoa,ANOETA,,10,3,1445,653,5,648,20,628,792,43,30,0,0,1,0,1,1,0,3,0,9,1,1,1,18,7,312,157,0,0,0,4,2,0,0,7,1,0,0,0,23,0,0,0,1,0,4,1
Gipuzkoa,ANTZUOLA,,11,4,1672,860,3,857,8,849,812,75,19,0,0,0,0,0,0,0,0,0,1,0,1,0,27,1,449,226,0,2,0,1,8,0,0,2,0,0,0,0,33,0,4,0,0,0,0,0
Bizkaia,ARAKALDO,,5,3,102,41,,41,,41,61,0,1,0,0,0,0,0,0,0,0,0,0,0,0,0,3,0,17,19,0,0,0,0,0,0,0,0,0,0,0,0,1,0,0,0,0,0,0,0
Gipuzkoa,ARAMA,,12,3,149,82,1,81,2,79,67,3,2,0,0,0,0,0,0,0,0,0,0,0,0,0,0,0,46,23,0,0,0,0,0,0,0,0,3,0,0,0,2,0,0,0,0,0,0,0
Álava,ARAMAIO,,3,2,1189,585,5,580,10,570,604,18,5,0,0,0,0,0,0,0,0,0,3,0,0,0,12,0,331,171,0,0,0,1,9,5,0,2,0,0,0,0,13,0,0,0,0,0,0,0
Bizkaia,ARANTZAZU,,6,3,305,216,1,215,3,212,89,0,1,0,1,0,0,0,1,0,0,0,0,0,0,0,0,0,97,103,0,0,0,0,0,0,0,0,0,0,0,0,8,0,0,0,1,0,0,0
Bizkaia,AREATZA,,93,3,913,560,14,546,10,536,353,24,25,0,0,0,0,1,0,0,3,0,3,0,0,0,15,4,216,222,1,1,1,1,3,0,0,1,0,0,1,0,12,0,2,0,0,0,0,0
Gipuzkoa,ARETXABALETA,,13,4,5403,2416,27,2389,19,2370,2987,260,83,0,0,0,0,2,1,0,8,1,43,2,7,0,157,15,903,682,3,6,0,5,36,3,2,9,0,0,1,2,125,3,2,1,4,0,1,3
Álava,ARMIÑÓN,,6,2,187,78,3,75,1,74,109,5,20,0,0,0,0,0,0,0,1,0,3,4,0,0,7,0,9,7,0,0,0,0,2,2,0,1,0,1,0,0,12,0,0,0,0,0,0,0
Álava,ARRAIA-MAEZTU,,37,2,601,264,3,261,2,259,337,13,36,0,0,0,0,0,0,0,2,2,6,1,0,0,10,0,85,82,1,0,0,0,4,1,0,1,0,1,0,0,10,0,1,0,0,0,3,0
Bizkaia,ARRANKUDIAGA,,9,3,786,450,3,447,2,445,336,14,10,0,0,0,0,0,0,0,0,1,1,5,1,0,6,4,213,172,0,1,0,0,2,0,0,2,0,0,0,0,11,0,2,0,0,0,0,0
Gipuzkoa,ARRASATE/MONDRAGON,,55,4,17595,7377,51,7326,93,7233,10218,1011,391,3,1,4,0,16,0,0,39,2,145,9,2,0,494,57,2663,1864,12,7,4,33,77,6,0,15,9,2,2,0,319,4,5,0,5,0,29,3
Bizkaia,ARRATZU,,914,4,329,214,3,211,1,210,115,1,0,0,0,1,0,0,0,0,0,1,0,0,0,0,1,0,100,99,0,1,0,0,2,0,0,0,0,0,0,0,4,0,0,0,0,0,0,0
Álava,ARRATZUA-UBARRUNDIA,,8,2,787,304,5,299,9,290,483,24,44,0,0,1,0,0,0,0,5,0,9,2,0,1,16,5,84,72,0,0,0,0,3,1,1,2,4,0,0,0,10,1,0,0,2,0,2,1
Bizkaia,ARRIETA,,10,4,458,250,4,246,1,245,208,5,0,0,0,0,0,0,0,0,0,0,0,0,0,0,3,1,90,132,0,0,0,0,2,0,0,0,0,0,0,0,9,0,0,0,1,0,2,0
Bizkaia,ARRIGORRIAGA,,11,3,9668,4351,55,4296,98,4198,5317,549,234,5,3,5,2,2,4,2,51,0,142,20,12,0,250,45,1068,1327,5,5,2,14,66,13,2,29,11,3,2,2,282,1,4,0,11,0,23,2
Bizkaia,ARTEA,,23,3,602,392,2,390,2,388,210,3,15,0,0,0,0,0,0,0,2,0,0,0,0,0,7,0,168,183,0,0,0,0,2,2,0,0,0,0,0,0,6,0,0,0,0,0,0,0
Bizkaia,ARTZENTALES,,8,2,602,323,7,316,9,307,279,5,5,0,0,1,0,0,0,0,5,0,3,1,0,0,6,1,54,204,0,0,0,2,3,1,0,1,0,0,0,0,13,0,0,0,0,0,2,0
Álava,ARTZINIEGA,,4,3,1425,657,26,631,13,618,768,28,82,0,1,1,0,0,0,0,6,0,20,2,0,0,18,3,161,210,1,0,0,2,6,4,0,8,3,0,0,0,55,0,0,2,3,0,2,0
Álava,ASPARRENA,,9,2,1281,538,7,531,5,526,743,36,27,0,0,0,0,2,0,0,1,0,6,3,0,0,32,2,210,144,0,2,0,4,4,0,0,0,1,0,0,2,47,0,2,0,1,0,0,0
Gipuzkoa,ASTEASU,,14,3,1118,400,3,397,4,393,718,7,11,0,0,0,0,0,0,0,0,0,3,0,0,0,9,3,236,99,2,1,0,0,3,0,0,0,0,0,0,0,19,0,0,0,0,0,0,0
Gipuzkoa,ASTIGARRAGA,,903,1,4048,1446,14,1432,22,1410,2602,111,59,1,0,6,2,2,0,0,10,0,32,12,1,0,68,15,594,333,0,2,1,1,21,2,0,8,2,0,0,0,122,0,0,0,1,2,1,1
Gipuzkoa,ATAUN,,15,3,1301,743,4,739,7,732,558,5,0,0,0,0,0,0,0,0,1,0,0,0,0,0,10,0,481,221,0,0,0,0,0,0,0,4,0,0,0,0,8,0,1,0,0,0,1,0
Bizkaia,ATXONDO,,91,3,1155,525,6,519,7,512,630,27,12,0,0,0,0,0,0,0,2,0,4,0,0,0,15,2,241,179,0,0,0,0,1,2,0,0,0,0,0,0,22,1,1,0,0,0,1,2
Bizkaia,AULESTI,,70,4,543,298,4,294,2,292,245,0,0,0,0,0,0,0,0,0,0,0,0,0,0,0,0,0,221,70,0,0,0,0,0,0,0,0,0,0,0,0,1,0,0,0,0,0,0,0
Álava,AYALA/AIARA,,10,3,2273,1035,7,1028,13,1015,1238,58,93,0,0,1,1,0,0,1,7,0,29,1,1,0,49,12,307,370,0,6,0,2,15,6,0,0,0,0,0,0,50,0,0,0,1,0,5,0
Gipuzkoa,AZKOITIA,,17,4,8580,3976,36,3940,57,3883,4604,333,153,6,1,2,0,3,2,4,16,0,60,6,3,3,140,29,1338,1589,4,3,2,7,14,5,0,7,3,2,2,2,116,3,5,0,9,0,8,3
Gipuzkoa,AZPEITIA,,18,4,11109,4926,40,4886,57,4829,6183,163,123,0,0,1,0,2,0,0,18,0,27,4,4,0,63,24,2352,1901,1,1,2,4,8,12,4,5,3,2,0,0,91,0,2,0,2,0,10,0
Álava,AÑANA,,49,2,143,87,,87,2,85,56,7,11,0,0,0,0,0,0,0,0,0,0,0,1,0,3,1,26,29,0,0,0,0,0,0,0,0,0,0,0,0,7,0,0,0,0,0,0,0
Bizkaia,BAKIO,,12,4,2060,1230,32,1198,9,1189,830,19,27,0,0,1,1,0,0,0,5,1,8,9,2,1,20,14,411,578,0,0,1,0,17,1,0,5,0,0,1,0,44,1,4,1,0,1,5,11
Gipuzkoa,BALIARRAIN,,904,3,95,29,,29,,29,66,0,0,0,0,0,0,0,0,0,1,0,0,0,0,0,0,0,24,4,0,0,0,0,0,0,0,0,0,0,0,0,0,0,0,0,0,0,0,0
Bizkaia,BALMASEDA,,90,2,6152,3147,72,3075,51,3024,3005,496,173,4,0,3,0,0,0,2,25,0,59,16,6,0,147,18,522,1247,4,0,0,3,27,8,1,19,4,0,0,0,197,1,4,3,1,1,31,2
Bizkaia,BARAKALDO,,13,2,80536,34051,418,33633,630,33003,46485,7619,3802,33,10,67,8,18,15,12,393,7,1496,276,65,9,2874,360,4493,6671,66,14,21,134,428,173,16,130,76,5,9,14,3264,16,32,12,63,24,241,37
Bizkaia,BARRIKA,,14,4,1219,580,5,575,12,563,639,25,31,0,0,0,0,0,0,0,9,1,14,6,1,0,25,5,168,221,0,1,0,0,9,0,0,2,0,0,0,0,38,0,1,0,1,0,5,0
Álava,BARRUNDIA,,13,2,723,326,5,321,2,319,397,12,29,0,0,1,0,0,0,0,4,0,7,1,1,0,14,3,128,79,0,0,1,0,16,0,0,3,1,0,0,0,16,0,1,0,1,0,0,1
Bizkaia,BASAURI,,15,3,34244,15317,183,15134,258,14876,18927,3206,1470,27,7,29,0,8,3,10,169,9,485,88,21,3,1013,161,2264,4176,16,31,9,44,129,37,13,46,32,4,3,11,1185,4,19,4,30,3,91,16
Álava,BAÑOS DE EBRO/MAÑUETA,,11,2,243,125,3,122,4,118,118,14,50,0,0,0,0,0,0,0,0,0,2,0,0,0,2,2,3,32,0,0,0,0,0,4,0,0,0,0,0,0,4,1,3,0,0,0,0,1
Gipuzkoa,BEASAIN,,19,3,10087,4180,44,4136,73,4063,5907,550,200,2,2,9,0,1,0,2,20,0,95,14,11,2,198,39,1204,1295,1,5,1,8,48,6,3,9,6,4,2,3,272,2,4,2,5,1,35,2
Bizkaia,BEDIA,,92,3,841,446,,446,9,437,395,19,15,0,0,0,0,0,0,0,1,0,6,0,0,0,12,1,120,246,0,0,0,0,2,6,0,0,0,0,0,0,7,0,0,0,0,0,2,0
Gipuzkoa,BEIZAMA,,20,4,131,65,,65,2,63,66,0,1,0,0,0,0,0,0,0,2,0,0,0,0,0,0,0,31,26,0,0,0,0,1,0,0,0,0,0,0,0,2,0,0,0,0,0,0,0
Gipuzkoa,BELAUNTZA,,21,3,213,69,,69,1,68,144,2,0,0,0,0,0,0,0,0,0,0,1,0,0,0,2,0,42,19,0,0,0,0,1,0,0,0,0,0,0,0,1,0,0,0,0,0,0,0
Bizkaia,BERANGO,,16,4,5244,2384,29,2355,43,2312,2860,210,200,5,0,1,1,1,0,0,26,0,76,42,3,0,148,26,571,756,2,2,2,8,39,10,5,5,2,0,0,0,157,1,1,0,4,0,5,3
Álava,BERANTEVILLA,,14,2,380,197,3,194,7,187,183,19,53,0,1,0,0,0,0,0,3,0,8,4,0,0,11,1,22,45,0,0,1,0,2,1,0,1,2,0,0,0,11,0,0,0,1,0,1,0
Gipuzkoa,BERASTEGI,,22,3,825,311,8,303,2,301,514,5,8,0,0,1,0,0,0,0,1,0,1,1,0,0,7,0,169,97,0,1,0,1,0,0,0,1,0,0,0,0,8,0,0,0,0,0,0,0
Gipuzkoa,BERGARA,,74,4,11605,5180,32,5148,68,5080,6425,465,171,2,1,2,0,4,1,1,22,4,62,12,2,0,229,27,2002,1679,2,9,4,10,69,2,2,9,9,1,0,0,243,4,9,0,7,3,9,2
Bizkaia,BERMEO,,17,4,13514,6372,47,6325,71,6254,7142,222,111,1,0,7,1,2,0,1,29,0,44,3,4,1,162,35,2051,3262,2,4,3,11,23,3,0,9,10,0,4,0,218,3,9,0,11,1,5,2
Álava,BERNEDO,,16,2,441,124,4,120,3,117,317,10,17,0,1,0,0,0,0,1,0,0,4,1,0,1,11,0,26,35,1,0,0,0,1,0,0,0,0,0,0,0,7,0,0,0,0,0,1,0
Bizkaia,BERRIATUA,,18,4,886,421,2,419,3,416,465,6,2,0,0,0,0,0,0,0,0,0,0,1,0,0,5,0,233,155,1,0,0,0,0,0,0,0,0,0,0,0,12,0,0,0,1,0,0,0
Bizkaia,BERRIZ,,19,3,3674,1638,14,1624,12,1612,2036,158,98,1,1,2,0,3,1,0,4,1,48,4,1,0,51,18,493,536,2,1,1,5,4,0,1,6,1,0,1,0,150,1,6,0,4,0,8,1
Gipuzkoa,BERROBI,,23,3,437,153,1,152,,152,284,2,6,0,0,0,0,0,0,0,0,0,1,1,0,0,8,2,104,25,0,0,0,0,3,0,0,0,0,0,0,0,0,0,0,0,0,0,0,0
Gipuzkoa,BIDANIA-GOIATZ,,24,4,394,158,,158,2,156,236,2,5,0,2,0,0,0,0,0,0,0,2,1,0,1,4,3,95,39,0,0,0,0,1,0,0,0,0,0,0,0,1,0,0,0,0,0,0,0
Bizkaia,BILBAO,,20,1,274861,123720,1044,122676,2267,120409,151141,16925,17263,89,34,171,16,30,51,38,1265,55,4837,1372,221,20,7087,1534,17629,36863,106,109,113,373,2352,959,50,547,265,17,29,130,8440,54,125,33,259,38,769,141
Bizkaia,BUSTURIA,,21,4,1388,662,1,661,8,653,726,45,16,0,0,0,0,0,0,0,4,0,2,1,0,0,8,2,245,298,0,0,3,2,5,0,0,2,0,0,0,0,18,1,0,0,0,0,1,0
Álava,CAMPEZO/KANPEZU,,17,2,866,339,5,334,7,327,527,26,52,0,0,0,0,0,0,0,0,0,6,0,1,0,9,1,103,95,0,0,0,0,7,5,0,0,1,0,0,0,15,0,1,0,0,2,3,0
Gipuzkoa,DEBA,,29,4,4278,2111,13,2098,30,2068,2167,112,83,1,0,4,0,2,0,1,9,1,17,8,1,0,107,9,849,739,2,3,0,6,12,2,0,2,3,0,0,3,80,4,1,0,2,1,4,0
Bizkaia,DERIO,,901,4,4681,2229,21,2208,50,2158,2452,413,140,2,0,1,1,2,0,0,31,0,49,8,2,0,105,17,374,784,1,2,9,6,25,0,0,0,11,0,0,4,145,1,0,1,13,0,9,2
Bizkaia,DIMA,,26,3,1126,701,6,695,1,694,425,3,5,0,0,0,0,0,0,0,2,0,1,0,0,0,8,0,400,255,0,2,0,1,3,0,0,0,0,0,0,0,11,0,0,0,1,0,2,0
Gipuzkoa,DONOSTIA/SAN SEBASTIÁN,,69,1,147443,64693,404,64289,1343,62946,82750,9327,8652,46,22,88,5,13,7,15,537,30,2947,836,100,12,3477,780,13710,13300,72,103,102,167,1329,604,35,437,167,11,9,47,5068,57,83,14,193,21,466,57
Bizkaia,DURANGO,,27,3,21940,10077,69,10008,139,9869,11863,1008,826,8,4,9,2,0,2,2,57,2,226,44,11,1,495,66,2779,3322,8,7,9,6,152,25,2,31,21,0,6,2,642,6,6,1,16,6,55,4
Bizkaia,EA,,28,4,736,465,1,464,5,459,271,2,3,0,0,0,0,0,0,0,0,0,3,0,0,0,5,1,231,208,0,1,0,0,1,0,0,0,0,0,0,0,2,0,2,0,0,0,0,0
Gipuzkoa,EIBAR,,30,4,21742,9192,61,9131,146,8985,12550,1955,767,6,2,18,0,5,0,4,45,8,210,38,9,1,478,68,2285,2212,7,6,1,17,129,18,5,27,27,1,5,3,555,5,8,0,19,3,32,6
Bizkaia,ELANTXOBE,,31,4,348,221,2,219,1,218,127,0,0,0,0,0,0,0,0,0,0,0,0,1,0,0,0,0,96,121,0,0,0,0,0,0,0,0,0,0,0,0,0,0,0,0,0,0,0,0
Álava,ELBURGO/BURGELU,,21,2,475,172,2,170,1,169,303,12,28,0,0,0,0,0,0,0,2,0,12,2,0,0,12,1,31,44,0,0,0,1,10,2,0,1,2,0,0,0,9,0,0,0,0,0,0,0
Álava,ELCIEGO,,22,2,826,411,15,396,5,391,415,90,108,0,1,1,0,0,0,0,5,0,16,6,0,0,25,5,29,53,0,0,0,5,8,8,0,0,0,0,0,0,27,0,1,0,1,0,2,0
Gipuzkoa,ELDUAIN,,31,3,180,82,,82,,82,98,0,0,0,0,0,0,0,0,0,0,0,0,0,0,0,0,0,55,27,0,0,0,0,0,0,0,0,0,0,0,0,0,0,0,0,0,0,0,0
Gipuzkoa,ELGETA,,33,4,871,470,6,464,14,450,401,14,8,0,0,0,0,0,0,0,0,0,4,0,0,0,21,2,225,161,0,0,0,0,2,1,0,2,0,0,0,0,10,0,0,0,0,0,0,0
Gipuzkoa,ELGOIBAR,,32,4,8852,3900,40,3860,51,3809,4952,454,255,2,1,5,0,0,1,0,10,2,69,17,3,2,150,28,1198,1364,1,4,0,7,16,10,1,11,8,0,1,2,149,1,6,2,7,1,17,4
Bizkaia,ELORRIO,,32,3,5780,2924,27,2897,44,2853,2856,210,170,0,0,1,0,1,0,0,8,0,38,6,1,0,96,21,1334,797,0,7,3,2,25,2,0,4,7,0,0,1,108,2,4,0,0,0,4,1
Álava,ELVILLAR/BILAR,,23,2,278,138,5,133,7,126,140,14,38,0,0,0,0,0,0,0,0,0,2,0,0,0,11,0,26,30,0,0,0,0,0,0,0,0,1,0,0,0,1,0,0,0,0,0,3,0
Bizkaia,ERANDIO,,902,4,19125,8220,91,8129,158,7971,10905,1316,537,6,2,11,2,10,4,9,90,5,218,34,7,1,493,92,1364,2815,15,4,5,23,115,15,4,34,10,2,7,7,659,4,4,0,10,1,33,3
Bizkaia,EREÑO,,33,4,213,135,2,133,3,130,78,0,0,0,0,0,0,0,0,0,0,0,0,1,0,0,1,0,50,72,0,0,0,1,2,0,0,0,0,0,0,0,2,0,1,0,0,0,0,0
Bizkaia,ERMUA,,34,3,13008,5890,53,5837,110,5727,7118,1243,907,9,3,23,3,4,7,5,42,4,269,53,21,0,574,75,774,789,9,4,1,20,61,14,4,32,27,6,1,3,656,4,10,0,13,1,40,16
Gipuzkoa,ERRENTERIA,,67,2,31028,12463,90,12373,191,12182,18565,2725,834,15,2,20,2,5,4,4,142,5,474,66,20,3,903,93,3697,1680,14,16,7,32,86,18,3,60,28,3,6,24,1057,1,11,3,27,1,88,3
Gipuzkoa,ERREZIL,,66,4,456,224,1,223,2,221,232,4,0,0,0,0,0,0,0,0,0,0,0,0,0,0,0,0,147,68,0,0,0,0,1,0,0,0,0,0,0,0,1,0,0,0,0,0,0,0
Álava,ERRIBERAGOITIA/RIBERA ALTA,,46,2,593,274,2,272,2,270,319,19,47,2,0,1,0,0,0,0,2,1,11,5,1,0,8,7,46,86,0,0,0,2,6,2,0,3,1,0,0,1,17,0,0,0,0,0,2,0
Bizkaia,ERRIGOITI,,79,4,443,247,4,243,5,238,196,3,3,0,0,0,0,0,0,0,1,0,1,0,0,0,2,0,110,103,0,0,0,0,5,1,0,5,0,0,0,1,2,0,0,0,0,0,1,0
Gipuzkoa,ESKORIATZA,,34,4,3194,1263,11,1252,19,1233,1931,179,46,1,0,0,0,2,0,0,8,0,35,2,3,0,84,5,416,350,0,4,0,2,9,0,0,1,4,0,0,0,73,0,3,1,1,0,4,0
Bizkaia,ETXEBARRI,,29,3,8247,3402,38,3364,74,3290,4845,607,248,6,0,5,0,3,1,0,45,1,166,35,8,7,264,39,452,781,6,4,4,15,73,9,2,34,9,0,0,1,407,5,3,3,13,0,30,4
Bizkaia,ETXEBARRIA,,30,4,618,382,1,381,5,376,236,3,5,0,0,0,0,0,0,0,0,0,0,0,0,0,1,0,189,171,0,0,3,1,0,0,0,0,0,0,0,0,2,0,0,0,0,0,1,0
Gipuzkoa,EZKIO-ITSASO,,35,3,491,223,,223,1,222,268,2,2,0,0,0,0,0,0,0,0,0,0,0,0,0,6,0,142,57,0,0,0,0,1,0,1,0,1,0,0,0,10,0,0,0,0,0,0,0
Bizkaia,FORUA,,906,4,763,430,2,428,4,424,333,10,9,0,0,0,0,0,0,0,4,0,1,0,2,0,6,3,184,178,0,1,0,0,1,0,0,1,0,1,0,0,18,0,3,0,0,0,2,0
Bizkaia,FRUIZ,,35,4,430,234,1,233,2,231,196,4,1,0,0,0,0,0,0,0,1,0,0,0,0,0,6,2,91,112,0,1,0,0,2,1,0,1,0,0,0,0,9,0,0,0,0,0,0,0
Gipuzkoa,GABIRIA,,38,3,391,201,,201,2,199,190,0,1,0,0,1,0,0,0,0,0,0,2,0,0,0,4,2,114,72,0,0,0,0,1,0,0,0,0,0,0,0,2,0,0,0,0,0,0,0
Gipuzkoa,GAINTZA,,37,3,99,44,,44,3,41,55,0,0,0,0,0,0,0,0,0,1,0,1,0,0,0,2,2,20,15,0,0,0,0,0,0,0,0,0,0,0,0,0,0,0,0,0,0,0,0
Bizkaia,GALDAKAO,,36,3,24187,10373,131,10242,189,10053,13814,1228,640,9,1,15,2,6,5,4,133,4,294,94,21,3,649,82,2373,3412,10,5,6,25,93,36,4,39,31,3,2,2,732,4,10,1,20,2,46,7
Bizkaia,GALDAMES,,37,2,690,365,25,340,6,334,325,20,2,0,0,0,0,0,0,1,2,0,0,0,0,0,17,1,112,166,0,0,0,0,3,0,0,0,1,0,0,1,8,0,0,0,0,0,0,0
Bizkaia,GAMIZ-FIKA,,38,4,1097,588,6,582,10,572,509,10,12,0,0,1,0,0,0,0,2,0,5,0,0,0,14,0,187,313,1,0,0,0,1,1,0,0,2,0,0,0,21,0,1,0,0,0,1,0
Bizkaia,GARAI,,39,3,246,156,1,155,4,151,90,2,4,0,0,0,0,0,0,0,0,0,3,0,0,0,1,2,64,71,0,0,0,0,0,0,1,0,1,0,0,0,2,0,0,0,0,0,0,0
Bizkaia,GATIKA,,40,4,1278,603,8,595,9,586,675,20,13,0,0,3,0,0,0,0,12,0,2,1,0,1,4,0,194,297,1,0,0,0,3,3,0,1,0,0,1,0,27,0,0,0,0,0,3,0
Bizkaia,GAUTEGIZ ARTEAGA,,41,4,698,412,6,406,4,402,286,9,1,0,0,0,0,0,0,0,2,0,7,0,0,0,5,1,128,230,0,0,0,0,4,0,0,1,1,0,0,0,10,0,1,0,1,0,1,0
Gipuzkoa,GAZTELU,,907,3,131,71,16,55,1,54,60,0,0,1,0,0,0,0,0,0,0,0,0,0,0,0,1,1,38,8,0,0,0,0,0,0,0,0,0,0,0,0,5,0,0,0,0,0,0,0
Bizkaia,GERNIKA-LUMO,,46,4,12816,6412,42,6370,88,6282,6404,387,237,0,2,4,2,0,0,1,13,4,60,12,13,0,175,28,2428,2586,2,2,0,13,30,9,3,11,5,3,1,2,216,2,9,1,6,0,13,2
Gipuzkoa,GETARIA,,39,4,2059,1184,3,1181,23,1158,875,19,20,1,0,0,0,0,0,0,5,0,4,0,3,0,21,1,525,510,0,4,0,3,3,0,0,1,1,0,0,1,29,0,3,0,3,0,1,0
Bizkaia,GETXO,,44,4,63647,31100,210,30890,605,30285,32547,2578,6077,29,7,24,1,9,6,5,215,11,1358,574,30,5,1213,283,4762,9424,21,40,41,63,551,560,7,142,55,4,21,4,1868,9,32,8,66,15,144,23
Bizkaia,GIZABURUAGA,,47,4,159,99,,99,1,98,60,0,0,0,0,0,0,0,0,0,0,0,0,0,0,0,0,0,63,30,0,0,0,0,0,0,0,0,0,0,0,0,5,0,0,0,0,0,0,0
Bizkaia,GORDEXOLA,,42,2,1381,806,24,782,11,771,575,46,64,1,0,0,0,0,0,0,4,0,16,8,0,0,35,5,87,433,0,1,0,0,7,9,0,4,3,0,0,2,35,0,3,0,1,1,2,4
Bizkaia,GORLIZ,,43,4,4375,2107,28,2079,33,2046,2268,94,92,0,0,3,0,0,0,0,10,0,51,23,1,0,79,22,528,929,3,4,0,4,48,15,0,4,1,0,0,0,113,0,4,0,4,0,12,2
Bizkaia,GÜEÑES,,45,2,5099,2771,60,2711,44,2667,2328,285,101,3,2,2,0,1,0,1,18,3,75,6,6,3,80,13,623,1255,3,5,0,6,14,2,1,3,5,1,0,1,118,1,3,0,6,2,17,2
Álava,HARANA/VALLE DE ARANA,,56,2,233,89,,89,,89,144,6,14,1,0,0,0,0,0,0,0,0,4,0,0,0,1,0,16,40,0,0,0,0,1,0,0,0,0,0,0,0,5,0,0,0,1,0,0,0
Gipuzkoa,HERNANI,,40,1,15226,6344,39,6305,92,6213,8882,707,306,10,0,10,1,6,2,0,43,5,114,26,9,2,292,49,3107,958,5,6,3,9,67,12,2,23,5,2,0,12,366,4,6,4,15,1,22,2
Gipuzkoa,HERNIALDE,,41,3,273,86,,86,2,84,187,1,1,0,0,0,0,0,0,0,0,0,0,0,0,1,0,0,53,20,0,0,0,0,3,0,0,0,0,0,0,0,5,0,0,0,0,0,0,0
Gipuzkoa,HONDARRIBIA,,36,2,13080,5238,27,5211,93,5118,7842,482,379,5,0,8,1,0,7,2,29,1,153,26,3,1,218,42,1186,1906,12,7,3,11,90,28,5,25,20,0,0,3,405,8,3,0,20,1,28,0
Gipuzkoa,IBARRA,,42,3,3305,1306,8,1298,19,1279,1999,140,59,3,0,1,0,1,0,0,5,0,11,2,2,0,69,11,557,319,0,0,0,1,7,3,0,6,0,2,2,0,61,1,0,1,2,0,13,0
Bizkaia,IBARRANGELU,,48,4,553,309,2,307,4,303,244,8,2,0,0,1,0,0,0,0,0,0,1,0,0,0,7,0,120,155,0,0,0,0,0,0,0,0,1,0,0,0,7,0,0,0,0,0,1,0
Gipuzkoa,IDIAZABAL,,43,3,1754,757,3,754,14,740,997,15,31,0,0,0,0,0,0,0,1,0,5,3,1,0,17,2,353,296,0,2,0,0,1,1,0,0,0,0,0,0,11,0,1,0,0,0,0,0
Bizkaia,IGORRE,,94,3,3254,1547,2,1545,23,1522,1707,43,30,4,1,2,0,0,0,0,3,0,9,2,3,1,25,6,640,670,1,0,1,0,6,4,0,2,11,0,0,0,51,0,0,1,2,0,2,2
Gipuzkoa,IKAZTEGIETA,,44,3,366,163,1,162,2,160,203,10,3,0,0,0,0,0,0,0,6,0,0,0,0,0,5,0,86,46,0,0,0,0,0,0,0,0,0,0,0,0,4,0,0,0,0,0,0,0
Gipuzkoa,IRUN,,45,2,46652,18646,170,18476,352,18124,28006,4183,2182,22,12,36,6,16,6,11,215,18,967,203,27,4,1398,246,2589,3232,35,17,20,55,265,107,11,125,51,4,5,12,1790,9,13,4,59,6,129,34
Gipuzkoa,IRURA,,46,3,1147,465,5,460,10,450,682,23,12,0,0,0,0,0,0,0,2,0,11,0,1,0,17,7,212,127,0,2,0,3,0,0,0,1,0,1,0,0,29,0,0,1,0,0,1,0
Álava,IRURAIZ-GAUNA,,27,2,419,161,5,156,2,154,258,6,18,0,0,0,0,0,0,0,1,0,6,1,0,0,10,0,52,50,0,0,0,0,3,0,0,0,0,0,0,0,5,0,1,0,1,0,0,0
Álava,IRUÑA OKA/IRUÑA DE OCA,,901,2,2285,898,26,872,12,860,1387,202,142,3,0,5,0,4,0,1,8,1,40,10,2,1,62,10,109,99,1,2,0,7,19,11,1,3,3,0,0,1,93,0,0,0,2,0,16,2
Bizkaia,ISPASTER,,49,4,559,351,5,346,5,341,208,0,4,0,0,0,0,0,0,0,0,0,1,0,0,0,8,1,118,196,0,0,0,0,5,0,0,0,1,0,1,0,6,0,0,0,0,0,0,0
Gipuzkoa,ITSASONDO,,47,3,475,214,,214,8,206,261,14,0,0,0,0,0,0,0,0,1,0,1,1,0,0,6,0,126,48,0,0,0,0,0,0,0,0,0,0,0,0,8,0,0,0,1,0,0,0
Bizkaia,IURRETA,,910,3,3022,1324,16,1308,8,1300,1698,198,113,0,1,2,0,1,1,1,6,0,33,5,1,1,56,14,421,358,2,0,1,3,5,1,0,4,1,0,0,0,60,0,4,0,1,0,6,0
Bizkaia,IZURTZA,,50,3,213,129,2,127,1,126,84,1,2,0,1,0,0,0,0,0,0,0,2,0,0,0,4,0,70,43,0,0,0,0,0,0,0,0,0,0,0,0,2,0,1,0,0,0,0,0
Bizkaia,KARRANTZA HARANA/VALLE DE CARRANZA,,22,2,2411,821,10,811,11,800,1590,63,42,0,0,0,0,0,1,0,3,1,9,0,0,0,34,2,158,456,2,0,1,3,0,2,0,0,1,0,0,0,18,0,1,0,0,0,3,0
Bizkaia,KORTEZUBI,,907,4,356,225,2,223,5,218,131,0,0,0,0,0,0,0,0,0,0,1,1,0,0,0,7,0,77,124,0,0,0,0,1,0,0,0,1,0,0,0,3,0,0,0,2,0,1,0
Álava,KRIPAN,,19,2,149,85,,85,,85,64,0,16,0,0,0,0,0,0,0,0,0,0,0,0,0,0,0,13,50,0,0,0,1,0,0,0,0,0,0,0,0,4,0,1,0,0,0,0,0
Álava,KUARTANGO,,20,2,318,160,2,158,2,156,158,1,16,0,0,1,0,0,0,0,1,0,1,0,0,0,4,0,56,69,0,0,0,0,3,0,0,0,0,0,0,0,2,0,1,0,0,0,0,1
Álava,LABASTIDA/BASTIDA,,28,2,1093,506,7,499,5,494,587,62,164,0,0,0,1,0,0,0,1,0,18,3,2,0,29,1,77,79,2,0,3,5,2,4,1,3,2,0,0,1,29,0,1,0,1,2,1,0
Álava,LAGRÁN,,30,2,151,85,3,82,1,81,66,11,28,0,0,0,0,0,0,0,0,0,1,1,0,0,3,0,7,21,0,0,0,0,2,0,0,0,0,0,0,1,4,0,0,0,0,0,2,0
Álava,LAGUARDIA,,31,2,1221,592,22,570,9,561,629,50,198,0,0,0,0,0,0,1,4,0,11,7,1,0,18,3,87,113,0,0,1,0,4,24,0,0,1,0,0,1,31,2,0,1,0,1,2,0
Álava,LANCIEGO/LANTZIEGO,,32,2,521,235,6,229,1,228,286,43,49,0,0,0,0,0,0,0,4,1,4,1,0,0,18,2,25,56,0,0,0,1,3,0,0,0,0,0,0,0,16,0,2,0,2,0,1,0
Bizkaia,LANESTOSA,,51,2,212,116,2,114,,114,96,14,13,0,0,0,0,0,0,0,1,0,6,0,0,0,8,0,15,43,1,0,1,1,2,0,0,1,0,0,0,0,8,0,0,0,0,0,0,0
Álava,LANTARÓN,,902,2,766,340,11,329,7,322,426,36,80,1,0,2,0,0,0,3,5,0,10,2,0,1,16,1,51,66,1,1,0,1,5,9,0,2,0,0,0,0,24,0,1,0,0,0,4,0
Álava,LAPUEBLA DE LABARCA,,33,2,662,366,5,361,10,351,296,46,72,0,0,0,0,1,0,0,1,0,12,1,0,0,15,1,45,142,0,0,0,0,10,0,0,0,0,0,0,0,4,0,1,0,0,0,0,0
Bizkaia,LARRABETZU,,52,4,1549,1007,2,1005,7,998,542,7,9,0,0,1,0,0,0,0,2,0,8,4,1,1,18,8,546,340,0,3,1,0,11,0,0,4,1,0,0,0,30,0,1,0,2,0,0,0
Gipuzkoa,LARRAUL,,48,3,179,77,,77,1,76,102,3,0,0,0,0,0,0,0,0,0,0,3,0,0,0,2,0,50,15,0,0,0,0,0,0,0,0,0,0,0,0,3,0,0,0,0,0,0,0
Gipuzkoa,LASARTE-ORIA,,902,1,14204,6248,44,6204,111,6093,7956,1656,606,3,2,10,0,7,1,2,52,5,251,40,7,2,332,60,1461,881,10,8,3,13,59,12,1,43,18,1,2,3,478,2,5,0,11,4,37,5
Álava,LAUDIO/LLODIO,,36,3,15134,6479,96,6383,88,6295,8655,867,602,10,0,9,3,2,3,4,56,2,178,30,15,2,376,49,1763,1614,8,4,6,17,57,21,2,27,7,3,2,2,493,4,8,1,7,3,28,10
Bizkaia,LAUKIZ,,53,4,882,461,7,454,12,442,421,14,47,0,0,0,0,0,0,0,4,0,10,4,0,0,8,0,84,255,0,0,0,0,3,2,0,0,1,0,0,0,8,0,0,0,1,0,1,0
Gipuzkoa,LAZKAO,,49,3,4091,1846,11,1835,34,1801,2245,178,60,0,0,2,0,2,1,0,14,0,41,0,3,1,71,13,841,453,0,2,1,3,6,4,1,4,3,0,0,1,86,1,0,0,2,0,7,0
Gipuzkoa,LEABURU,,50,3,276,151,2,149,4,145,125,0,2,0,0,0,0,0,0,0,0,0,0,0,0,0,1,1,99,40,0,0,0,0,0,0,0,0,0,0,0,0,2,0,0,0,0,0,0,0
Gipuzkoa,LEGAZPI,,51,3,6948,2987,31,2956,52,2904,3961,437,189,2,1,1,0,1,0,3,16,0,69,5,3,2,141,16,920,859,3,3,1,5,53,2,0,5,0,1,1,1,142,0,5,1,2,3,10,1
Gipuzkoa,LEGORRETA,,52,3,1104,571,5,566,10,556,533,41,22,0,0,1,0,0,0,0,1,0,5,0,0,0,16,3,260,179,0,1,0,0,4,0,0,0,0,0,0,0,17,0,1,0,0,0,4,1
Álava,LEGUTIO,,58,2,1313,495,2,493,11,482,818,37,18,0,0,0,0,0,2,0,4,1,8,1,3,0,28,3,217,115,0,0,0,0,11,4,0,0,0,0,0,3,25,0,0,0,0,0,2,0
Gipuzkoa,LEINTZ-GATZAGA,,68,4,192,88,,88,6,82,104,0,0,0,0,0,0,0,0,0,0,0,0,0,1,0,1,0,56,23,0,0,0,0,0,0,0,0,0,0,0,0,1,0,0,0,0,0,0,0
Bizkaia,LEIOA,,54,4,23910,10783,106,10677,216,10461,13127,1408,982,12,4,18,1,3,4,5,136,6,463,130,17,3,653,115,1559,3333,16,11,11,28,218,78,8,49,40,0,0,20,983,7,16,2,16,4,85,17
Bizkaia,LEKEITIO,,57,4,5842,3202,13,3189,32,3157,2640,43,44,0,0,0,0,0,0,0,2,2,5,3,2,0,44,5,1620,1296,0,2,0,2,5,1,0,3,5,0,0,0,66,0,2,0,3,0,2,0
Bizkaia,LEMOA,,55,3,2691,1434,26,1408,25,1383,1257,73,37,0,0,2,0,0,0,0,10,0,28,6,1,0,41,7,567,542,1,3,0,3,4,2,0,3,3,0,0,0,44,0,0,0,0,0,3,3
Bizkaia,LEMOIZ,,56,4,943,504,6,498,4,494,439,7,7,0,0,1,0,0,0,0,4,0,0,0,0,1,15,2,161,257,0,1,0,0,10,0,0,3,2,0,0,0,21,0,0,0,0,0,1,1
Álava,LEZA,,34,2,167,96,1,95,,95,71,13,5,0,0,0,0,0,0,0,0,0,1,0,1,0,5,0,29,32,1,0,0,1,1,0,0,0,0,0,0,0,4,0,1,0,0,0,1,0
Bizkaia,LEZAMA,,81,4,1919,1037,6,1031,26,1005,882,43,25,0,0,0,0,1,0,1,7,0,14,1,0,0,32,7,283,529,0,0,1,0,7,4,0,0,2,0,0,0,43,0,1,0,0,0,2,2
Gipuzkoa,LEZO,,53,2,4801,1856,20,1836,26,1810,2945,186,52,1,0,6,0,3,2,0,20,0,59,8,2,0,91,11,859,317,2,3,1,4,18,0,0,4,1,0,0,0,147,0,1,1,1,0,8,2
Gipuzkoa,LIZARTZA,,54,3,464,274,2,272,3,269,190,1,3,0,0,0,0,0,0,0,1,0,0,0,0,0,2,0,218,41,0,0,0,0,0,0,0,0,1,0,0,0,2,0,0,0,0,0,0,0
Bizkaia,LOIU,,903,4,1836,1021,18,1003,13,990,815,25,78,0,0,1,1,0,0,1,9,1,27,12,1,1,27,5,147,586,0,0,0,3,6,6,0,3,1,0,0,0,42,0,0,1,0,1,4,1
Bizkaia,MALLABIA,,58,3,987,479,5,474,6,468,508,33,12,0,0,0,0,0,0,0,1,0,5,2,2,0,10,3,218,152,0,0,0,0,5,0,0,1,2,2,0,0,17,1,1,0,0,0,1,0
Bizkaia,MARKINA-XEMEIN,,60,4,3670,1609,7,1602,16,1586,2061,20,41,0,0,0,0,0,0,0,2,1,13,0,0,1,32,7,719,689,0,0,0,2,8,1,0,0,1,0,0,0,40,3,5,0,1,0,0,0
Bizkaia,MARURI-JATABE,,61,4,753,411,3,408,,408,342,10,14,0,0,1,0,0,0,0,4,0,13,1,0,0,12,5,112,203,0,0,0,1,5,2,0,0,0,0,0,0,19,0,0,0,0,0,4,2
Bizkaia,MAÑARIA,,59,3,406,263,4,259,1,258,143,3,3,0,0,1,0,0,0,0,0,0,1,0,0,0,1,0,125,114,2,0,0,0,2,0,0,2,0,0,0,0,4,0,0,0,0,0,0,0
Gipuzkoa,MENDARO,,901,4,1454,599,2,597,8,589,855,53,18,0,0,1,0,0,0,0,2,0,5,3,2,1,28,11,207,209,0,0,0,1,10,1,1,1,3,0,0,0,30,0,0,0,2,0,0,0
Bizkaia,MENDATA,,62,4,305,181,,181,3,178,124,0,1,0,0,0,0,0,0,1,0,0,0,0,0,0,0,0,65,105,0,0,0,0,1,0,0,0,0,0,0,0,4,0,1,0,0,0,0,0
Bizkaia,MENDEXA,,63,4,365,223,2,221,3,218,142,5,3,0,0,0,0,0,0,0,1,0,0,0,0,0,4,1,101,93,0,1,0,0,0,0,0,0,0,0,0,0,9,0,0,0,0,0,0,0
Bizkaia,MEÑAKA,,64,4,607,367,4,363,9,354,240,6,2,0,0,0,0,0,0,0,1,0,1,0,0,0,4,1,156,167,0,1,0,0,0,0,0,0,0,0,0,0,14,0,1,0,0,0,0,0
Álava,MOREDA DE ÁLAVA/MOREDA ARABA,,39,2,211,118,6,112,,112,93,26,16,0,0,0,0,0,0,0,0,0,5,3,0,0,10,1,14,28,0,0,0,0,1,0,0,1,0,0,0,0,7,0,0,0,0,0,0,0
Bizkaia,MORGA,,66,4,353,224,1,223,,223,129,0,1,0,0,0,0,0,0,0,2,0,0,1,0,0,1,0,68,138,0,0,0,0,3,0,0,0,0,0,0,0,9,0,0,0,0,0,0,0
Bizkaia,MUNDAKA,,68,4,1572,905,10,895,4,891,667,17,10,0,0,0,0,0,0,0,1,0,2,2,0,0,21,5,255,560,0,2,0,0,3,0,0,0,0,0,0,0,11,0,1,0,0,1,0,0
Bizkaia,MUNGIA,,69,4,12679,5704,75,5629,65,5564,6975,305,367,3,3,5,0,2,3,8,48,1,107,44,5,0,179,52,1343,2642,4,4,2,6,67,22,2,16,3,0,0,1,291,4,4,1,5,1,12,2
Álava,MUNICIPIO CERA ARABA,,999,99,5135,139,9,130,3,127,4996,19,18,0,0,0,0,0,0,0,1,0,12,2,1,0,10,1,23,26,0,0,0,0,4,1,0,0,0,0,1,0,7,0,0,0,0,1,0,0
Bizkaia,MUNICIPIO CERA BIZKAIA,,999,99,32586,769,1,768,17,751,31817,127,133,0,1,4,1,0,0,0,16,2,31,10,5,0,27,1,104,205,1,4,0,4,14,14,1,4,4,0,1,1,20,3,2,1,6,1,3,0
Gipuzkoa,MUNICIPIO CERA GIPUZKOA,,999,99,22485,652,9,643,1,642,21833,113,65,1,0,4,0,2,1,0,6,0,27,8,7,0,35,4,141,134,1,0,0,3,19,10,0,10,3,0,0,1,39,0,0,0,3,1,4,0
Bizkaia,MUNITIBAR-ARBATZEGI GERRIKAITZ-,,7,4,373,194,,194,,194,179,1,2,0,0,0,0,0,0,0,1,0,0,0,0,0,2,0,113,74,0,0,0,0,0,0,0,0,0,0,0,0,1,0,0,0,0,0,0,0
Bizkaia,MURUETA,,908,4,244,152,,152,2,150,92,3,3,0,0,0,0,0,0,0,0,0,1,0,0,0,1,2,62,75,0,0,0,0,0,1,0,0,0,0,0,0,1,0,0,0,0,1,0,0
Bizkaia,MUSKIZ,,71,2,6158,2827,51,2776,61,2715,3331,443,99,3,0,8,0,0,1,0,33,3,54,17,2,1,161,16,535,1056,3,2,1,9,39,6,1,8,7,0,1,5,182,2,2,0,4,0,9,2
Gipuzkoa,MUTILOA,,57,3,198,70,,70,1,69,128,0,0,0,0,0,0,0,0,0,0,0,0,0,0,0,1,0,50,15,0,0,0,0,0,0,0,0,0,0,0,0,3,0,0,0,0,0,0,0
Gipuzkoa,MUTRIKU,,56,4,4096,1742,24,1718,13,1705,2354,52,58,0,0,0,1,0,0,0,12,0,15,3,2,0,46,1,776,647,0,1,0,0,31,0,0,0,2,0,0,0,53,0,1,0,0,0,4,0
Bizkaia,MUXIKA,,67,4,1173,651,4,647,1,646,522,6,5,0,0,0,0,0,0,0,1,0,1,1,0,0,11,2,312,278,0,1,0,0,2,0,0,1,0,0,0,0,23,0,0,0,0,0,1,1
Bizkaia,NABARNIZ,,909,4,194,136,2,134,1,133,58,0,0,0,0,0,0,0,0,0,0,0,0,0,0,0,2,1,82,43,0,0,0,0,0,0,0,0,0,0,0,0,4,0,0,0,0,0,0,1
Álava,NAVARIDAS,,41,2,152,85,2,83,2,81,67,5,32,0,0,0,0,0,0,0,1,1,4,0,0,0,1,1,2,29,0,0,0,0,2,0,0,0,0,0,0,0,3,0,0,0,0,0,0,0
Gipuzkoa,OIARTZUN,,63,2,7910,3820,22,3798,52,3746,4090,143,80,1,0,3,0,0,0,2,18,1,36,9,4,0,125,16,2425,681,0,4,0,5,27,7,1,6,2,0,0,1,130,2,1,0,4,0,8,4
Álava,OKONDO,,42,3,901,416,10,406,5,401,485,13,20,0,0,0,0,0,0,0,6,0,7,2,1,0,9,7,160,154,1,0,0,0,3,1,0,1,0,0,1,0,13,0,0,0,0,0,2,0
Gipuzkoa,OLABERRIA,,58,3,772,351,5,346,16,330,421,52,19,0,1,0,0,0,0,0,4,0,7,0,0,0,7,1,102,97,0,0,0,1,4,0,0,0,1,0,0,0,30,0,0,0,1,0,3,0
Bizkaia,ONDARROA,,73,4,7036,3395,40,3355,39,3316,3641,76,107,1,0,0,1,0,0,0,12,1,6,3,0,1,77,7,1770,1163,0,1,0,0,9,4,0,0,2,0,0,0,64,0,7,0,1,0,2,1
Gipuzkoa,ORDIZIA,,76,3,7038,3159,14,3145,57,3088,3879,362,180,0,0,3,2,0,0,1,17,2,62,8,3,0,161,21,1177,821,5,2,2,3,28,5,0,2,2,1,0,0,207,0,1,0,3,0,6,1
Gipuzkoa,ORENDAIN,,905,3,148,85,,85,2,83,63,0,1,0,0,0,0,0,0,0,0,0,1,0,1,0,2,1,52,22,0,0,0,0,0,0,0,0,0,0,0,1,2,0,0,0,0,0,0,0
Gipuzkoa,OREXA,,60,3,89,71,,71,3,68,18,0,0,0,0,0,0,0,0,0,0,0,0,0,0,0,0,1,66,1,0,0,0,0,0,0,0,0,0,0,0,0,0,0,0,0,0,0,0,0
Gipuzkoa,ORIO,,61,4,4209,1619,11,1608,15,1593,2590,92,43,2,0,1,0,0,0,0,5,0,16,2,2,0,36,14,591,686,2,1,2,1,4,4,0,3,3,0,0,0,73,0,0,0,3,0,6,1
Gipuzkoa,ORMAIZTEGI,,62,3,980,437,3,434,7,427,543,14,10,0,0,2,0,0,0,0,4,0,2,1,0,0,6,1,176,185,0,0,0,2,0,0,0,1,0,0,0,0,21,0,0,0,0,0,2,0
Bizkaia,OROZKO,,75,3,1994,944,32,912,17,895,1050,16,35,0,0,1,0,0,0,0,6,1,3,5,4,1,9,9,257,499,0,0,0,2,6,4,0,4,0,0,0,0,25,1,1,0,0,1,4,1
Bizkaia,ORTUELLA,,83,2,6991,3220,42,3178,70,3108,3771,683,122,4,1,7,0,3,1,3,36,0,68,20,10,0,247,9,501,933,4,2,0,11,24,8,0,12,4,2,1,1,353,1,2,0,6,0,24,5
Bizkaia,OTXANDIO,,72,3,999,595,5,590,6,584,404,15,11,0,0,0,0,0,0,0,1,0,2,0,0,0,10,1,324,203,0,0,1,0,3,0,0,0,2,0,0,0,10,0,0,0,1,0,0,0
Álava,OYÓN-OION,,43,2,2329,1019,16,1003,15,988,1310,165,215,0,0,2,0,0,0,0,11,0,49,15,2,3,69,7,168,153,2,0,0,4,10,7,0,5,2,0,0,0,89,0,0,0,3,1,5,1
Gipuzkoa,OÑATI,,59,4,8882,4162,10,4152,40,4112,4720,192,132,0,0,4,0,1,0,1,12,1,37,2,3,0,127,16,1981,1456,1,4,2,1,30,2,2,4,1,1,0,0,87,0,1,0,3,2,5,1
Gipuzkoa,PASAIA,,64,2,12422,4739,39,4700,65,4635,7683,736,332,3,2,9,2,3,5,2,52,1,159,34,6,1,250,61,1363,999,6,6,2,19,50,10,5,18,10,3,1,5,407,4,4,0,20,3,34,8
Álava,PEÑACERRADA-URIZAHARRA,,44,2,236,119,,119,2,117,117,18,27,0,0,1,0,0,0,0,0,0,3,0,0,0,8,1,31,20,0,0,0,0,2,0,0,0,0,0,0,1,3,0,0,0,0,0,2,0
Bizkaia,PLENTZIA,,77,4,3411,1645,18,1627,21,1606,1766,69,100,0,0,0,2,1,0,0,20,1,35,14,2,0,57,9,408,745,2,1,0,2,24,7,2,3,2,0,0,0,88,0,2,0,2,0,7,1
Bizkaia,PORTUGALETE,,78,2,39341,17217,163,17054,353,16701,22124,3891,1823,19,4,54,5,7,8,3,180,7,608,107,20,1,1448,130,2296,4064,24,12,6,42,203,53,7,71,28,7,6,27,1355,5,14,3,35,16,106,6
Álava,RIBERA BAJA/ERRIBERA BEITIA,,47,2,980,400,22,378,8,370,580,72,92,1,0,1,0,0,0,1,8,0,17,4,2,0,19,3,23,74,0,0,0,0,13,4,0,3,0,1,0,0,28,0,1,1,1,0,1,0
Álava,SAMANIEGO,,52,2,234,149,1,148,3,145,85,33,11,0,0,2,0,0,0,0,0,0,3,1,1,0,6,1,32,47,0,1,0,0,0,0,0,0,2,0,1,0,2,0,0,0,2,0,0,0
Álava,SAN MILLÁN/DONEMILIAGA,,53,2,597,190,2,188,3,185,407,4,25,0,0,0,0,0,0,0,2,0,7,0,0,1,10,0,69,44,0,0,0,0,5,0,0,2,1,0,0,0,12,0,1,0,1,0,1,0
Bizkaia,SANTURTZI,,82,2,38150,16190,184,16006,279,15727,21960,3234,1307,10,2,28,3,6,5,7,143,6,496,104,14,2,1345,125,2800,4274,29,9,11,38,194,53,7,49,23,3,1,2,1236,7,14,2,20,5,99,14
Gipuzkoa,SEGURA,,70,3,1095,554,,554,11,543,541,5,4,0,0,0,1,0,0,0,0,0,2,0,0,0,8,3,322,182,0,0,0,0,0,0,0,0,0,0,0,0,9,0,4,0,0,0,2,1
Bizkaia,SESTAO,,84,2,22951,9644,130,9514,160,9354,13307,2168,803,9,3,35,0,4,0,0,107,3,271,52,12,0,746,100,1266,2765,10,5,4,29,91,22,3,35,18,0,2,5,686,8,10,1,13,3,61,4
Bizkaia,SONDIKA,,904,4,3558,1816,36,1780,34,1746,1742,133,117,0,0,3,0,1,0,0,10,1,38,10,3,0,61,9,305,920,1,1,1,3,18,6,1,7,0,0,0,2,80,0,3,2,1,0,9,0
Bizkaia,SOPELA,,85,4,10109,4575,36,4539,52,4487,5534,355,186,5,0,9,0,1,1,2,42,1,120,40,9,1,250,47,1335,1483,3,5,4,13,93,9,2,35,9,1,2,1,371,2,1,1,10,3,32,3
Bizkaia,SOPUERTA,,86,2,2053,855,19,836,11,825,1198,68,31,0,0,2,0,0,0,1,6,0,15,2,1,0,59,3,230,329,2,3,1,1,9,2,0,4,1,0,0,0,46,0,3,1,0,0,5,0
Gipuzkoa,SORALUZE-PLACENCIA DE LAS ARMAS,,65,4,3101,1387,16,1371,10,1361,1714,207,120,0,0,2,0,0,0,1,5,1,21,0,1,0,41,7,516,378,0,0,0,0,9,2,0,0,0,0,0,1,39,1,2,0,0,0,4,3
Bizkaia,SUKARRIETA,,76,4,306,183,1,182,4,178,123,6,3,0,0,0,0,0,0,0,2,0,0,1,0,0,6,1,46,106,0,0,0,0,1,0,0,0,1,0,0,0,5,0,0,0,0,0,0,0
Gipuzkoa,TOLOSA,,71,3,14737,6265,34,6231,118,6113,8472,468,354,2,0,6,1,1,2,1,26,2,88,17,3,1,247,37,2285,2059,1,12,5,10,72,11,0,12,9,0,1,1,327,3,6,0,14,1,24,4
Bizkaia,TRUCIOS-TURTZIOZ,,87,2,444,269,18,251,2,249,175,13,15,0,0,1,0,0,0,0,1,0,3,0,0,0,5,2,44,154,0,0,0,0,1,0,0,3,0,0,0,0,6,0,1,0,0,0,0,0
Bizkaia,UBIDE,,88,3,141,95,,95,2,93,46,2,6,0,0,0,0,0,0,0,0,0,0,0,0,0,3,0,59,22,0,0,0,0,0,0,0,0,0,0,0,0,1,0,0,0,0,0,0,0
Bizkaia,UGAO-MIRABALLES,,65,3,3312,1655,18,1637,16,1621,1657,163,80,1,0,1,1,0,0,0,10,1,26,7,0,0,67,3,523,604,5,0,0,5,11,4,1,2,3,0,2,3,85,1,3,0,4,0,4,1
Bizkaia,URDULIZ,,89,4,3161,1511,18,1493,29,1464,1650,101,53,2,0,2,0,0,1,1,25,1,26,10,4,0,82,8,397,602,0,3,0,3,32,3,0,2,1,0,0,0,86,0,2,0,1,2,11,3
Bizkaia,URDUÑA/ORDUÑA,,74,3,3355,1699,24,1675,28,1647,1656,131,104,1,0,1,1,1,3,3,6,1,25,4,2,0,71,4,519,631,2,0,7,2,13,5,4,2,0,1,0,0,81,3,6,0,8,0,4,1
Álava,URKABUSTAIZ,,54,2,952,468,2,466,3,463,484,11,24,1,0,0,0,0,0,0,2,0,3,0,3,1,17,3,219,116,0,2,0,0,15,1,0,5,0,0,0,0,35,0,0,0,0,0,5,0
Gipuzkoa,URNIETA,,72,1,4666,1784,22,1762,28,1734,2882,273,119,1,3,3,0,0,1,0,12,4,53,6,6,0,95,8,515,419,1,0,1,2,18,7,0,36,2,0,1,18,108,0,3,0,4,2,13,0
Gipuzkoa,URRETXU,,77,3,5284,2333,23,2310,54,2256,2951,360,108,3,2,0,0,1,0,0,14,1,46,11,3,1,102,20,713,674,5,2,0,4,13,4,2,4,3,1,1,2,133,0,5,0,4,8,6,0
Gipuzkoa,USURBIL,,73,1,4707,2070,6,2064,42,2022,2637,146,56,0,0,1,0,0,0,1,6,2,33,12,4,0,65,12,1205,361,0,2,0,0,11,6,1,6,2,2,0,0,81,1,1,0,2,0,2,1
Álava,VALDEGOVÍA/GAUBEA,,55,2,853,360,8,352,11,341,493,35,77,0,0,0,0,1,0,0,1,0,5,4,0,1,11,4,63,103,0,1,1,1,6,2,0,3,0,0,0,0,17,1,0,0,0,0,4,0
Bizkaia,VALLE DE TRÁPAGA-TRAPAGARAN,,80,2,10029,4316,98,4218,92,4126,5713,971,222,1,0,14,1,2,0,1,34,3,105,28,9,2,306,38,723,1264,3,2,1,10,32,12,1,9,8,0,0,2,283,1,0,0,1,0,32,5
Gipuzkoa,VILLABONA,,75,3,4386,1731,13,1718,29,1689,2655,166,80,2,0,1,0,0,0,0,7,0,37,8,0,0,69,14,754,424,2,2,0,3,12,0,4,2,2,1,0,0,89,1,0,0,4,0,4,1
Álava,VILLABUENA DE ÁLAVA/ESKUERNAGA,,57,2,254,156,6,150,5,145,98,4,18,0,0,0,0,0,0,0,0,0,3,0,0,0,1,0,50,63,0,0,0,0,2,0,0,0,0,0,0,0,3,0,0,0,0,0,1,0
Álava,VITORIA-GASTEIZ,,59,1,186347,80800,1516,79284,1310,77974,105547,13176,13617,110,43,162,14,73,27,42,886,40,4116,1054,141,43,5331,797,13545,11150,120,99,68,422,2654,762,57,444,267,38,18,43,7590,41,94,46,207,29,516,92
Álava,YÉCORA/IEKORA,,60,2,212,118,2,116,1,115,94,7,49,0,0,0,0,0,0,0,0,0,5,1,0,0,4,3,7,33,0,0,0,0,0,0,0,0,2,0,0,0,4,0,0,0,0,0,0,0
Bizkaia,ZALDIBAR,,95,3,2368,1017,7,1010,16,994,1351,141,81,5,0,0,0,1,1,1,11,1,17,2,2,0,49,6,363,248,0,0,1,2,7,1,0,1,0,0,0,0,46,0,1,0,0,0,4,2
Gipuzkoa,ZALDIBIA,,78,3,1168,682,7,675,3,672,486,17,5,0,0,0,0,0,0,0,1,0,1,0,0,0,11,3,508,108,0,0,0,0,2,0,0,0,0,0,0,0,15,0,1,0,0,0,0,0
Álava,ZALDUONDO,,61,2,153,95,2,93,3,90,58,4,4,0,0,0,0,0,0,0,0,0,0,0,0,0,1,0,28,42,0,0,0,0,3,0,0,0,1,0,0,0,7,0,0,0,0,0,0,0
Bizkaia,ZALLA,,96,2,6711,3371,97,3274,44,3230,3340,353,130,1,2,3,0,1,0,2,33,0,73,10,3,0,167,39,562,1600,2,3,2,10,26,9,2,6,6,0,0,0,161,3,3,1,3,1,10,3
Álava,ZAMBRANA,,62,2,330,135,1,134,8,126,195,8,42,0,0,1,0,0,0,0,1,0,8,0,1,0,5,4,15,22,0,0,0,1,0,0,0,1,0,0,0,0,15,0,0,0,0,0,1,1
Bizkaia,ZAMUDIO,,905,4,2595,1389,21,1368,18,1350,1206,101,54,0,0,2,0,0,0,0,10,0,19,4,0,0,46,9,385,659,1,0,1,2,3,2,0,2,1,0,0,1,40,0,2,0,2,0,4,0
Bizkaia,ZARATAMO,,97,3,1330,621,13,608,15,593,709,74,26,1,1,1,0,1,0,1,8,0,10,3,0,0,29,4,198,195,0,0,1,2,2,0,0,1,0,0,0,0,31,1,0,0,1,0,1,1
Gipuzkoa,ZARAUTZ,,79,4,17728,7816,49,7767,131,7636,9912,715,510,2,2,13,0,2,1,0,45,2,176,55,5,0,273,71,2415,2660,2,17,8,8,81,21,1,21,14,1,0,1,470,2,3,0,11,1,26,1
Bizkaia,ZEANURI,,24,3,1013,634,7,627,5,622,379,5,8,0,0,0,0,0,0,0,3,0,2,0,0,0,6,1,267,318,0,1,0,0,0,0,0,2,0,0,0,1,8,0,0,0,0,0,0,0
Bizkaia,ZEBERIO,,25,3,889,513,10,503,3,500,376,9,7,2,0,0,0,0,0,0,3,0,0,1,0,0,8,0,210,239,0,1,0,1,2,0,2,1,0,0,0,0,12,0,0,0,1,0,1,0
Gipuzkoa,ZEGAMA,,25,3,1158,512,7,505,4,501,646,13,3,1,0,1,0,0,0,0,2,0,4,0,0,0,7,0,277,182,0,2,1,0,0,0,0,0,0,0,0,0,7,0,1,0,0,0,0,0
Gipuzkoa,ZERAIN,,26,3,208,121,,121,3,118,87,0,0,0,0,0,0,0,0,0,0,0,1,0,0,0,2,0,62,51,0,0,0,0,1,0,0,0,0,0,0,0,1,0,0,0,0,0,0,0
Gipuzkoa,ZESTOA,,27,4,2813,1343,17,1326,20,1306,1470,27,12,0,0,0,1,0,0,0,4,0,7,5,1,0,30,9,747,427,0,1,2,1,4,2,0,2,0,0,0,0,19,0,1,0,0,1,3,0
Bizkaia,ZIERBENA,,913,2,1259,608,13,595,10,585,651,30,21,0,0,0,0,0,0,0,1,0,6,0,1,0,27,6,139,319,0,0,0,2,3,0,1,0,2,0,0,0,25,0,1,0,1,0,0,0
Álava,ZIGOITIA,,18,2,1387,579,8,571,9,562,808,57,35,0,0,0,0,0,0,1,9,0,6,7,0,0,32,8,205,145,0,0,0,1,16,1,0,3,0,0,0,0,30,1,2,0,1,0,2,0
Bizkaia,ZIORTZA - BOLIBAR,,915,4,366,184,,184,1,183,182,0,1,0,0,0,0,0,0,0,0,0,1,0,0,0,4,1,101,73,0,0,0,0,1,0,0,0,0,0,0,0,1,0,0,0,0,0,0,0
Gipuzkoa,ZIZURKIL,,28,3,2291,942,10,932,18,914,1349,96,41,1,0,1,0,1,0,0,9,0,16,1,1,0,48,2,440,206,1,2,0,0,2,0,0,2,1,0,0,0,40,0,1,0,1,0,1,0
Álava,ZUIA,,63,2,1806,851,14,837,20,817,955,67,78,1,0,3,0,0,0,1,11,0,23,7,2,1,21,5,249,237,1,2,0,3,28,10,0,3,5,0,0,0,49,0,1,0,0,0,9,0
Gipuzkoa,ZUMAIA,,81,4,7433,3279,26,3253,43,3210,4154,361,97,3,2,2,0,1,2,0,17,0,45,8,3,0,119,18,1240,1066,0,3,0,2,27,6,3,8,4,0,0,0,152,1,8,1,5,0,6,0
Gipuzkoa,ZUMARRAGA,,80,3,8011,3418,40,3378,68,3310,4593,909,224,1,0,6,0,8,4,3,25,2,73,9,3,0,200,22,699,768,3,3,5,13,30,4,2,9,5,2,2,2,246,1,1,0,5,1,18,2
