dyn_id,person_id,emp_start_year,emp_end_year,cal_stream,max_year
2,9581,-2847,-2736,,112
2,9583,-2732,-2697,,36
2,5739,-2693,-2597,,97
2,9584,,,,
2,9585,-2592,-2513,,80
2,9586,-2509,-2435,,75
2,9587,-2431,-2365,,67
2,9588,-2361,-2357,,5
2,9589,-2351,-2254,,98
2,9590,-2250,-2207,,44
3,9591,-2145,-2105,,41
3,9592,-2101,-2076,,26
3,9593,-2072,-2047,,26
3,9594,-2043,-2035,,9
3,9595,-2031,-2007,,25
3,9596,-1963,-1945,,19
3,9597,-1941,-1928,,14
3,9598,-1924,-1884,,41
3,9599,-1880,-1866,,15
3,9600,-1862,-1850,,13
3,9601,-1846,-1791,,56
3,9602,-1787,-1770,,18
3,9603,-1766,-1749,,18
3,9604,-1745,-1718,,28
3,9605,-1714,-1707,,8
3,9606,-1703,-1688,,16
3,9607,-1684,-1657,,28
4,4538,-1653,-1624,,30
4,9608,-1624,-1622,,3
4,9609,-1622,-1619,,4
4,9610,-1619,-1607,,13
4,9611,-1607,-1587,,21
4,9612,-1587,-1562,,26
4,9613,-1562,-1545,,18
4,9614,-1545,-1533,,13
4,9615,-1533,-1458,,76
4,9616,-1458,-1447,,12
4,9617,-1447,-1432,,16
4,9618,-1432,-1423,,10
4,9619,-1423,-1404,,20
4,9620,-1404,-1388,,17
4,9621,-1388,-1363,,26
4,9622,-1363,-1331,,33
4,9623,-1331,-1302,,30
4,9624,-1302,-1285,,18
4,9625,-1285,-1257,,29
4,9626,-1257,-1254,,4
4,9627,-1254,-1245,,10
4,9628,-1245,-1187,,59
4,9629,-1187,-1176,,12
4,9630,-1176,-1156,,21
4,9631,-1156,-1147,,10
4,9632,-1147,-1130,,18
4,4539,-1130,-1115,,16
4,9633,-1115,-1104,,12
4,4540,-1104,-1085,,20
4,9634,-1085,-1044,,42
5,5350,-1055,-1049,,7
5,5570,-1048,-1042,,7
5,9635,-1041,-1035,,7
5,9636,-1041,-1005,,37
5,9637,-1004,-976,,29
5,9638,-976,-955,,22
5,5122,-955,-916,,40
5,9639,-916,-898,,19
5,9640,-898,-871,,28
5,9641,-871,-864,,8
5,9642,-864,-856,,9
5,9643,-856,-840,,17
5,9644,-840,-826,,15
5,9645,-826,-780,,47
5,9646,-780,-770,,11
5,9647,-769,-718,,52
5,9648,-718,-695,,24
5,9649,-695,-680,,16
5,9650,-680,-675,,6
5,9651,-675,-650,,26
5,9652,-650,-617,,34
5,9653,-617,-611,,7
5,9654,-611,-605,,7
5,9655,-605,-584,,22
5,9656,-584,-570,,15
5,9657,-570,-543,,28
5,9658,-543,-519,,25
5,9659,-519,-518,,2
5,9660,-518,-474,,45
5,9661,-474,-467,,8
5,9662,-467,-440,,28
5,9663,-440,-440,,1
5,9664,-440,-439,,2
5,9665,-439,-424,,16
5,9666,-424,-400,,25
5,9667,-400,-374,,27
5,9668,-374,-367,,8
5,9669,-367,-319,,49
5,9670,-319,-313,,7
5,9671,-313,-255,,59
5,9672,-254,-248,,7
10,9673,-1044,-996,,49
10,9674,-996,-992,,5
10,9675,-992,-986,,7
10,9676,-986,-972,,15
10,9677,-972,-922,,51
10,9678,-922,-885,,38
10,9679,-885,-853,,33
10,9680,-853,-824,,30
10,9681,-824,-814,,11
10,9682,-814,-805,,10
10,9683,-805,-795,,11
10,9684,-795,-767,,29
10,9685,-767,-721,,47
10,9686,-721,-710,,12
10,9687,-710,-692,,19
10,9688,-692,-660,,33
10,9689,-660,-660,,1
10,9690,-660,-658,,3
10,9691,-658,-625,,34
10,9692,-625,-607,,19
10,9693,-607,-589,,19
10,9694,-589,-571,,19
10,9695,-571,-541,,31
10,9696,-541,-540,,2
10,9697,-540,-508,,33
10,9698,-508,-493,,16
10,9699,-493,-466,,28
10,9700,-466,-435,,32
10,9701,-435,-414,,22
10,9702,-414,-381,,34
10,9703,-381,-351,,31
10,9704,-351,-342,,10
10,9705,-342,-321,,22
10,9706,-321,-301,,21
10,9707,-301,-278,,24
10,9708,-278,-255,,24
11,9709,,,,
11,9710,,,,
11,9711,,,,
11,9712,,,,
11,9713,,,,
11,9714,-861,-858,,4
11,9715,-858,-849,,10
11,9716,-849,-823,,27
11,9717,-823,-814,,10
11,9718,-814,-802,,13
11,9719,,-793,,
11,9720,-793,-729,,65
11,9721,-729,-696,,34
11,9722,-696,-685,,12
11,9723,-685,-684,,2
11,9724,-684,-642,,43
11,9725,-642,-641,,2
11,9726,-641,-631,,11
11,9727,-631,-612,,20
11,9728,-612,-611,,2
11,9729,-611,-607,,5
11,9730,-607,-597,,11
11,9731,-597,-580,,18
11,9732,-580,-552,,29
11,9733,-552,-546,,7
11,9734,-546,-488,,59
11,9735,-488,-487,,2
11,9736,-487,-483,,5
11,9737,-483,-479,,5
11,9738,-479,-454,,26
11,9739,-454,-403,,52
11,9740,-403,-403,,1
11,9741,-403,-382,,22
11,9742,-382,-373,,10
11,9743,-373,-355,,19
11,9744,-355,-318,,38
11,9745,-318,-299,,20
11,9746,-299,-282,,18
11,9747,-282,-263,,20
11,9748,-263,-220,,44
14,9749,,,,
14,9750,,,,
14,9751,,,,
14,9752,,,,
14,9753,,,,
14,9754,-857,-839,,19
14,9755,-839,-821,,19
14,9756,-821,-810,,12
14,9757,-810,-783,,28
14,9758,-783,-779,,5
14,9759,-779,-744,,36
14,9760,-744,-738,,7
14,9761,-738,-722,,17
14,9762,-722,-716,,7
14,9763,-716,-707,,10
14,9764,-707,-703,,5
14,9765,-703,-743,,-39
14,9766,-743,-729,,15
14,9767,-729,-714,,16
14,9768,-714,-675,,40
14,9769,-675,-649,,27
14,9770,-649,-636,,14
14,9771,-636,-635,,2
14,9772,-635,-626,,10
14,9773,-626,-619,,8
14,9774,-619,-605,,15
14,9775,-605,-598,,8
14,9776,-598,-579,,20
14,9777,-579,-571,,9
14,9778,-571,-556,,16
14,9779,-556,-530,,27
14,9780,-530,-524,,7
14,9781,-524,-510,,15
14,9782,-510,-473,,38
14,9783,-473,-450,,24
14,9784,-450,-432,,19
14,9785,-432,-414,,19
14,9786,-414,-387,,28
14,9787,-387,-355,,33
14,9788,-355,-348,,8
15,9789,-899,-857,,43
15,9790,-857,-845,,13
15,9791,-845,-844,,2
15,9792,-844,-821,,24
15,9793,-821,-776,,46
15,9794,-776,-764,,13
15,9795,-764,-715,,50
15,9796,-715,-714,,2
15,9797,-714,-702,,13
15,9798,-702,-696,,7
15,9799,-696,-676,,21
15,9800,-676,-674,,3
15,9801,-674,-662,,13
15,9802,-662,-658,,5
15,9803,-658,-619,,40
15,9804,-619,-607,,13
15,9805,-607,-602,,6
15,9806,-602,-575,,28
15,9807,-575,-535,,41
15,9808,-535,-500,,36
15,9809,-500,-499,,2
15,9810,-499,-489,,11
15,9811,-489,-475,,15
15,9812,-475,-441,,35
15,9813,-441,-427,,15
15,9814,-427,-423,,5
15,9815,-423,-413,,11
15,9816,-413,-398,,16
15,9817,-398,-385,,14
15,9818,-385,-383,,3
15,9819,-383,-360,,24
15,9820,-360,-336,,25
15,9821,-336,-309,,28
15,9822,-309,-305,,5
15,9823,-305,-249,,57
15,9824,-249,-248,,2
15,9825,-248,-246,,3
16,9826,,,,
16,9827,,,,
16,9828,,,,
16,9829,,,,
16,9830,,,,
16,9831,,,,
16,9832,,,,
16,9833,,,,
16,9834,,,,
16,9835,,,,
16,9836,,,,
16,9837,-845,-836,,10
16,9838,-836,-826,,11
16,9839,-826,-820,,7
16,9840,-820,-798,,23
16,9841,-798,-789,,10
16,9842,-789,-762,,28
16,9843,-762,-756,,7
16,9844,-756,-739,,18
16,9845,-739,-688,,52
16,9846,-688,-673,,16
16,9847,-673,-670,,4
16,9848,-670,-624,,47
16,9849,-624,-612,,13
16,9850,-612,-589,,24
16,9851,-589,-558,,32
16,9852,-558,-543,,16
16,9853,-543,-539,,5
16,9854,-539,-528,,12
16,9855,-528,-527,,2
16,9856,-527,-514,,14
16,9857,-514,-487,,28
16,9858,-487,-430,,58
16,9859,-430,-406,,25
16,9860,-406,-400,,7
16,9861,-400,-379,,22
16,9862,-379,-368,,12
16,9863,-368,-338,,31
16,9864,-338,-327,,12
16,1890,-327,-297,,31
16,1891,-297,-261,,37
16,1892,-261,-236,,26
16,1893,-236,-227,,10
16,1894,-227,-226,,2
16,1895,-226,-222,,5
16,1896,-222,-222,,1
16,5084,-209,-208,,2
16,9865,-208,-208,,1
16,9866,-208,-205,,4
16,9867,-205,-201,,5
17,9868,,,,
17,9869,,,,
17,9870,,,,
17,9871,,,,
17,9872,,,,
17,9873,,,,
17,9874,,,,
17,9875,-857,-829,,29
17,9876,-829,-799,,31
17,9877,-799,-798,,2
17,9878,-798,-764,,35
17,9879,-764,-746,,19
17,9880,-746,-727,,20
17,9881,-727,-718,,10
17,9882,-718,-709,,10
17,9883,-709,-690,,20
17,9884,-690,-681,,10
17,9885,-681,-680,,2
17,9886,-680,-649,,32
17,9887,-649,-635,,15
17,9888,-635,-619,,17
17,9889,-619,-618,,2
17,9890,-618,-609,,10
17,9891,-609,-587,,23
17,9892,-587,-574,,14
17,9893,-574,-530,,45
17,9894,-530,-515,,16
17,9895,-515,-467,,49
17,9896,-467,-402,,66
17,9897,-402,-384,,19
17,9898,-384,-361,,24
17,9899,-361,-354,,8
17,9900,-354,-327,,28
17,9901,-327,-285,,43
18,9902,,,,
18,9903,,,,
18,9904,,,,
18,9905,,,,
18,9906,,,,
18,9907,,,,
18,9908,,,,
18,9909,-865,-854,,12
18,9910,-854,-813,,42
18,9911,-813,-812,,2
18,9912,-812,-756,,57
18,9913,-756,-733,,24
18,9914,-733,-718,,16
18,9915,-718,-717,,2
18,9916,-717,-698,,20
18,9917,-698,-695,,4
18,9918,-695,-685,,11
18,9919,-685,-667,,19
18,9920,-667,-659,,9
18,9921,-659,-658,,2
18,9922,-658,-633,,26
18,9923,-633,-631,,3
18,9924,-631,-630,,2
18,9925,-630,-598,,33
18,9926,-598,-587,,12
18,9927,-587,-575,,13
18,9928,-575,-557,,19
18,9929,-557,-545,,13
18,9930,-545,-542,,4
18,9931,-542,-533,,10
18,9932,-533,-491,,43
18,9933,-491,-479,,13
18,9934,-479,-476,,4
18,9935,-476,-475,,2
18,9936,-475,-475,,1
18,9937,-475,-468,,8
18,9938,-468,-463,,6
18,9939,-463,-430,,34
18,9940,-430,-424,,7
18,9941,-424,-413,,12
18,9942,-413,-381,,33
18,9943,-381,-370,,12
18,9944,-370,-341,,30
18,9945,-341,-333,,9
18,9946,-333,-291,,43
18,9947,-291,-251,,41
18,9948,-251,-228,,24
18,9949,-228,-208,,21
19,9950,-805,-769,,37
19,9951,366,-742,,-1107
19,9952,-742,-699,,44
19,9953,-699,-699,,1
19,9954,-699,-695,,5
19,9955,-695,-693,,3
19,9956,-693,-692,,2
19,9957,-692,-678,,15
19,9958,-678,-671,,8
19,9959,-671,-626,,46
19,9960,-626,-604,,23
19,9961,-604,-603,,2
19,9962,-603,-585,,19
19,9963,-585,-583,,3
19,9964,-583,-569,,15
19,9965,-569,-564,,6
19,9966,-564,-528,,37
19,9967,-528,-512,,17
19,9968,-512,-499,,14
19,9969,-499,-461,,39
19,9970,-461,-454,,8
19,9971,-454,-422,,33
19,9972,-422,-421,,2
19,9973,-421,-394,,28
19,9974,-394,-374,,21
20,9975,,,,
20,9976,,,,
20,9977,,,,
20,9978,,,,
20,9979,,,,
20,9980,,,,
20,9981,-863,-825,,39
20,9982,-825,-789,,37
20,9983,-789,-765,,25
20,9984,-765,-763,,3
20,9985,-763,-727,,37
20,9986,-727,-709,,19
20,9987,-709,-696,,14
20,9988,-696,-689,,8
20,9989,-689,-656,,34
20,9990,-656,-616,,41
20,9991,-616,-600,,17
20,9992,-600,-585,,16
20,9993,-585,-572,,14
20,9994,-572,-553,,20
20,9995,-553,-547,,7
20,9996,-547,-543,,5
20,9997,-543,-534,,10
20,9998,-534,-527,,8
20,9999,-527,-522,,6
20,10000,-522,-503,,20
20,10001,-503,-491,,13
20,10002,-491,-453,,39
20,10003,-453,-437,,17
20,10004,-437,-413,,25
20,10005,-413,-371,,43
20,10006,-371,-360,,12
20,10007,-360,-331,,30
20,10008,-331,-319,,13
20,10009,-319,-310,,10
20,10010,-310,-277,,34
20,10011,-277,-270,,8
20,10012,-270,-256,,15
20,10013,-256,-253,,4
20,10014,-253,-221,,33
21,10015,,,,
21,10016,,,,
21,10017,,,,
21,10018,,,,
21,10019,,,,
21,10020,,,,
21,10021,,,,
21,10022,,,,
21,10023,,,,
21,10024,,,,
21,10025,,,,
21,10026,,,,
21,10027,,,,
21,10028,,,,
21,10029,,,,
21,10030,,,,
21,10031,,,,
21,10032,,,,
21,5107,-584,-559,,26
21,10033,-559,-546,,14
21,10034,-546,-542,,5
21,10035,-542,-525,,18
21,10036,-525,-513,,13
21,10037,-513,-494,,20
21,10038,-494,-472,,23
22,10039,-620,-590,,31
22,10040,-590,-564,,27
22,10041,-564,-537,,28
22,10042,-537,-495,,43
22,1881,-495,-463,,33
22,1882,-463,-458,,6
22,1883,-458,-448,,11
22,1884,-448,-411,,38
22,1885,-411,-375,,37
22,1886,-375,-375,,1
22,1887,-375,-374,,2
22,1888,-374,-362,,13
22,10043,-362,-354,,9
22,1889,-354,-333,,22
23,10044,,,,
23,10045,,,,
23,10046,,,,
23,10047,,,,
23,10048,,,,
23,10049,-862,-836,,27
23,10050,-836,-808,,29
23,10051,-808,-760,,49
23,10052,-760,-758,,3
23,10053,-758,-748,,11
23,10054,-748,-713,,36
23,10055,-713,-693,,21
23,10056,-693,-673,,21
23,10057,-673,-644,,30
23,10058,-644,-610,,35
23,10059,-610,-590,,21
23,10060,-590,-541,,50
23,10061,-541,-529,,13
23,10062,-529,-520,,10
23,10063,-520,-517,,4
23,10064,-517,-489,,29
23,10065,-489,-470,,20
23,10066,-470,-455,,16
23,10067,-455,-449,,7
23,10068,-449,-446,,4
24,10069,,,,
24,10070,-1052,-1001,,52
24,10071,-1001,-934,,68
24,10072,-934,-894,,41
24,10073,-894,-863,,32
24,10074,-863,-834,,30
24,10075,-834,-825,,10
24,10076,-825,-793,,33
24,10077,-793,-759,,35
24,10078,-759,-758,,2
24,10079,-758,-755,,4
24,10080,-755,-700,,56
24,10081,-700,-669,,32
24,10082,-669,-660,,10
24,10083,-660,-651,,10
24,10084,-651,-616,,36
24,10085,-616,-593,,24
24,10086,-593,-576,,18
24,10087,-576,-553,,24
24,10088,-553,-526,,28
24,10089,-526,-522,,5
24,10090,-522,-513,,10
24,10091,-513,-508,,6
24,10092,-508,-504,,5
24,10093,-504,-500,,5
24,10094,-500,-486,,15
25,10095,,,,
25,10096,,,,
25,10097,,,,
25,10098,,,,
25,10099,,,,
25,10100,-853,-830,,24
25,10101,-830,-794,,37
25,10102,-794,-779,,16
25,10103,-779,-776,,4
25,10104,-776,-753,,24
25,10105,-753,-743,,11
25,10106,-743,-706,,38
25,10107,-706,-705,,2
25,10108,-705,-698,,8
25,10109,-698,-691,,8
25,10110,-691,-646,,46
25,10111,-646,-630,,17
25,10112,-630,-612,,19
25,10113,-612,-598,,15
25,10114,-598,-597,,2
25,10115,-597,-567,,31
25,10116,-567,-533,,35
25,10117,-533,-532,,2
25,10118,-532,-532,,1
25,10119,-532,-504,,29
25,10120,-504,-500,,5
25,10121,-500,-477,,24
26,10122,,,,
26,10123,,,,
26,10124,,,,
26,10125,,,,
26,10126,-749,-702,,48
26,10127,-702,-679,,24
26,10128,-679,-671,,9
26,10129,-671,-653,,19
26,10130,-653,-635,,19
26,10131,-635,-565,,71
26,10132,-565,-548,,18
26,10133,-548,-534,,15
26,10134,-534,-516,,19
26,10135,-516,-505,,12
26,10136,-505,-504,,2
26,10137,-504,-485,,20
26,10138,-485,-469,,17
26,10139,-469,-459,,11
26,10140,-459,-447,,13
26,10141,-447,-444,,4
27,10153,,,,
27,10154,,,,
27,10155,-650,-639,,12
27,10156,-639,-598,,42
27,10157,-598,-572,,27
27,10158,-572,-537,,36
27,10159,-537,-511,,27
27,10160,-511,-489,,23
27,10161,-489,-483,,7
27,10162,,,,
27,10163,,,,
27,10164,,,,
28,10142,-407,-398,,10
28,10143,-398,-385,,14
28,10144,-385,-375,,11
28,10145,-375,-373,,3
28,10146,-373,-361,,13
28,10147,-361,-331,,31
28,10148,-331,-310,,22
28,10149,-310,-294,,17
28,10150,-294,-271,,24
28,10151,-271,-237,,35
28,10152,-237,-229,,9
29,10165,-444,-394,,51
29,10166,-394,-368,,27
29,10167,-368,-317,,52
29,10168,-317,-294,,24
29,10169,-294,-294,,1
29,10170,-294,-275,,20
29,10171,-275,-242,,34
29,10172,-242,-226,,17
29,10173,-226,-224,,3
30,10174,-407,-398,,10
30,10175,-398,-385,,14
30,10176,-385,-373,,13
30,10177,-373,-348,,26
30,10178,-348,-324,,25
30,10179,-324,-297,,28
30,10180,-297,-264,,34
30,10181,-264,-243,,22
30,10182,-243,-234,,10
30,10183,-234,-226,,9
30,10184,-226,-221,,6
41,1878,-246,-209,1,38
41,1879,-208,-206,1,3
41,1880,-205,-205,1,1
43,3629,-205,-194,1,12
43,3706,-186,-179,1,8
43,3630,-193,-187,1,7
43,2933,-187,-183,1,5
43,2946,-183,-178,1,6
43,3631,-178,-156,1,23
43,3632,-155,-140,1,16
43,3839,-139,-85,1,55
43,3633,-85,-73,1,13
43,3722,-73,-72,1,2
43,3634,-72,-47,1,26
43,3708,-47,-31,1,17
43,3723,-31,-5,1,27
43,3724,-5,0,1,6
43,3725,0,6,1,7
43,3726,6,9,1,4
44,3727,9,23,1,15
45,262,23,25,1,3
46,3643,25,58,1,34
46,3854,58,76,1,19
46,3644,76,89,1,14
46,3645,89,106,1,18
46,2999,106,106,1,1
46,3646,106,125,1,20
46,3728,125,125,1,1
46,3647,125,144,1,20
46,3652,144,145,1,2
46,3653,145,146,1,2
46,3654,146,168,1,23
46,3837,168,189,1,22
46,3655,189,189,1,1
46,3656,189,220,1,32
48,4113,220,226,1,7
48,263,226,239,1,14
48,3657,239,254,1,16
48,3658,254,260,1,7
48,3659,260,266,1,7
49,3710,221,223,1,3
49,3729,223,263,1,41
50,3907,222,252,1,31
50,3730,252,258,1,7
50,3731,258,264,1,7
50,3910,264,280,1,17
51,3641,266,290,1,25
51,3877,290,307,1,18
51,3662,307,313,1,7
51,3663,313,317,1,5
51,3873,317,322,1,6
51,3874,322,325,1,4
51,3876,325,342,1,18
51,3664,342,345,1,4
51,3875,345,361,1,17
51,3866,361,365,1,5
51,3665,365,371,1,7
51,3871,371,372,1,2
51,3872,372,396,1,25
51,3666,396,419,1,24
51,3667,419,420,1,2
54,264,304,310,1,7
54,265,310,310,1,1
54,266,310,318,1,9
54,267,318,318,1,1
55,3842,318,329,1,12
56,3001,303,303,1,1
56,3004,303,303,1,1
56,3009,303,334,1,32
56,3015,334,334,1,1
56,3025,334,338,1,5
56,3040,338,343,1,6
56,3078,343,347,1,5
57,7617,319,333,1,15
57,4301,333,334,1,2
57,4302,334,349,1,16
57,3674,349,349,1,1
57,3675,349,349,1,1
57,269,349,350,1,2
57,270,350,351,1,2
58,3968,320,324,1,5
58,3636,324,346,1,23
58,272,346,353,1,8
58,273,353,353,1,1
58,3637,353,355,1,3
58,274,355,364,1,10
58,275,364,376,1,13
58,1571,314,320,1,7
59,3635,337,348,1,12
59,3998,348,360,1,13
59,4001,360,370,1,11
60,271,350,352,1,3
61,3106,,,1,
61,3111,317,334,1,18
61,3115,334,337,1,4
61,3117,337,355,1,19
61,3126,355,356,1,2
61,3128,356,360,1,5
61,3137,360,370,1,11
61,3143,370,371,1,2
62,7866,351,355,1,5
62,3678,355,357,1,3
62,4326,357,385,1,29
62,3679,385,386,1,2
62,3680,386,394,1,9
62,293,394,394,1,1
63,3703,384,396,1,13
63,3672,396,398,1,3
63,3673,398,401,1,4
63,288,401,407,1,7
64,4362,384,394,1,11
64,3901,394,416,1,23
64,3900,416,417,1,2
65,297,385,388,1,4
65,298,388,412,1,25
65,299,412,428,1,17
65,3753,428,431,1,4
66,4359,386,399,1,14
66,276,399,399,1,1
66,3886,399,401,1,3
66,277,401,403,1,3
67,278,397,399,1,3
67,279,399,402,1,4
67,280,402,414,1,13
68,4193,397,401,1,5
68,7342,401,433,1,33
68,283,433,442,1,10
68,284,442,444,1,3
68,4205,444,460,1,17
69,4000,398,405,1,8
69,289,405,410,1,6
70,7320,400,417,1,18
70,3671,417,420,1,4
70,286,420,421,1,2
71,4407,407,425,1,19
71,302,425,428,1,4
71,303,428,431,1,4
72,290,407,409,1,3
72,291,409,430,1,22
72,292,430,436,1,7
73,304,384,384,1,1
73,4002,384,386,1,3
73,306,386,386,1,1
73,307,386,386,1,1
73,308,386,386,1,1
73,309,386,386,1,1
73,310,386,394,1,9
74,3198,385,394,1,10
74,3237,394,425,1,32
74,3249,425,429,1,5
74,3262,429,429,1,1
74,4891,429,442,1,14
74,3270,442,443,1,2
74,4891,443,443,1,1
74,3280,443,455,1,13
74,3311,455,466,1,12
74,3312,466,473,1,8
75,3086,405,413,1,9
76,15242,561,601,,41
83,3856,420,423,1,4
83,3732,423,424,1,2
83,3853,424,454,1,31
83,3860,454,465,1,12
83,3833,465,465,1,1
83,3838,465,473,1,9
83,3733,473,477,1,5
83,3734,477,479,1,3
84,7605,479,482,1,4
84,4361,482,493,1,12
84,3693,493,494,1,2
84,3694,494,494,1,1
84,3695,494,499,1,6
84,3696,499,501,1,3
84,3697,501,502,1,2
85,3861,502,549,1,48
85,4356,549,551,1,3
85,7316,551,552,1,2
85,4358,552,555,1,4
85,3736,555,555,1,1
85,3737,555,557,1,3
87,7153,555,562,1,8
87,7175,562,585,1,24
87,7178,585,587,1,3
88,4486,557,559,1,3
88,4485,559,566,1,8
88,4479,566,569,1,4
88,4487,569,583,1,15
88,4482,583,589,1,7
89,311,386,409,2,24
89,312,409,424,2,16
89,4051,424,452,2,29
89,314,452,452,2,1
89,315,452,466,2,15
89,316,466,471,2,6
89,3819,471,499,2,29
89,3821,499,516,2,18
89,3825,516,528,2,13
89,3738,528,528,2,1
89,3740,528,530,2,3
89,3739,530,531,2,2
89,3741,531,531,2,1
89,7705,531,532,2,2
89,318,532,535,2,4
90,3339,473,477,2,5
90,3340,477,482,2,6
90,3370,482,482,2,1
90,3028,482,503,2,22
90,3372,503,535,2,33
90,3373,535,545,2,11
90,3374,545,553,2,9
91,3375,477,483,2,7
91,3376,483,495,2,13
91,3377,495,502,2,8
91,3378,502,511,2,10
91,10185,,,2,
92,7809,534,550,2,17
93,3820,535,552,3,18
93,3744,551,554,3,4
93,320,554,557,3,4
94,4519,550,559,2,10
94,3742,559,560,2,2
94,4521,560,561,2,2
94,4520,561,565,2,5
94,4525,565,577,2,13
94,3743,577,577,2,1
94,6414,577,577,2,1
95,3682,557,557,3,1
95,3914,557,561,3,5
95,3918,561,578,3,18
95,3917,578,579,3,2
95,321,579,581,3,3
96,4171,581,605,3,25
96,4173,605,617,3,13
96,3746,617,618,3,2
96,5965,618,618,3,1
96,5692,618,619,3,2
97,4134,618,627,3,10
97,4115,627,650,3,24
97,4132,650,684,3,35
97,3700,684,684,3,1
97,4128,684,690,3,7
97,3700,705,710,3,6
97,10186,710,710,3,1
97,4128,710,712,3,3
97,4151,712,756,3,45
97,4117,756,762,3,7
97,4144,762,780,3,19
97,4147,780,805,3,26
97,4143,805,806,3,2
97,4140,806,821,3,16
97,4126,821,824,3,4
97,4135,824,826,3,3
97,4129,826,840,3,15
97,3638,840,846,3,7
97,4125,846,859,3,14
97,4136,859,873,3,15
97,3721,873,888,3,16
97,4130,888,904,3,17
97,4131,904,907,3,4
98,4256,619,621,3,3
99,10187,690,705,3,16
100,15283,907,918,3,12
100,15284,918,925,3,8
101,15256,902,905,3,4
101,15257,905,908,3,4
101,15258,908,919,3,12
101,15259,919,937,3,19
104,15263,907,932,3,26
104,15264,932,941,3,10
104,15265,941,947,3,7
104,15382,947,978,3,32
104,15266,948,978,3,31
105,15243,907,912,3,6
105,15383,912,913,3,2
105,15244,913,923,3,11
105,16641,913,923,3,11
106,15277,907,930,3,24
106,15278,930,932,3,3
106,15279,932,946,3,15
106,15280,947,950,3,4
106,15281,950,951,3,2
108,15273,917,942,3,26
108,15274,942,943,3,2
108,15275,943,958,3,16
108,15276,958,971,3,14
109,15245,923,926,3,4
109,15246,926,933,3,8
109,15247,933,934,3,2
109,15248,934,936,3,3
109,15249,936,942,3,7
109,15250,942,946,3,5
110,15287,907,928,3,22
110,15288,928,943,3,16
110,15289,943,960,3,18
110,15290,960,962,3,3
110,16652,962,963,3,2
111,15285,934,934,3,1
111,15286,934,965,3,32
112,15267,909,925,3,17
112,15268,925,925,3,1
112,15269,925,935,3,11
112,15270,935,939,3,5
112,15271,939,945,3,7
112,15272,943,945,3,3
114,15260,937,943,3,7
114,15261,943,961,3,19
114,15262,961,975,3,15
115,15296,907,926,3,20
115,15297,926,947,3,22
115,15298,947,951,3,5
115,15299,951,969,3,19
115,15300,969,982,3,14
115,15301,982,1031,3,50
115,15302,1031,1055,3,25
115,15303,1055,1101,3,47
115,15304,1101,1125,3,25
116,15251,947,948,3,2
116,15252,948,950,3,3
117,15253,951,954,3,4
117,15254,954,959,3,6
117,15255,959,960,3,2
118,15292,951,954,3,4
118,15293,954,968,3,15
118,15294,968,968,3,1
118,15295,968,979,3,12
119,15305,960,976,3,17
119,15306,976,997,3,22
119,15308,1022,1063,3,42
119,15309,1063,1067,3,5
119,15310,1067,1085,3,19
119,15311,1085,1100,3,16
119,15312,1100,1125,3,26
119,15313,1125,1127,3,3
119,15314,1127,1162,3,36
119,15315,1162,1189,3,28
119,15316,1189,1194,3,6
119,15317,1194,1224,3,31
119,15318,1224,1264,3,41
119,15319,1264,1274,3,11
119,15320,1274,1276,3,3
119,15321,1276,1278,3,3
119,15322,1278,1279,3,2
119,15307,997,1022,3,26
119,16640,1129,1129,3,1
120,15323,1038,1048,3,11
120,15324,1048,1067,3,20
120,15325,1067,1086,3,20
120,15326,1086,1139,3,54
120,15327,1139,1193,3,55
120,15328,1193,1206,3,14
120,15329,1206,1211,3,6
120,15330,1211,1223,3,13
120,15331,1223,1226,3,4
120,15332,1226,1227,3,2
121,15333,1115,1123,3,9
121,15334,1123,1135,3,13
121,15335,1135,1150,3,16
121,15336,1150,1161,3,12
121,15337,1161,1189,3,29
121,15338,1189,1208,3,20
121,15339,1208,1213,3,6
121,15340,1213,1223,3,11
121,15341,1223,1234,3,12
121,15342,1234,1234,3,1
123,16647,1132,1143,3,12
123,16648,1143,1150,3,8
123,16649,1150,1163,3,14
123,16650,1163,1177,3,15
123,16651,1177,1211,3,35
124,15343,1271,1294,3,24
124,15345,1307,1311,3,5
124,15346,1311,1320,3,10
124,15347,1320,1323,3,4
124,15348,1323,1328,3,6
124,15349,1328,1328,3,1
124,15350,1329,1332,3,4
124,15351,1329,1329,3,1
124,15352,1332,1332,3,1
124,15353,1333,1368,3,36
124,15344,1294,1307,3,14
125,15354,1368,1398,3,31
125,15355,1398,1402,3,5
125,15356,1402,1424,3,23
125,15357,1424,1425,3,2
125,15358,1425,1435,3,11
125,15360,1449,1457,3,9
125,15359,1457,1464,3,8
125,15361,1464,1487,3,24
125,15362,1487,1505,3,19
125,15363,1505,1521,3,17
125,15364,1521,1566,3,46
125,15365,1566,1572,3,7
125,15366,1572,1620,3,49
125,15367,1620,1620,3,1
125,15368,1620,1627,3,8
125,15369,1627,1644,3,18
126,16645,1370,1378,3,9
126,16646,1378,1388,3,11
127,15370,1616,1626,3,11
127,15371,1626,1643,3,18
127,15372,1644,1661,3,18
127,15373,1661,1722,3,62
127,15374,1722,1735,3,14
127,15375,1735,1796,3,62
127,15376,1796,1820,3,25
127,15377,1820,1850,3,31
127,15378,1850,1861,3,12
127,15379,1861,1875,3,15
127,15380,1875,1908,3,34
127,15381,1908,1912,3,5
128,16642,1644,1645,3,2
128,16643,1645,1646,3,2
128,16644,1646,1662,3,17
133,16327,540,571,4,32
133,16328,572,585,4,14
133,16329,586,587,4,2
133,16330,587,592,4,6
133,16331,593,628,4,36
133,16332,629,641,4,13
133,16333,642,645,4,4
133,16334,645,654,4,10
133,16335,655,661,4,7
133,16336,662,672,4,11
133,16337,672,672,4,1
133,16338,673,686,4,14
133,16339,687,697,4,11
133,16340,697,707,4,11
133,16341,707,715,4,9
133,16342,715,724,4,10
133,16343,724,749,4,26
133,16344,749,758,4,10
133,16345,758,764,4,7
133,16344,764,770,4,7
133,16346,770,781,4,12
133,16347,781,806,4,26
133,16348,806,809,4,4
133,16349,809,823,4,15
133,16350,823,833,4,11
133,16351,833,850,4,18
133,16352,850,858,4,9
133,16353,858,876,4,19
133,16354,876,884,4,9
133,16355,884,887,4,4
133,16356,887,897,4,11
133,16357,897,930,4,34
133,16358,930,946,4,17
133,16359,946,967,4,22
133,16360,967,969,4,3
133,16361,969,984,4,16
133,16362,984,986,4,3
133,16363,986,1011,4,26
133,16364,1011,1016,4,6
133,16365,1016,1036,4,21
133,16366,1036,1045,4,10
133,16367,1045,1068,4,24
133,16368,1068,1073,4,6
133,16369,1073,1087,4,15
133,16370,1087,1107,4,21
133,16371,1107,1123,4,17
133,16372,1123,1142,4,20
133,16373,1142,1155,4,14
133,16374,1155,1158,4,4
133,16375,1158,1165,4,8
133,16376,1165,1168,4,4
133,16377,1168,1180,4,13
133,16378,1180,1185,4,6
133,16379,1183,1198,4,16
133,16380,1198,1210,4,13
133,16381,1210,1221,4,12
133,16382,1221,1221,4,1
133,16383,1221,1232,4,12
133,16384,1232,1242,4,11
133,16385,1242,1246,4,5
133,16386,1246,1260,4,15
133,16387,1260,1274,4,15
133,16388,1274,1287,4,14
133,16389,1287,1298,4,12
133,16390,1298,1301,4,4
133,16391,1301,1308,4,8
133,16392,1308,1318,4,11
133,16393,1318,1339,4,22
133,16394,1339,1368,4,30
133,16395,1368,1383,4,16
133,16396,1383,1392,4,10
133,16397,1331,1333,4,3
133,16398,1336,1348,4,13
133,16399,1348,1351,4,4
133,16400,1352,1371,4,20
133,16401,1371,1382,4,12
133,16402,1382,1412,4,31
133,16403,1412,1428,4,17
133,16404,1428,1464,4,37
133,16405,1464,1500,4,37
133,16406,1500,1526,4,27
133,16407,1526,1557,4,32
133,16408,1557,1586,4,30
133,16409,1586,1611,4,26
133,16410,1611,1629,4,19
133,16411,1629,1643,4,15
133,16412,1643,1654,4,12
133,16413,1655,1663,4,9
133,16414,1663,1687,4,25
133,16415,1687,1709,4,23
133,16416,1709,1735,4,27
133,16417,1735,1747,4,13
133,16418,1747,1762,4,16
133,16419,1762,1771,4,10
133,16420,1771,1779,4,9
133,16421,1779,1817,4,39
133,16422,1817,1846,4,30
133,16423,1846,1867,4,22
133,16424,1867,1912,4,46
133,16425,1912,1926,4,15
133,16426,1926,1989,4,64
134,16427,-36,-18,5,19
134,16428,-18,-17,5,2
134,16429,18,44,5,27
134,16430,44,48,5,5
134,16431,48,53,5,6
134,16432,53,146,5,94
134,16433,146,165,5,20
134,16434,165,179,5,15
134,16435,179,197,5,19
134,16436,197,227,5,31
134,16437,227,248,5,22
134,16438,248,270,5,23
134,16439,270,292,5,23
134,16440,292,300,5,9
134,16441,300,331,5,32
134,16442,331,371,5,41
134,16443,371,384,5,14
134,16444,384,391,5,8
134,16445,391,413,5,23
134,16446,413,490,5,78
134,16447,491,519,5,29
134,16448,519,531,5,13
134,16449,531,545,5,15
134,16450,545,559,5,15
134,16451,559,590,5,32
134,16452,590,618,5,29
134,16453,618,642,5,25
134,16454,642,668,5,27
134,16455,670,683,5,14
135,16456,-17,29,6,47
135,16457,29,77,6,49
135,16458,77,128,6,52
135,16459,128,166,6,39
135,16460,166,214,6,49
135,16461,214,234,6,21
135,16462,234,,6,
135,16463,234,286,6,53
135,16464,286,298,6,13
135,16465,298,304,6,7
135,16466,304,344,6,41
135,16467,344,346,6,3
135,16468,346,375,6,30
135,16469,375,384,6,10
135,16470,384,385,6,2
135,16471,385,392,6,8
135,16472,392,405,6,14
135,16473,405,420,6,16
135,16474,420,427,6,8
135,16475,427,454,6,28
135,16476,454,475,6,22
135,16477,475,477,6,3
135,16478,477,479,6,3
135,16479,479,501,6,23
135,16480,501,523,6,23
135,16481,523,554,6,32
135,16482,554,598,6,45
135,16483,598,599,6,2
135,16484,599,600,6,2
135,16485,600,641,6,42
135,16486,641,660,6,20
135,16487,660,663,6,4
136,16488,-56,4,7,61
136,16489,4,24,7,21
136,16490,24,57,7,34
136,16491,57,80,7,24
136,16492,80,112,7,33
136,16493,112,134,7,23
136,16494,134,154,7,21
136,16495,154,184,7,31
136,16496,184,196,7,13
136,16497,196,230,7,35
136,16498,230,247,7,18
136,16499,247,261,7,15
136,16500,262,284,7,23
136,16501,284,298,7,15
136,16502,298,310,7,13
136,16503,310,356,7,47
136,16504,356,402,7,47
136,16505,402,417,7,16
136,16506,417,458,7,42
136,16507,458,479,7,22
136,16508,479,500,7,22
136,16509,500,514,7,15
136,16510,514,540,7,27
136,16511,540,576,7,37
136,16512,576,579,7,4
136,16513,579,632,7,54
136,16514,632,647,7,16
136,16515,647,654,7,8
136,16516,654,661,7,8
136,16517,661,681,7,21
136,16518,681,692,7,12
136,16519,692,702,7,11
136,16520,702,737,7,36
136,16521,737,742,7,6
136,16522,742,765,7,24
136,16523,765,780,7,16
136,16524,780,785,7,6
136,16525,785,798,7,14
136,16526,798,800,7,3
136,16527,800,809,7,10
136,16528,809,826,7,18
136,16529,826,836,7,11
136,16530,836,838,7,3
136,16531,838,839,7,2
136,16532,839,839,7,1
136,16533,839,857,7,19
136,16534,857,861,7,5
136,16535,861,875,7,15
136,16536,875,886,7,12
136,16537,886,887,7,2
136,16538,887,897,7,11
136,16539,897,912,7,16
136,16540,912,917,7,6
136,16541,917,924,7,8
136,16542,924,927,7,4
136,16543,927,935,7,9
138,16545,698,718,5,21
138,16546,718,737,5,20
138,16547,737,793,5,57
138,16548,793,,5,
138,16549,793,794,5,2
138,16550,794,808,5,15
138,16551,808,812,5,5
138,16552,812,817,5,6
138,16553,817,818,5,2
138,16554,818,830,5,13
138,16555,830,857,5,28
138,16556,857,871,5,15
138,16557,871,894,5,24
138,16558,894,907,5,14
138,16559,907,926,5,20
138,16560,930,934,5,5
139,16562,900,935,6,36
139,16563,935,936,6,2
140,16561,901,918,5,18
141,16567,918,943,5,26
141,16568,943,945,5,3
141,16569,946,949,5,4
141,16570,949,975,5,27
141,16571,975,981,5,7
141,16573,981,997,5,17
141,16574,997,1009,5,13
141,16576,1010,1031,5,22
141,16577,1031,1034,5,4
141,16578,1035,1046,5,12
141,16579,1046,1083,5,38
141,16580,1083,1083,5,1
141,16581,1083,1094,5,12
141,16582,1094,1095,5,2
141,16583,1095,1105,5,11
141,16584,1105,1122,5,18
141,16585,1123,1146,5,24
141,16586,1146,1170,5,25
141,16587,1170,1197,5,28
141,16588,1197,1204,5,8
141,16589,1204,1211,5,8
141,16590,1211,1213,5,3
141,16591,1213,1259,5,47
141,16593,1260,1274,5,15
141,16594,1274,1298,5,25
141,16595,1298,1298,5,1
141,16594,1298,1308,5,11
141,16595,1308,1313,5,6
141,16596,1313,1330,5,18
141,16597,1330,1332,5,3
141,16596,1332,1339,5,8
141,16597,1339,1344,5,6
141,16598,1344,1348,5,5
141,16599,1349,1351,5,3
141,16600,1351,1374,5,24
141,16601,1374,1388,5,15
141,16602,1388,1389,5,2
141,16603,1389,1392,5,4
142,16608,1392,1398,5,7
142,16609,1398,1400,5,3
142,16610,1400,1418,5,19
142,16611,1418,1450,5,33
142,16612,1450,1452,5,3
142,16613,1452,1455,5,4
142,16614,1455,1468,5,14
142,16615,1468,1469,5,2
142,16617,1469,1494,5,26
142,16618,1494,1506,5,13
142,16619,1506,1544,5,39
142,16620,1544,1545,5,2
142,16621,1545,1567,5,23
142,16622,1567,1608,5,42
142,16623,1608,1623,5,16
142,16625,1623,1649,5,27
142,16626,1649,1659,5,11
142,16627,1659,1674,5,16
142,16628,1674,1720,5,47
142,16629,1720,1724,5,5
142,16630,1724,1776,5,53
142,16633,1776,1800,5,25
142,16634,1800,1834,5,35
142,16636,1834,1849,5,16
142,16637,1849,1863,5,15
142,16638,1863,1907,5,45
142,16639,1907,1910,5,4
142,16616,,,5,
