1	chr1:6221317:C:T	6221317	T	C	-0.00564313821028918
1	chr1:6441736:T:C	6441736	C	T	-0.00137300103437155
1	chr1:13914201:C:T	13914201	T	C	-0.00317886568140238
1	chr1:15079411:A:G	15079411	G	A	-0.00320521332789212
1	chr1:16054087:C:T	16054087	T	C	0.00342267374973744
1	chr1:19260077:T:C	19260077	C	T	0.00114362596068531
1	chr1:20657370:C:A	20657370	A	C	-6.953159580007195e-4
1	chr1:25012729:G:A	25012729	A	G	-0.00237153082620352
1	chr1:29759840:T:G	29759840	G	T	0.00455248072277754
1	chr1:37422144:G:A	37422144	A	G	-0.00366206821519881
1	chr1:38035515:C:T	38035515	T	C	-0.0058904583286494
1	chr1:40456705:C:T	40456705	T	C	-0.00260138270910829
1	chr1:43252407:A:G	43252407	G	A	0.00153247163631021
1	chr1:46341031:A:G	46341031	G	A	7.426158804446459e-4
1	chr1:55464789:G:A	55464789	A	G	-0.00620171878952533
1	chr1:55524077:T:C	55524077	C	T	-0.0098282963829115
1	chr1:55856116:A:G	55856116	G	A	0.00661873499397188
1	chr1:61105720:T:C	61105720	C	T	0.00322342995088547
1	chr1:64075861:G:A	64075861	A	G	-0.00576763230841606
1	chr1:65413569:A:G	65413569	G	A	-0.00303859587293118
1	chr1:70029794:G:A	70029794	A	G	3.393867565318942e-4
1	chr1:70350880:A:G	70350880	G	A	-0.00669798866845667
1	chr1:70607853:G:T	70607853	T	G	-0.00974159141536802
1	chr1:71579943:T:C	71579943	C	T	-0.00252055801451206
1	chr1:72243359:G:A	72243359	A	G	-0.00348129153717309
1	chr1:75575432:G:A	75575432	A	G	0.00883089320268482
1	chr1:76633553:G:A	76633553	A	G	0.00251588363200426
1	chr1:77260556:C:T	77260556	T	C	0.00980493158567696
1	chr1:77272697:G:T	77272697	T	G	0.00812168701086193
1	chr1:77303093:A:G	77303093	G	A	-0.00415562837850302
1	chr1:81627417:A:C	81627417	C	A	-0.00355823633726686
1	chr1:84842379:C:T	84842379	T	C	0.00258206348400563
1	chr1:91730044:G:A	91730044	A	G	-0.00624532278627157
1	chr1:92046822:A:G	92046822	G	A	0.00955584743991494
1	chr1:94424862:G:T	94424862	T	G	0.00540960831101983
1	chr1:95244773:A:G	95244773	G	A	-5.138562573119998e-4
1	chr1:99716895:T:G	99716895	G	T	0.0045232085045427
1	chr1:101267977:C:T	101267977	T	C	-0.00671279914677143
1	chr1:102706427:G:A	102706427	A	G	-0.00541543327737599
1	chr1:111482459:A:G	111482459	G	A	-0.00697975183837115
1	chr1:115048437:T:C	115048437	C	T	0.00868400749284774
1	chr1:118786412:G:A	118786412	A	G	-0.00515038322191685
1	chr1:147546591:G:A	147546591	A	G	-0.00424015204887837
1	chr1:150251737:T:C	150251737	C	T	0.00567365928087383
1	chr1:150876627:C:A	150876627	A	C	-0.0042772144312039
1	chr1:152409586:C:T	152409586	T	C	-0.0012990261754021
1	chr1:152565478:G:A	152565478	A	G	-0.004647987796925
1	chr1:154859814:C:T	154859814	T	C	-0.00994361208286136
1	chr1:156250265:T:C	156250265	C	T	-0.00668231599032878
1	chr1:157568935:G:A	157568935	A	G	0.00153550135437399
1	chr1:158288048:A:C	158288048	C	A	-0.00745003564283251
1	chr1:160438050:C:T	160438050	T	C	-0.00979258486069738
1	chr1:162386697:G:T	162386697	T	G	-0.00426444961689412
1	chr1:168772580:T:C	168772580	C	T	-0.00533269544597715
1	chr1:168987546:C:A	168987546	A	C	0.00596466227434575
1	chr1:169118894:T:C	169118894	C	T	-0.00469295357819646
1	chr1:173193079:T:C	173193079	C	T	2.3557692766189577e-4
1	chr1:174224564:T:C	174224564	C	T	0.00472660053987056
1	chr1:177040284:G:A	177040284	A	G	0.00693133717402815
1	chr1:177161319:C:T	177161319	T	C	0.00921844787895679
1	chr1:177196010:C:T	177196010	T	C	0.00322985782288014
1	chr1:179742514:T:G	179742514	G	T	0.00622655853629112
1	chr1:182255655:G:A	182255655	A	G	0.00501402790192514
1	chr1:183819436:A:G	183819436	G	A	-0.00738389774225652
1	chr1:185317057:G:A	185317057	A	G	0.00871459646150469
1	chr1:185362065:G:A	185362065	A	G	-0.00136024760548025
1	chr1:186198801:T:C	186198801	C	T	0.00615870054811239
1	chr1:186654874:A:C	186654874	C	A	0.00341033553704619
1	chr1:186683262:C:T	186683262	T	C	-0.00165271657519042
1	chr1:188151783:A:G	188151783	G	A	0.0057022500783205
1	chr1:190736430:T:C	190736430	C	T	0.00167979450430721
1	chr1:191585059:T:C	191585059	C	T	0.00334298328496515
1	chr1:196918327:G:A	196918327	A	G	0.00713290981948375
1	chr1:201116868:A:G	201116868	G	A	-0.00799750623758882
1	chr1:202633069:C:T	202633069	T	C	0.00414601890370249
1	chr1:202826703:G:A	202826703	A	G	-0.00489555034786462
1	chr1:202914935:C:T	202914935	T	C	0.00340723469387739
1	chr1:205050932:G:T	205050932	T	G	0.00606546098832041
1	chr1:208370217:C:T	208370217	T	C	-0.00122622542548924
1	chr1:209003743:A:G	209003743	G	A	0.00766140731051564
1	chr1:209289460:T:C	209289460	C	T	8.884687349200249e-4
1	chr1:209470071:C:T	209470071	T	C	0.00400037114042788
1	chr1:211742800:C:T	211742800	T	C	-0.00641490705311298
1	chr1:213429945:T:C	213429945	C	T	0.00462914817035198
1	chr1:214917900:C:T	214917900	T	C	-0.00424527607392519
1	chr1:215085259:G:T	215085259	T	G	-0.0043682862445712
1	chr1:218963794:G:A	218963794	A	G	-0.00611889409366995
1	chr1:219709486:C:T	219709486	T	C	0.00694727089256048
1	chr1:219958122:G:A	219958122	A	G	0.00212654268369078
1	chr1:221678081:G:A	221678081	A	G	0.00862660211510956
1	chr1:222071916:A:G	222071916	G	A	-0.00237561507616192
1	chr1:230733891:G:A	230733891	A	G	0.0034710073005408
1	chr1:232620280:T:C	232620280	C	T	0.00739723732229322
1	chr1:233127892:A:G	233127892	G	A	0.00196536653209477
1	chr1:233428252:C:T	233428252	T	C	0.00760332614649087
1	chr1:233500306:G:A	233500306	A	G	-1.9413648173213004e-4
1	chr1:234281877:G:A	234281877	A	G	0.00450218481011688
1	chr1:241343947:G:A	241343947	A	G	0.00478702291380614
1	chr1:245622206:T:C	245622206	C	T	0.00177843005862087
1	chr1:248285008:T:C	248285008	C	T	0.00611081560142338
