dyn_id,cal_stream,era_id,ruler_id,era_name,era_start_year,era_end_year,era_start_jdn,era_end_jdn,max_year
41,1,1309,1878,,-245,-209,1631515.5,1644657.5,37
41,1,1310,1879,,-208,-206,1644657.5,1646133.5,3
41,1,1311,1880,,-205,-205,1646133.5,1646251.5,1
68,1,0,283,建平,437,439,1880812.5,1881727.5,3
43,1,1,3631,後元,-162,-156,1661843.5,1664273.5,7
43,1,2,3632,中元,-148,-143,1666952.5,1669138.5,6
43,1,3,3632,後元,-142,-139,1669138.5,1669990.5,4
43,1,4,3839,建元,-139,-134,1669990.5,1672415.5,6
43,1,5,3839,元光,-133,-128,1672415.5,1674630.5,6
43,1,6,3839,元朔,-127,-122,1674630.5,1676816.5,6
43,1,7,3839,元狩,-121,-116,1676816.5,1679001.5,6
43,1,8,3839,元鼎,-115,-110,1679001.5,1681570.5,6
43,1,9,3839,元封,-109,-103,1681570.5,1683607.5,7
43,1,10,3839,太初,-103,-100,1683607.5,1684936.5,4
43,1,11,3839,天漢,-99,-96,1684936.5,1686412.5,4
43,1,12,3839,太始,-95,-92,1686412.5,1687859.5,4
43,1,13,3839,征和,-91,-88,1687859.5,1689306.5,4
43,1,14,3839,後元,-87,-86,1689306.5,1690044.5,2
43,1,15,3633,始元,-85,-79,1690044.5,1692466.5,7
43,1,16,3633,元鳳,-79,-74,1692466.5,1694445.5,6
43,1,17,3722,元平,-73,-72,1694445.5,1689734.5,2
43,1,18,3634,本始,-72,-69,1689734.5,1696246.5,4
43,1,19,3634,地節,-68,-65,1696246.5,1697722.5,4
43,1,20,3634,元康,-64,-60,1697722.5,1699229.5,5
43,1,21,3634,神爵,-60,-57,1699229.5,1700646.5,4
43,1,22,3634,五鳳,-56,-53,1700646.5,1702093.5,4
43,1,23,3634,甘露,-52,-49,1702093.5,1703570.5,4
43,1,24,3634,黃龍,-48,-48,1703570.5,1703924.5,1
43,1,25,3708,初元,-47,-43,1703924.5,1705755.5,5
43,1,26,3708,永光,-42,-38,1705755.5,1707586.5,5
43,1,27,3708,建昭,-37,-33,1707586.5,1709417.5,5
43,1,28,3708,竟寧,-32,-32,1709417.5,1709771.5,1
43,1,29,3723,建始,-31,-27,1709771.5,1711307.5,5
43,1,30,3723,河平,-27,-24,1711307.5,1712695.5,4
43,1,31,3723,陽朔,-23,-20,1712695.5,1714171.5,4
43,1,32,3723,鴻嘉,-19,-16,1714171.5,1715618.5,4
43,1,33,3723,永始,-15,-12,1715618.5,1717065.5,4
43,1,34,3723,元延,-11,-8,1717065.5,1718542.5,4
43,1,35,3723,綏和,-7,-6,1718542.5,1719280.5,2
43,1,36,3724,建平,-5,-2,1719280.5,1720727.5,4
43,1,37,3724,元壽,-1,0,1720727.5,1721465.5,2
43,1,38,3725,元始,1,5,1721465.5,1723296.5,5
43,1,39,3726,居攝,6,8,1723296.5,1724330.5,3
43,1,40,3726,初始,8,8,1724330.5,1724359.5,1
44,1,41,3727,始建國,9,13,1724359.5,1726190.5,5
44,1,42,3727,天鳳,14,19,1726190.5,1729527.5,6
44,1,43,3727,地皇,20,23,1729527.5,1729746.5,4
45,1,44,262,更始,23,25,1729527.5,1730531.5,3
46,1,45,3643,建武,25,56,1730405.5,1741635.5,32
46,1,46,3643,建武中元,56,57,1741635.5,1742285.5,2
46,1,46,3643,中元,56,57,1741635.5,1742285.5,2
46,1,47,3854,永平,58,75,1742285.5,1748870.5,18
46,1,48,3644,建初,76,84,1748870.5,1752000.5,9
46,1,49,3644,元和,84,87,1752000.5,1753088.5,4
46,1,50,3644,章和,87,88,1753088.5,1753594.5,2
46,1,51,3645,永元,89,105,1753594.5,1759576.5,17
46,1,52,3645,元興,105,105,1759576.5,1759825.5,1
46,1,53,2999,延平,106,106,1759825.5,1760179.5,1
46,1,54,3646,永初,107,113,1760179.5,1762750.5,7
46,1,55,3646,元初,114,120,1762750.5,1765032.5,7
46,1,56,3646,永寧,120,121,1765032.5,1765465.5,2
46,1,57,3646,建光,121,122,1765465.5,1765732.5,2
46,1,58,3728,延光,122,125,1765732.5,1767119.5,4
46,1,59,3647,永建,126,132,1767119.5,1769376.5,7
46,1,60,3647,陽嘉,132,135,1769376.5,1770795.5,4
46,1,61,3647,永和,136,141,1770795.5,1772979.5,6
46,1,62,3647,漢安,142,144,1772979.5,1773793.5,3
46,1,63,3647,建康,144,144,1773793.5,1774059.5,1
46,1,64,3652,永嘉,145,145,1774059.5,1774413.5,1
46,1,65,3653,本初,146,146,1774413.5,1774797.5,1
46,1,66,3654,建和,147,149,1774797.5,1775890.5,3
46,1,67,3654,和平,150,150,1775890.5,1776259.5,1
46,1,68,3654,元嘉,151,153,1776259.5,1777122.5,3
46,1,69,3654,永興,153,154,1777122.5,1777734.5,2
46,1,70,3654,永壽,155,158,1777734.5,1778964.5,4
46,1,71,3654,延熹,158,167,1778964.5,1782246.5,10
46,1,72,3654,永康,167,167,1782246.5,1782448.5,1
46,1,73,3837,建寧,168,172,1782448.5,1784055.5,5
46,1,74,3837,熹平,172,178,1784055.5,1786167.5,7
46,1,75,3837,光和,178,184,1786167.5,1788675.5,7
46,1,76,3837,中平,184,189,1788675.5,1790224.5,6
46,1,77,3655,光熹,189,189,1790224.5,1790330.5,1
46,1,78,3655,昭寧,189,189,1790330.5,1790360.5,1
46,1,79,3656,永漢,189,189,1790360.5,1790508.5,1
46,1,80,3656,初平,190,193,1790508.5,1791967.5,4
46,1,81,3656,興平,194,195,1791967.5,1792699.5,2
46,1,82,3656,建安,196,220,1792699.5,1801523.5,25
46,1,83,3656,延康,220,220,1801523.5,1801757.5,1
48,1,84,4113,黃初,220,226,1801757.5,1804003.5,7
48,1,85,263,太和,227,233,1804003.5,1806223.5,7
48,1,86,263,青龍,233,237,1806223.5,1807723.5,5
48,1,87,263,景初,237,239,1807723.5,1808757.5,3
48,1,88,3657,正始,240,249,1808757.5,1812124.5,10
48,1,89,3657,嘉平,249,254,1812124.5,1813925.5,6
48,1,90,3658,正元,254,256,1813925.5,1814752.5,3
48,1,91,3658,甘露,256,260,1814752.5,1816199.5,5
48,1,92,3659,景元,260,264,1816199.5,1817646.5,5
48,1,93,3659,咸熙,264,265,1817646.5,1818248.5,2
49,1,94,3710,章武,221,223,1801912.5,1802674.5,3
49,1,95,3729,建興,223,237,1802674.5,1807989.5,15
49,1,96,3729,延熙,238,257,1807989.5,1815342.5,20
49,1,97,3729,景耀,258,263,1815342.5,1817380.5,6
49,1,98,3729,炎興,263,263,1817380.5,1817474.5,1
50,1,99,3907,黃武,222,229,1802468.5,1804830.5,8
50,1,100,3907,黃龍,229,231,1804830.5,1805834.5,3
50,1,101,3907,嘉禾,232,238,1805834.5,1808196.5,7
50,1,102,3907,赤烏,238,251,1808196.5,1812891.5,14
50,1,103,3907,太元,251,252,1812891.5,1813157.5,2
50,1,104,3907,神鳳,252,252,1813157.5,1813216.5,1
50,1,105,3730,建興,252,253,1813216.5,1813866.5,2
50,1,106,3730,五鳳,254,256,1813866.5,1814870.5,3
50,1,107,3730,太平,256,258,1814870.5,1815608.5,3
50,1,108,3731,永安,258,264,1815608.5,1817705.5,7
50,1,109,3910,元興,264,265,1817705.5,1817971.5,2
50,1,110,3910,甘露,265,266,1817971.5,1818473.5,2
50,1,111,3910,寶鼎,266,269,1818473.5,1819624.5,4
50,1,112,3910,建衡,269,271,1819624.5,1820451.5,3
50,1,113,3910,鳳凰,272,274,1820451.5,1821544.5,3
50,1,114,3910,天策,275,276,1821544.5,1822075.5,2
50,1,114,3910,天冊,275,276,1821544.5,1822075.5,2
50,1,115,3910,天璽,276,276,1822075.5,1822282.5,1
50,1,116,3910,天紀,277,280,1822282.5,1823448.5,4
51,1,117,3641,泰始,265,274,1818248.5,1821544.5,10
51,1,117,3641,太始,265,274,1818252.5,1821544.5,10
51,1,118,3641,咸寧,275,280,1821544.5,1823491.5,6
51,1,119,3641,太康,280,289,1823491.5,1827007.5,10
51,1,120,3641,太熙,290,290,1827007.5,1827115.5,1
51,1,121,3877,永熙,290,290,1827115.5,1827458.5,1
51,1,122,3877,永平,291,291,1827458.5,1827450.5,1
51,1,123,3877,元康,291,299,1827450.5,1830669.5,9
51,1,124,3877,永康,300,301,1830669.5,1831141.5,2
51,1,125,3877,永寧,301,302,1831141.5,1831753.5,2
51,1,126,3877,太安,302,303,1831753.5,1832145.5,2
51,1,127,3877,永興,304,304,1832145.5,1832152.5,1
51,1,128,3877,永安,304,306,1832152.5,1833002.5,3
51,1,129,3877,光熙,306,306,1833002.5,1833239.5,1
51,1,130,3662,永嘉,307,313,1833239.5,1835538.5,7
51,1,131,3663,建興,313,317,1835538.5,1836929.5,5
51,1,132,3873,建武,317,318,1836929.5,1837322.5,2
51,1,133,3873,大興,318,321,1837322.5,1838701.5,4
51,1,134,3874,永昌,322,323,1838701.5,1839144.5,2
51,1,134,3873,永昌,322,323,1838701.5,1839144.5,2
51,1,135,3874,太寧,323,326,1839144.5,1840233.5,4
51,1,135,3876,太寧,323,326,1839144.5,1840233.5,4
51,1,136,3876,咸和,326,334,1840233.5,1843456.5,9
51,1,137,3876,咸康,335,342,1843456.5,1846379.5,8
51,1,138,3664,建元,343,344,1846379.5,1847120.5,2
51,1,139,3875,永和,345,356,1847120.5,1851487.5,12
51,1,140,3875,升平,357,361,1851487.5,1853319.5,5
51,1,141,3866,隆和,362,363,1853319.5,1853703.5,2
51,1,142,3866,興寧,363,365,1853703.5,1854766.5,3
51,1,143,3665,太和,366,371,1854766.5,1856941.5,6
51,1,144,3871,咸安,371,372,1856941.5,1857335.5,2
51,1,145,3872,寧康,373,375,1857335.5,1858430.5,3
51,1,146,3872,太元,376,396,1858430.5,1866105.5,21
51,1,147,3666,隆安,397,401,1866105.5,1867936.5,5
51,1,148,3666,元興,402,404,1867936.5,1869044.5,3
51,1,149,3666,義熙,405,418,1869044.5,1874138.5,14
51,1,150,3667,元熙,419,420,1874138.5,1818252.5,2
54,1,151,264,建興,304,308,1832411.5,1833858.5,5
54,1,152,264,永鳳,308,309,1833858.5,1834094.5,2
54,1,153,264,河瑞,309,310,1834094.5,1834508.5,2
54,1,154,265,光興,310,311,1834508.5,1834833.5,2
54,1,155,266,嘉平,311,315,1834833.5,1836221.5,5
54,1,156,266,建元,315,316,1836221.5,1836811.5,2
54,1,157,266,麟嘉,316,318,1836811.5,1837431.5,3
54,1,158,267,漢昌,318,318,1837431.5,1837520.5,1
55,1,159,3842,光初,318,329,1837520.5,1841477.5,12
56,1,160,3001,建初,303,304,1831761.5,1832411.5,2
56,1,162,3009,建興,304,306,1832411.5,1832647.5,3
56,1,163,3009,晏平,306,310,1832647.5,1834685.5,5
56,1,164,3015,玉衡,311,338,1834685.5,1843101.5,28
56,1,165,3025,玉衡,311,338,1843101.5,1844637.5,28
56,1,165,3040,漢興,338,343,1844637.5,1846733.5,6
56,1,166,3078,太和,344,346,1846733.5,1847737.5,3
56,1,167,3078,嘉寧,346,347,1847737.5,1847915.5,2
57,1,168,7617,太和,328,330,1840916.5,1841861.5,3
57,1,169,7617,建平,330,333,1841861.5,1842894.5,4
57,1,170,4301,建平,330,334,1842894.5,1843101.5,5
57,1,171,4302,建武,335,348,1843456.5,1848564.5,14
57,1,171,4302,延熙,334,334,1843396.5,1843456.5,1
57,1,172,4302,太寧,349,349,1848564.5,1848918.5,1
57,1,172,4302,泰寧,349,349,1848564.5,1848918.5,1
57,1,173,269,青龍,350,350,1848918.5,1849007.5,1
57,1,174,270,永寧,350,351,1849007.5,1849420.5,2
58,1,176,1571,建興,313,320,1836870.5,1838140.5,8
58,1,177,3968,建興,313,324,1838140.5,1839557.5,12
58,1,178,3636,建興,313,346,1839557.5,1847590.5,34
58,1,179,272,建興,313,353,1847590.5,1850395.5,41
58,1,180,3637,和平,354,355,1850395.5,1851015.5,2
58,1,181,274,建興,313,361,1851015.5,1853289.5,49
58,1,182,274,升平,357,363,1853289.5,1853880.5,7
58,1,183,275,升平,357,371,1853880.5,1856981.5,15
58,1,184,275,咸安,371,376,1856981.5,1858664.5,6
59,1,185,3635,燕王,337,348,1844194.5,1848564.5,12
59,1,186,3998,燕元,349,352,1848564.5,1849981.5,4
59,1,187,3998,元璽,352,357,1849981.5,1851517.5,6
59,1,189,3998,光壽,357,359,1851517.5,1852580.5,3
59,1,190,4001,建熙,360,370,1852580.5,1856538.5,11
60,1,192,271,永興,350,352,1848977.5,1849775.5,3
62,1,193,7866,皇始,351,355,1849302.5,1850897.5,5
62,1,194,3678,壽光,355,357,1850897.5,1851635.5,3
62,1,195,4326,永興,357,359,1851635.5,1852374.5,3
62,1,196,4326,甘露,359,364,1852374.5,1854411.5,6
62,1,197,4326,建元,365,385,1854411.5,1861942.5,21
62,1,198,3679,太安,385,386,1861942.5,1862385.5,2
62,1,199,3680,太初,386,394,1862385.5,1865190.5,9
62,1,200,293,延初,394,394,1865190.5,1865308.5,1
63,1,201,3703,燕元,384,386,1861351.5,1862119.5,3
63,1,202,3703,建興,386,396,1862119.5,1865840.5,11
63,1,203,3672,永康,396,398,1865840.5,1866726.5,3
63,1,204,3673,建平,398,398,1866726.5,1866844.5,1
63,1,205,3673,長樂,399,401,1866844.5,1867759.5,3
63,1,206,288,光始,401,406,1867759.5,1869738.5,6
63,1,207,288,建始,407,407,1869738.5,1869974.5,1
64,1,209,4362,白雀,384,386,1861440.5,1862207.5,3
64,1,210,4362,建初,386,394,1862207.5,1865131.5,9
64,1,211,3901,皇初,394,399,1865131.5,1867080.5,6
64,1,212,3901,弘始,399,416,1867080.5,1873075.5,18
64,1,213,3900,永和,416,417,1873075.5,1873636.5,2
65,1,214,297,建義,385,388,1861971.5,1862975.5,4
65,1,215,298,太初,388,400,1862975.5,1867375.5,13
65,1,217,298,更始,409,412,1867375.5,1871805.5,4
65,1,218,299,永康,412,419,1871805.5,1874492.5,8
65,1,219,299,建弘,420,428,1874492.5,1877563.5,9
66,1,221,4359,太安,386,389,1862355.5,1863211.5,4
66,1,222,4359,麟嘉,389,396,1863211.5,1865899.5,8
66,1,223,276,龍飛,396,398,1865899.5,1866844.5,3
66,1,224,3886,咸寧,399,401,1866844.5,1867582.5,3
66,1,225,277,神鼎,401,403,1867582.5,1868527.5,3
67,1,226,278,太初,397,399,1866105.5,1867198.5,3
67,1,227,279,建和,400,402,1867198.5,1867995.5,3
67,1,228,280,弘昌,402,404,1867995.5,1868704.5,3
67,1,229,280,嘉平,408,414,1870417.5,1872514.5,7
68,1,230,4193,神璽,397,398,1866224.5,1866873.5,2
68,1,231,4193,天璽,399,401,1866873.5,1867700.5,3
68,1,232,7342,永安,401,412,1867700.5,1871893.5,12
68,1,233,7342,玄始,412,428,1871893.5,1877416.5,17
68,1,234,7342,承玄,428,431,1877416.5,1889611.5,4
68,1,235,7342,義和,431,432,1889611.5,1879335.5,2
68,1,236,283,承和,433,437,1879335.5,1880812.5,5
69,1,237,4000,燕平,398,400,1866460.5,1867405.5,3
69,1,238,4000,建平,400,405,1867405.5,1869324.5,6
69,1,239,289,太上,405,410,1869324.5,1870919.5,6
70,1,240,7320,庚子,400,404,1867493.5,1869029.5,5
70,1,241,7320,建初,405,417,1869029.5,1873429.5,13
70,1,242,3671,嘉興,417,419,1873429.5,1874787.5,3
70,1,243,286,永建,420,421,1874787.5,1874965.5,2
71,1,244,4407,龍昇,407,413,1869915.5,1872011.5,7
71,1,245,4407,鳳翔,413,418,1872011.5,1874079.5,6
71,1,246,4407,昌武,418,419,1874079.5,1874167.5,2
71,1,247,4407,真興,419,425,1874167.5,1876530.5,7
71,1,248,302,承光,425,428,1876530.5,1877445.5,4
71,1,249,303,勝光,428,431,1877445.5,1878715.5,4
72,1,250,290,正始,407,409,1869944.5,1870742.5,3
72,1,251,291,太平,409,430,1870742.5,1878508.5,22
72,1,252,292,大興,431,436,1878508.5,1880487.5,6
73,1,253,304,燕興,384,384,1861440.5,1861705.5,1
73,1,254,4002,更始,385,386,1861705.5,1862119.5,2
73,1,255,306,昌平,386,386,1862119.5,1862148.5,1
73,1,256,307,建明,386,386,1862148.5,1862178.5,1
73,1,257,308,建平,386,386,1862148.5,1862178.5,1
73,1,258,309,建武,386,386,1862148.5,1862355.5,1
73,1,259,310,中興,386,394,1862355.5,1865249.5,9
83,1,261,3856,永初,420,422,1874653.5,1875585.5,3
83,1,262,3732,景平,423,424,1875585.5,1883617.5,2
83,1,263,3853,元嘉,424,453,1883617.5,1886925.5,30
83,1,264,3860,孝建,454,456,1886925.5,1888017.5,3
83,1,265,3860,大明,457,464,1888017.5,1890941.5,8
83,1,266,3833,永光,465,465,1890941.5,1891147.5,1
83,1,267,3833,景和,465,465,1891147.5,1891272.5,1
83,1,268,3838,泰始,465,471,1891272.5,1893480.5,7
83,1,269,3838,泰豫,472,472,1893480.5,1893864.5,1
83,1,270,3733,元徽,473,477,1893864.5,1895498.5,5
83,1,271,3734,昇明,477,479,1895498.5,1896162.5,3
84,1,272,7605,建元,479,482,1896162.5,1897208.5,4
84,1,273,4361,永明,483,493,1897208.5,1901513.5,11
84,1,274,3693,隆昌,494,494,1901513.5,1901743.5,1
84,1,275,3694,延興,494,494,1901743.5,1901846.5,1
84,1,276,3695,建武,494,498,1901846.5,1903080.5,5
84,1,277,3695,永泰,498,498,1903080.5,1903344.5,1
84,1,278,3696,永元,499,501,1903344.5,1904151.5,3
84,1,279,3697,中興,501,502,1904151.5,1904532.5,2
85,1,280,3861,天監,502,519,1904532.5,1911021.5,18
85,1,281,3861,普通,520,527,1911021.5,1913650.5,8
85,1,282,3861,大通,527,529,1913650.5,1914655.5,3
85,1,283,3861,中大通,529,534,1914655.5,1916514.5,6
85,1,284,3861,大同,535,546,1916514.5,1920632.5,12
85,1,285,3861,中大同,546,547,1920632.5,1920993.5,2
85,1,286,3861,太清,547,549,1920993.5,1921977.5,3
85,1,287,4356,大寶,550,551,1921977.5,1922811.5,2
85,1,288,7316,天正,551,552,1922811.5,1923022.5,2
85,1,289,4358,承聖,552,555,1923022.5,1923952.5,4
85,1,290,3736,天成,555,555,1923952.5,1924095.5,1
85,1,291,3737,紹泰,555,556,1924095.5,1924428.5,2
85,1,292,3737,太平,556,557,1924428.5,1924817.5,2
87,1,293,7153,大定,555,562,1923808.5,1926377.5,8
87,1,294,7175,天保,562,585,1926377.5,1935119.5,24
87,1,295,7178,廣運,586,587,1935118.5,1935739.5,2
88,1,296,4486,永定,557,559,1924817.5,1925639.5,3
88,1,297,4485,天嘉,560,566,1925639.5,1927882.5,7
88,1,298,4485,天康,566,566,1927882.5,1928179.5,1
88,1,299,4479,光大,567,568,1928179.5,1928920.5,2
88,1,300,4487,太建,569,582,1928920.5,1934028.5,14
88,1,301,4482,至德,583,587,1934028.5,1935502.5,5
88,1,302,4482,禎明,587,589,1935502.5,1936230.5,3
89,2,303,311,登國,386,395,1862094.5,1865928.5,10
89,2,304,311,皇始,396,398,1865928.5,1866815.5,3
89,2,305,311,天興,398,404,1866815.5,1868967.5,7
89,2,306,311,天賜,404,408,1868967.5,1870754.5,5
89,2,307,312,永興,409,413,1870754.5,1872307.5,5
89,2,308,312,神瑞,414,416,1872307.5,1873138.5,3
89,2,309,312,泰常,416,423,1873138.5,1875918.5,8
89,2,310,4051,始光,424,428,1875918.5,1877445.5,5
89,2,311,4051,神麚,428,431,1877445.5,1878892.5,4
89,2,311,4051,神䴥,428,431,1877445.5,1878892.5,4
89,2,312,4051,延和,432,434,1878892.5,1880010.5,3
89,2,313,4051,太延,435,439,1880010.5,1881968.5,5
89,2,314,4051,真君,440,451,1881968.5,1885980.5,12
89,2,314,4051,太平真君,440,451,1881968.5,1885980.5,12
89,2,315,4051,正平,451,452,1885980.5,1886454.5,2
89,2,316,314,承平,452,452,1886454.5,1886452.5,1
89,2,317,315,興安,452,454,1886452.5,1887107.5,3
89,2,318,315,興光,454,454,1887107.5,1887428.5,1
89,2,319,315,太安,455,459,1887428.5,1889110.5,5
89,2,320,315,和平,460,465,1889110.5,1891295.5,6
89,2,321,316,天安,466,467,1891295.5,1891914.5,2
89,2,322,316,皇興,467,471,1891914.5,1893352.5,5
89,2,323,3819,延興,471,476,1893352.5,1895118.5,6
89,2,324,3819,承明,476,476,1895118.5,1895311.5,1
89,2,325,3819,太和,477,499,1895311.5,1903731.5,23
89,2,326,3821,景明,500,503,1903731.5,1905192.5,4
89,2,327,3821,正始,504,508,1905192.5,1906873.5,5
89,2,328,3821,永平,508,512,1906873.5,1908211.5,5
89,2,329,3821,延昌,512,515,1908211.5,1909574.5,4
89,2,330,3825,熙平,516,518,1909574.5,1910335.5,3
89,2,331,3825,神龜,518,520,1910335.5,1911217.5,3
89,2,332,3825,正光,520,525,1911217.5,1913009.5,6
89,2,333,3825,孝昌,525,527,1913009.5,1913952.5,3
89,2,334,3825,武泰,528,528,1913952.5,1914047.5,1
89,2,335,3740,建義,528,528,1914047.5,1914201.5,1
89,2,336,3740,永安,528,530,1914201.5,1914949.5,3
89,2,337,3739,建明,530,531,1914949.5,1915095.5,2
89,2,338,3741,普泰,531,531,1915095.5,1915303.5,1
89,2,339,7705,中興,531,532,1915303.5,1915534.5,2
89,2,340,318,太昌,532,532,1915534.5,1915746.5,1
89,2,341,318,永興,532,532,1915746.5,1915776.5,1
89,2,342,318,永熙,532,534,1915746.5,1916499.5,3
92,2,343,7809,天平,534,537,1916412.5,1917613.5,4
92,2,344,7809,元象,538,539,1917613.5,1918256.5,2
92,2,345,7809,興和,539,542,1918256.5,1919408.5,4
92,2,346,7809,武定,543,550,1919408.5,1922104.5,8
93,3,347,3820,大統,535,551,1916514.5,1922396.5,17
94,2,348,4519,天保,550,559,1922104.5,1925639.5,10
94,2,349,3742,乾明,560,560,1925639.5,1925848.5,1
94,2,350,4521,皇建,560,561,1925848.5,1926299.5,2
94,2,351,4520,太寧,561,562,1926299.5,1926471.5,2
94,2,352,4520,河清,562,565,1926471.5,1927582.5,4
94,2,353,4525,天統,565,569,1927582.5,1929271.5,5
94,2,354,4525,武平,570,576,1929271.5,1931823.5,7
94,2,355,4525,隆化,576,576,1931823.5,1931824.5,1
94,2,356,3743,德昌,576,576,1931824.5,1931841.5,1
94,2,357,3743,承光,577,577,1931841.5,1931865.5,1
95,3,358,3914,武成,559,560,1925504.5,1925994.5,2
95,3,359,3918,保定,561,565,1925994.5,1927829.5,5
95,3,360,3918,天和,566,572,1927829.5,1930099.5,7
95,3,361,3918,建德,572,578,1930099.5,1932254.5,7
95,3,362,3918,宣政,578,578,1932254.5,1932579.5,1
95,3,363,3917,大成,579,579,1932579.5,1932579.5,1
95,3,364,321,大象,579,581,1932579.5,1933288.5,3
95,3,365,321,大定,581,581,1933288.5,1933330.5,1
96,3,366,4171,開皇,581,600,1933330.5,1940611.5,20
96,3,367,4171,仁壽,601,604,1940611.5,1942058.5,4
96,3,368,4173,大業,605,617,1942058.5,1946768.5,13
96,3,369,3746,義寧,617,618,1946768.5,1946954.5,2
96,3,370,5965,皇泰,618,619,1946954.5,1947289.5,2
97,3,371,4134,武德,618,626,1947289.5,1950091.5,9
97,3,372,4115,貞觀,627,649,1950091.5,1958507.5,23
97,3,373,4132,永徽,650,656,1958507.5,1960698.5,7
97,3,374,4132,顯慶,656,661,1960698.5,1962582.5,6
97,3,375,4132,龍朔,661,663,1962582.5,1963586.5,3
97,3,376,4132,麟德,664,666,1963586.5,1964354.5,3
97,3,377,4132,乾封,666,668,1964354.5,1965132.5,3
97,3,378,4132,總章,668,670,1965132.5,1965860.5,3
97,3,379,4132,咸亨,670,674,1965860.5,1967498.5,5
97,3,380,4132,上元,674,676,1967498.5,1968318.5,3
97,3,381,4132,儀鳳,676,679,1968318.5,1969257.5,4
97,3,382,4132,調露,679,680,1969257.5,1969691.5,2
97,3,383,4132,永隆,680,681,1969691.5,1970111.5,2
97,3,384,4132,開耀,681,682,1970111.5,1970259.5,2
97,3,385,4132,永淳,682,683,1970259.5,1970883.5,2
97,3,386,4132,弘道,683,683,1970883.5,1970910.5,1
97,3,387,3700,嗣聖,684,684,1970910.5,1970945.5,1
97,3,388,10187,文明,684,684,1970945.5,1971179.5,1
97,3,389,10187,光宅,684,684,1971179.5,1971293.5,1
97,3,390,10187,垂拱,685,688,1971293.5,1972741.5,4
97,3,391,10187,永昌,689,689,1972741.5,1973066.5,1
99,3,392,10187,神龍,705,711,1978588.5,1979566.5,7
99,3,393,10187,天授,690,692,1973368.5,1973922.5,3
99,3,394,10187,如意,692,692,1973922.5,1974106.5,1
99,3,395,10187,長壽,692,694,1974106.5,1974700.5,3
99,3,396,10187,延載,694,695,1974700.5,1974867.5,2
99,3,397,10187,證聖,695,695,1974867.5,1975200.5,1
99,3,398,10187,天冊萬歲,695,696,1975200.5,1975290.5,2
99,3,399,10187,萬歲登封,696,696,1975290.5,1975383.5,1
99,3,400,10187,萬歲通天,696,697,1975383.5,1975908.5,2
99,3,401,10187,神功,697,697,1975908.5,1975990.5,1
99,3,402,10187,聖曆,698,700,1975990.5,1976879.5,3
99,3,403,10187,久視,700,701,1976879.5,1977143.5,2
99,3,404,10187,大足,701,701,1977143.5,1977427.5,1
99,3,405,10187,長安,701,704,1977427.5,1978588.5,4
97,3,406,10187,載初,690,690,1973066.5,1973368.5,1
97,3,407,3700,景龍,707,710,1979566.5,1980570.5,4
97,3,408,10186,唐隆,710,710,1980570.5,1980615.5,1
97,3,409,4128,景雲,710,711,1980615.5,1981175.5,2
97,3,410,4128,太極,712,712,1981175.5,1981277.5,1
97,3,411,4128,延和,712,712,1981277.5,1981370.5,1
97,3,412,4151,先天,712,713,1981370.5,1981836.5,2
97,3,413,4151,開元,713,741,1981836.5,1992113.5,29
97,3,414,4151,天寶,742,756,1992113.5,1997410.5,15
97,3,415,4117,至德,756,758,1997410.5,1997993.5,3
97,3,416,4117,乾元,758,760,1997993.5,1998805.5,3
97,3,417,4117,上元,760,762,1998805.5,1999452.5,3
97,3,418,4144,寶應,762,763,1999452.5,1999978.5,2
97,3,419,4144,廣德,763,764,1999978.5,2000499.5,2
97,3,420,4144,永泰,765,766,2000499.5,2001190.5,2
97,3,421,4144,大曆,766,779,2001190.5,2005993.5,14
97,3,422,4147,建中,780,783,2005993.5,2007439.5,4
97,3,423,4147,興元,784,784,2007439.5,2007823.5,1
97,3,424,4147,貞元,785,805,2007823.5,2015327.5,21
97,3,425,4143,永貞,805,806,2015327.5,2015473.5,2
97,3,426,4140,元和,806,821,2015473.5,2020966.5,16
97,3,427,4126,長慶,821,825,2020966.5,2022417.5,5
97,3,428,4135,寶曆,825,827,2022417.5,2023191.5,3
97,3,429,4129,大和,827,835,2023191.5,2026427.5,9
97,3,430,4129,開成,836,841,2026427.5,2028267.5,6
97,3,431,3638,會昌,841,847,2028267.5,2030460.5,7
97,3,432,4125,大中,847,860,2030460.5,2035523.5,14
97,3,433,4136,咸通,860,874,2035523.5,2040636.5,15
97,3,434,3721,乾符,874,879,2040636.5,2042521.5,6
97,3,435,3721,廣明,880,881,2042521.5,2043063.5,2
97,3,436,3721,中和,881,885,2043063.5,2044395.5,5
97,3,437,3721,光啟,885,888,2044395.5,2045496.5,4
97,3,438,3721,文德,888,888,2045496.5,2045799.5,1
97,3,439,4130,龍紀,889,889,2045799.5,2046154.5,1
97,3,440,4130,大順,890,892,2046154.5,2046912.5,3
97,3,441,4130,景福,892,893,2046912.5,2047631.5,2
97,3,442,4130,乾寧,894,898,2047631.5,2049310.5,5
97,3,443,4130,光化,898,901,2049310.5,2050283.5,4
97,3,444,4130,天復,901,904,2050283.5,2051391.5,4
97,3,445,4130,天祐,904,904,2051391.5,2051513.5,1
101,3,446,15259,太和,929,935,2060738.5,2062842.5,7
101,3,447,15259,天祚,935,937,2062842.5,2063610.5,3
100,3,448,15283,武成,908,910,2052748.5,2053832.5,3
100,3,449,15283,永平,911,915,2053832.5,2055662.5,5
100,3,450,15283,通正,916,916,2055662.5,2056017.5,1
100,3,451,15283,天漢,917,917,2056017.5,2056401.5,1
100,3,452,15283,光天,918,918,2056401.5,2056756.5,1
100,3,452,15283,廣大,918,918,2056401.5,2056756.5,1
100,3,452,15283,光大,918,918,2056401.5,2056756.5,1
101,3,454,15258,天祐,904,919,2052857.5,2056844.5,16
100,3,455,15284,乾德,919,924,2056756.5,2058940.5,6
100,3,456,15284,咸康,925,925,2058940.5,2059262.5,1
111,3,457,15285,明德,934,937,2062347.5,2063694.5,4
111,3,458,15286,廣政,938,965,2063694.5,2073588.5,28
104,3,459,15263,天祐,904,907,2052503.5,2052739.5,4
104,3,460,15263,鳳曆,908,913,2052739.5,2054590.5,6
104,3,461,15263,乾化,911,915,2054590.5,2055611.5,5
104,3,462,15263,貞明,915,921,2055611.5,2057612.5,7
104,3,463,15263,龍德,921,923,2057612.5,2058586.5,3
104,3,464,15263,寶大,924,925,2058586.5,2059324.5,2
112,3,465,15269,長興,930,932,2060821.5,2061864.5,3
112,3,466,15269,永和,935,936,2062602.5,2063016.5,2
111,3,467,15285,長興,930,934,2062248.5,2062347.5,5
110,3,468,15287,同光,923,926,2058645.5,2059413.5,4
112,3,469,15272,天德,943,945,2065555.5,2066500.5,3
108,3,470,15273,乾亨,917,925,2056239.5,2059266.5,9
108,3,471,15273,白龍,925,928,2059266.5,2060093.5,4
108,3,472,15273,大有,928,942,2060093.5,2065223.5,15
108,3,473,15274,光天,942,943,2065223.5,2065592.5,2
108,3,474,15275,應乾,943,943,2065592.5,2065833.5,1
108,3,475,15275,乾和,943,958,2065833.5,2071227.5,16
108,3,476,15276,大寶,958,971,2071227.5,2075777.5,14
114,3,477,15261,顯德,954,960,2071107.5,2071731.5,7
114,3,478,15261,建隆,960,961,2071731.5,2072288.5,2
114,3,479,15261,中興,958,958,2070989.5,2071053.5,1
114,3,480,15261,交泰,958,958,2071053.5,2071107.5,1
110,3,481,15287,天成,926,927,2059413.5,2059976.5,2
110,3,482,15287,乾貞,927,927,2059976.5,2060034.5,1
115,3,483,15296,天祐,904,916,2052396.5,2055702.5,13
115,3,484,15296,天贊,922,926,2057899.5,2059358.5,5
115,3,485,15296,天顯,926,938,2059358.5,2064012.5,13
115,3,486,15297,會同,938,947,2064012.5,2067003.5,10
115,3,487,15297,大同,947,947,2067003.5,2067253.5,1
115,3,488,15298,天祿,947,951,2067253.5,2068689.5,5
115,3,489,15299,應曆,951,969,2068689.5,2075055.5,19
115,3,490,15300,保寧,969,979,2075055.5,2078987.5,11
115,3,491,15300,乾亨,979,983,2078987.5,2080300.5,5
115,3,492,15301,統和,983,1012,2080300.5,2091040.5,30
115,3,493,15301,開泰,1012,1021,2091040.5,2094329.5,10
115,3,494,15301,太平,1021,1031,2094329.5,2097805.5,11
115,3,495,15302,景福,1031,1032,2097805.5,2098345.5,2
115,3,496,15302,重熙,1032,1055,2098345.5,2106635.5,24
115,3,497,15303,清寧,1055,1064,2106635.5,2110087.5,10
115,3,498,15303,咸雍,1065,1074,2110087.5,2113720.5,10
115,3,499,15303,太康,1075,1084,2113720.5,2117382.5,10
115,3,500,15303,大安,1085,1094,2117382.5,2121044.5,10
115,3,501,15303,壽昌,1095,1101,2121044.5,2123240.5,7
115,3,502,15304,乾統,1101,1110,2123240.5,2126890.5,10
115,3,503,15304,天慶,1111,1120,2126890.5,2130523.5,10
115,3,504,15304,保大,1121,1125,2130523.5,2132048.5,5
119,3,505,15305,建隆,960,963,2071731.5,2073130.5,4
119,3,506,15305,乾德,963,968,2073130.5,2074969.5,6
119,3,507,15305,開寶,968,976,2074969.5,2077920.5,9
119,3,508,15306,太平興國,976,984,2077920.5,2080813.5,9
119,3,509,15306,雍熙,984,987,2080813.5,2081252.5,4
119,3,510,15306,端拱,988,989,2081252.5,2082684.5,2
119,3,511,15306,淳化,990,994,2082684.5,2084514.5,5
119,3,512,15306,至道,995,997,2084514.5,2085339.5,3
119,3,513,15307,咸平,998,1003,2085607.5,2087792.5,6
119,3,514,15307,景德,1004,1008,2087792.5,2089274.5,5
119,3,515,15307,大中祥符,1008,1016,2089274.5,2092547.5,9
119,3,516,15307,天禧,1017,1021,2092547.5,2094377.5,5
119,3,517,15307,乾興,1022,1022,2094377.5,2094732.5,1
119,3,518,15308,天聖,1023,1032,2094732.5,2098340.5,10
119,3,519,15308,明道,1032,1033,2098340.5,2098748.5,2
119,3,520,15308,景祐,1034,1038,2098748.5,2100536.5,5
119,3,521,15308,寶元,1038,1040,2100536.5,2101012.5,3
119,3,522,15308,康定,1040,1041,2101012.5,2101632.5,2
119,3,523,15308,慶曆,1041,1048,2101632.5,2104240.5,8
119,3,524,15308,皇祐,1049,1054,2104240.5,2106160.5,6
119,3,525,15308,至和,1054,1056,2106160.5,2107057.5,3
119,3,526,15308,嘉祐,1056,1063,2107057.5,2109438.5,8
119,3,527,15309,治平,1064,1067,2109703.5,2111180.5,4
119,3,528,15310,熙寧,1068,1077,2111180.5,2114813.5,10
119,3,529,15310,元豐,1078,1085,2114813.5,2117736.5,8
119,3,530,15311,元祐,1086,1094,2117736.5,2120759.5,9
119,3,531,15311,紹聖,1094,1098,2120759.5,2122284.5,5
119,3,532,15311,元符,1098,1100,2122284.5,2123228.5,3
119,3,533,15312,建中靖國,1101,1101,2123228.5,2123583.5,1
119,3,534,15312,崇寧,1102,1106,2123583.5,2125414.5,5
119,3,535,15312,大觀,1107,1110,2125414.5,2126890.5,4
119,3,536,15312,政和,1111,1118,2126890.5,2129755.5,8
119,3,537,15312,重和,1118,1119,2129755.5,2129843.5,2
119,3,538,15312,宣和,1119,1125,2129843.5,2132353.5,7
119,3,539,15313,靖康,1126,1127,2132353.5,2132856.5,2
119,3,540,15314,建炎,1127,1129,2132856.5,2133515.5,3
119,3,541,15314,紹興,1131,1162,2134185.5,2145878.5,32
119,3,542,15315,隆興,1163,1164,2145878.5,2146617.5,2
119,3,543,15315,乾道,1165,1173,2146617.5,2149895.5,9
119,3,544,15315,淳熙,1174,1189,2149895.5,2155742.5,16
119,3,545,15316,紹熙,1190,1194,2155742.5,2157573.5,5
119,3,546,15317,慶元,1195,1200,2157573.5,2159758.5,6
119,3,547,15317,嘉泰,1201,1204,2159758.5,2161205.5,4
119,3,548,15317,開禧,1205,1207,2161205.5,2162297.5,3
119,3,549,15317,嘉定,1208,1224,2162297.5,2168528.5,17
119,3,550,15318,寶慶,1225,1227,2168528.5,2169622.5,3
119,3,551,15318,紹定,1228,1233,2169622.5,2171806.5,6
119,3,552,15318,端平,1234,1236,2171806.5,2172899.5,3
119,3,553,15318,嘉熙,1237,1240,2172899.5,2174376.5,4
119,3,554,15318,淳祐,1241,1252,2174376.5,2178746.5,12
119,3,555,15318,寶祐,1253,1258,2178746.5,2180931.5,6
119,3,556,15318,開慶,1259,1259,2180931.5,2181315.5,1
119,3,557,15318,景定,1260,1264,2181315.5,2183117.5,5
119,3,558,15319,咸淳,1265,1274,2183117.5,2186779.5,10
119,3,559,15320,德祐,1275,1276,2186779.5,2187281.5,2
119,3,560,15321,景炎,1276,1278,2187281.5,2187989.5,3
119,3,561,15322,祥興,1278,1279,2187989.5,2188289.5,2
120,3,562,15323,顯道,1032,1034,2098338.5,2098954.5,3
120,3,563,15323,開運,1034,1034,2098954.5,2098984.5,1
120,3,564,15323,廣運,1034,1036,2098984.5,2099811.5,3
120,3,565,15323,大慶,1036,1038,2099811.5,2100500.5,3
120,3,566,15323,天授禮法延祚,1038,1048,2100500.5,2104240.5,11
120,3,567,15324,延嗣寧國,1049,1049,2104240.5,2104595.5,1
120,3,568,15324,天祐垂聖,1050,1052,2104595.5,2105688.5,3
120,3,569,15324,福聖承道,1053,1056,2105688.5,2107164.5,4
120,3,570,15324,奲都,1057,1062,2107164.5,2109349.5,6
120,3,571,15324,拱化,1063,1067,2109349.5,2111180.5,5
120,3,572,15325,乾道,1068,1068,2111180.5,2111535.5,1
120,3,573,15325,天賜禮盛國慶,1069,1073,2111535.5,2113365.5,5
120,3,574,15325,大安,1074,1084,2113365.5,2117382.5,11
120,3,575,15325,天安禮定,1085,1086,2117382.5,2118120.5,2
120,3,576,15326,天儀治平,1087,1089,2118120.5,2119213.5,3
120,3,577,15326,天祐民安,1090,1097,2119213.5,2122136.5,8
120,3,578,15326,永安,1098,1100,2122136.5,2123228.5,3
120,3,579,15326,貞觀,1101,1113,2123228.5,2127984.5,13
120,3,580,15326,雍寧,1114,1118,2127984.5,2129814.5,5
120,3,581,15326,元德,1119,1127,2129814.5,2132826.5,9
120,3,582,15326,正德,1127,1134,2132826.5,2135631.5,8
120,3,583,15326,大德,1135,1139,2135631.5,2137463.5,5
120,3,584,15327,大慶,1140,1143,2137463.5,2138939.5,4
120,3,585,15327,人慶,1144,1148,2138939.5,2140770.5,5
120,3,586,15327,天盛,1149,1169,2140770.5,2148418.5,21
120,3,587,15327,乾祐,1170,1193,2148418.5,2157189.5,24
120,3,588,15328,天慶,1194,1206,2157189.5,2161608.5,13
120,3,589,15329,應天,1206,1209,2161608.5,2163036.5,4
120,3,590,15329,皇建,1210,1211,2163036.5,2163598.5,2
120,3,591,15330,光定,1211,1223,2163598.5,2168026.5,13
120,3,592,15331,乾定,1223,1226,2168026.5,2169060.5,4
120,3,593,15332,寶義,1226,1227,2169060.5,2169458.5,2
121,3,594,15333,收國,1115,1116,2128338.5,2129076.5,2
121,3,595,15333,天輔,1117,1123,2129076.5,2131494.5,7
121,3,596,15334,天會,1123,1137,2131494.5,2136754.5,15
121,3,597,15335,天眷,1138,1141,2136754.5,2137859.5,4
121,3,598,15335,皇統,1141,1149,2137859.5,2141105.5,9
121,3,599,15336,天德,1149,1153,2141105.5,2142301.5,5
121,3,600,15336,貞元,1153,1156,2142301.5,2143339.5,4
121,3,601,15336,正隆,1156,1161,2143339.5,2145413.5,6
121,3,602,15337,大定,1161,1189,2145413.5,2155742.5,29
121,3,603,15338,明昌,1190,1196,2155742.5,2158244.5,7
121,3,604,15338,承安,1196,1201,2158244.5,2159758.5,6
121,3,605,15338,泰和,1201,1208,2159758.5,2162707.5,8
121,3,606,15339,大安,1209,1211,2162707.5,2163775.5,3
121,3,607,15339,崇慶,1212,1213,2163775.5,2164247.5,2
121,3,608,15339,至寧,1213,1213,2164247.5,2164378.5,1
121,3,609,15340,貞祐,1213,1217,2164378.5,2165848.5,5
121,3,610,15340,興定,1217,1222,2165848.5,2167650.5,6
121,3,611,15340,元光,1222,1223,2167650.5,2168144.5,2
121,3,612,15341,正大,1224,1232,2168144.5,2171086.5,9
121,3,613,15341,開興,1232,1232,2171086.5,2171170.5,1
121,3,614,15341,天興,1232,1234,2171170.5,2171814.5,3
122,3,615,,阜昌,1131,,,,
123,3,616,16647,延慶,1124,1133,2131645.5,2135277.5,10
123,3,617,16647,康國,1134,1143,2135277.5,2138939.5,10
123,3,618,16648,咸清,1144,1150,2138939.5,2141479.5,7
123,3,619,16649,續興,1151,1163,2141479.5,2146233.5,13
123,3,620,16650,崇福,1164,1177,2146233.5,2151342.5,14
123,3,621,16651,天禧,1178,1211,2151342.5,2163775.5,34
124,3,622,15343,中統,1260,1264,2181452.5,2182983.5,5
124,3,623,15343,至元,1264,1294,2182983.5,2194072.5,31
124,3,624,15344,元貞,1295,1297,2194072.5,2194840.5,3
124,3,625,15344,大德,1297,1307,2194840.5,2198827.5,11
124,3,626,15345,至大,1308,1311,2198827.5,2200303.5,4
124,3,627,15346,皇慶,1312,1314,2200303.5,2201033.5,3
124,3,628,15346,延祐,1314,1320,2201033.5,2203581.5,7
124,3,629,15347,至治,1321,1223,2203581.5,2204674.5,-97
124,3,630,15348,泰定,1324,1328,2204674.5,2206206.5,5
124,3,631,15348,致和,1328,1328,2206206.5,2206386.5,1
124,3,632,15350,天曆,1328,1328,2206398.5,2206984.5,1
124,3,633,15350,至順,1330,1333,2206984.5,2208254.5,4
124,3,634,15353,元統,1333,1335,2208254.5,2209007.5,3
124,3,635,15353,至元,1335,1340,2209007.5,2210875.5,6
124,3,636,15353,至正,1341,1370,2210875.5,2221831.5,30
126,3,637,16645,宣光,1370,1378,2221596.5,2224755.5,9
126,3,638,16646,天光,1379,1388,2224755.5,2228329.5,10
125,3,639,15354,洪武,1368,1398,2220738.5,2232078.5,31
125,3,640,15355,建文,1398,1402,2232078.5,2233336.5,5
125,3,641,15356,永樂,1402,1424,2233525.5,2241558.5,23
125,3,642,15357,洪熙,1425,1425,2241558.5,2241942.5,1
125,3,643,15358,宣德,1426,1435,2241942.5,2245573.5,10
125,3,644,15359,正統,1436,1449,2245573.5,2250683.5,14
125,3,645,15360,景泰,1450,1457,2250683.5,2253272.5,8
125,3,646,15359,天順,1457,1464,2253272.5,2256175.5,8
125,3,647,15361,成化,1465,1487,2256175.5,2264562.5,23
125,3,648,15362,弘治,1488,1505,2264562.5,2271147.5,18
125,3,649,15363,正德,1506,1521,2271147.5,2276995.5,16
125,3,650,15364,嘉靖,1522,1566,2276995.5,2293443.5,45
125,3,651,15365,隆慶,1567,1572,2293443.5,2295628.5,6
125,3,652,15366,萬曆,1573,1620,2295628.5,2313139.5,48
125,3,653,15367,泰昌,1620,1620,2313139.5,2313139.5,1
125,3,654,15368,天啟,1621,1627,2313139.5,2315709.5,7
125,3,655,15369,崇禎,1628,1644,2315709.5,2321633.5,17
127,3,656,15370,天命,1616,1626,2311338.5,2315355.5,11
127,3,657,15371,天聰,1627,1636,2315355.5,2318731.5,10
127,3,658,15371,崇德,1636,1643,2318731.5,2321556.5,8
127,3,659,15372,順治,1644,1661,2321556.5,2328141.5,18
127,3,660,15373,康熙,1662,1722,2328141.5,2350407.5,61
127,3,661,15374,雍正,1723,1735,2350407.5,2355162.5,13
127,3,662,15375,乾隆,1736,1796,2355162.5,2377074.5,61
127,3,663,15376,嘉慶,1796,1820,2377074.5,2386199.5,25
127,3,664,15377,道光,1821,1850,2386199.5,2397154.5,30
127,3,665,15378,咸豐,1851,1861,2397154.5,2401170.5,11
127,3,666,15379,同治,1862,1875,2401170.5,2405925.5,14
127,3,667,15380,光緒,1875,1908,2405925.5,2418328.5,34
127,3,668,15381,宣統,1909,1912,2418328.5,2419444.5,4
129,,669,,中華民國,1912,,,,
128,3,670,16642,弘光,1645,1645,2321911.5,2322116.5,1
128,3,671,16643,隆武,1645,1646,2322116.5,2322649.5,2
110,3,672,15288,乾貞,928,929,2060034.5,2060594.5,2
128,3,673,16644,永曆,1647,1662,2322649.5,2328244.5,16
124,3,674,15349,天順,1328,1328,2206386.5,2206398.5,1
110,3,675,15288,天成,926,930,2060594.5,2060821.5,5
110,3,676,15288,長興,930,934,2060821.5,2062224.5,5
110,3,677,15288,應順,934,934,2062224.5,2062351.5,1
110,3,678,15288,清泰,934,936,2062351.5,2063252.5,3
110,3,679,15288,天福,936,944,2063252.5,2066057.5,9
110,3,680,15288,開運,944,946,2066057.5,2066973.5,3
110,3,681,15288,天福,936,948,2066973.5,2067361.5,13
98,3,682,4256,開明,619,621,1947285.5,1948053.5,3
43,1,683,3631,前元,-179,-163,1655995.5,1661843.5,17
43,1,683,3631,,-179,-163,1655995.5,1661843.5,17
43,1,684,3632,前元,-156,-149,1664273.5,1666952.5,8
43,1,685,3629,,-205,-194,1646251.5,1650350.5,12
43,1,686,3630,,-193,-187,1650350.5,1653025.5,7
43,1,687,3706,,-186,-179,1653073.5,1655995.5,8
43,1,688,2933,,-187,-183,1653025.5,1654382.5,5
95,3,689,3682,,557,557,1924546.5,1924810.5,1
93,3,690,3744,,551,554,1922396.5,1923572.5,4
93,3,691,320,,554,557,1923572.5,1924546.5,4
95,3,692,3914,,557,559,1924810.5,1925504.5,3
105,3,693,16641,乾化,911,915,2054616.5,2055611.5,5
100,3,694,15283,天復,901,908,2052645.5,2052748.5,8
101,3,697,15257,天祐,904,908,2052384.5,2052857.5,5
104,3,700,15263,寶太,924,925,2058586.5,2059324.5,2
104,3,701,15263,寶正,926,932,2059324.5,2061599.5,7
104,3,702,15263,寶貞,926,932,2059324.5,2061599.5,7
105,3,703,15243,開平,907,911,2052490.5,2053950.5,5
105,3,704,15383,鳳曆,913,913,2054590.5,2054616.5,1
105,3,705,15243,乾化,911,913,2053950.5,2054590.5,3
106,3,706,15277,天成,926,930,2059826.5,2061066.5,5
106,3,707,15278,長興,930,932,2061066.5,2061687.5,3
106,3,708,15279,長興,930,934,2061687.5,2062224.5,5
110,3,709,15288,乾祐,948,948,2067361.5,2067652.5,1
110,3,710,15289,乾祐,948,951,2067652.5,2068453.5,4
110,3,711,15289,廣順,951,953,2068453.5,2069542.5,3
109,3,712,15245,同光,923,926,2058315.5,2059440.5,4
109,3,713,15246,天成,926,930,2059440.5,2060821.5,5
109,3,714,15247,應順,934,934,2062224.5,2062339.5,1
109,3,715,15248,清泰,934,936,2062339.5,2063307.5,3
113,3,716,15249,天福,936,944,2063263.5,2065319.5,9
113,3,717,15250,天福,936,944,2065319.5,2065349.5,9
110,3,718,15289,顯德,954,960,2069542.5,2071731.5,7
110,3,719,15290,建隆,960,962,2071731.5,2072761.5,3
110,3,720,16652,建隆,962,963,2072761.5,2072967.5,2
106,3,721,15279,應順,934,934,2062224.5,2062351.5,1
106,3,722,15279,清泰,934,936,2062351.5,2063295.5,3
112,3,723,15267,開平,907,911,2053182.5,2053950.5,5
112,3,724,15269,天成,926,930,2059657.5,2060821.5,5
112,3,725,15269,龍啟,933,935,2061864.5,2062602.5,3
112,3,726,15270,通文,936,939,2063016.5,2064268.5,4
112,3,727,15271,永隆,939,943,2064268.5,2065555.5,5
114,3,728,15260,昇元,937,943,2063610.5,2065585.5,7
114,3,729,15261,保大,943,957,2065585.5,2070989.5,15
114,3,730,15262,建隆,960,963,2072288.5,2073130.5,4
115,3,731,15296,神冊,916,920,2055702.5,2057899.5,5
106,3,732,15279,天福,936,944,2063295.5,2066057.5,9
106,3,733,15279,開運,944,947,2066057.5,2067062.5,4
114,3,734,15262,乾德,963,968,2073130.5,2074969.5,6
114,3,735,15262,開寶,968,974,2074969.5,2077190.5,7
106,3,736,15280,天福,936,948,2067062.5,2067361.5,13
106,3,737,15280,乾祐,948,950,2067361.5,2068068.5,3
106,3,738,15281,保大,950,951,2068068.5,2068757.5,2
104,3,739,15263,保貞,926,932,2059324.5,2061599.5,7
116,3,740,15251,天福,936,947,2067003.5,2067357.5,12
116,3,741,15251,乾祐,948,950,2067357.5,2067387.5,3
117,3,742,15253,廣順,951,953,2068453.5,2069542.5,3
117,3,743,15253,顯德,954,960,2069542.5,2069557.5,7
116,3,744,15252,乾祐,948,951,2067387.5,2068464.5,4
118,3,745,15292,乾祐,948,954,2068464.5,2069864.5,7
118,3,746,15293,乾祐,948,956,2069864.5,2070635.5,9
118,3,747,15294,天會,957,973,2070635.5,2076836.5,17
118,3,748,15295,廣運,974,979,2076836.5,2078790.5,6
57,1,749,4301,延熙,334,334,1843101.5,1843396.5,1
104,3,750,15264,長興,932,934,2061599.5,2062224.5,3
119,3,751,15307,至道,995,997,2085339.5,2085607.5,3
105,3,752,16641,貞明,915,921,2055611.5,2057612.5,7
119,3,753,15309,嘉祐,1054,1067,2109438.5,2109703.5,14
105,3,754,16641,龍德,921,923,2057612.5,2058504.5,3
104,3,755,15264,應順,934,934,2062224.5,2062351.5,1
104,3,756,15264,清泰,934,936,2062351.5,2063295.5,3
109,3,757,15246,長興,930,934,2060821.5,2062224.5,5
104,3,758,15264,天福,936,941,2063295.5,2065024.5,6
119,3,759,16640,明受,1129,1164,2133515.5,2133536.5,36
119,3,760,15314,建炎,1127,1130,2133536.5,2134185.5,4
104,3,761,15265,天福,941,944,2065024.5,2066057.5,4
112,3,762,15267,乾化,911,915,2053950.5,2055611.5,5
113,3,763,15250,開運,944,946,2065349.5,2066959.5,3
112,3,764,15267,貞明,915,921,2055611.5,2057612.5,7
125,3,765,15354,洪武,1368,1402,2233336.5,2233525.5,35
112,3,766,15267,龍德,921,923,2057612.5,2058315.5,3
104,3,767,15265,開運,944,946,2066057.5,2066973.5,3
104,3,768,15265,會同,938,947,2066973.5,2067120.5,10
104,3,769,15382,會同,938,947,2067120.5,2067208.5,10
104,3,770,15382,天福,936,947,2067208.5,2067357.5,12
104,3,771,15266,乾祐,948,951,2067357.5,2068453.5,4
133,4,772,16334,大化,645,650,1956841.5,1958550.5,6
133,4,773,16334,白雉,650,654,1958550.5,1971844.5,5
133,4,774,16338,朱鳥,686,686,1971844.5,1977220.5,1
133,4,775,16340,大宝,701,704,1977220.5,1978361.5,4
133,4,775,16340,大寶,701,704,1977220.5,1978361.5,4
133,4,776,16340,慶雲,704,708,1978361.5,1980057.5,5
133,4,777,16341,和銅,708,715,1980057.5,1982486.5,8
133,4,778,16342,霊亀,715,717,1982486.5,1983299.5,3
133,4,778,16342,靈龜,715,717,1982486.5,1983299.5,3
133,4,779,16342,養老,717,724,1983299.5,1985560.5,8
133,4,780,16343,神亀,724,729,1985560.5,1987624.5,6
133,4,780,16343,神龜,724,729,1985560.5,1987624.5,6
133,4,781,16343,天平,729,749,1987624.5,1994753.5,21
133,4,782,16343,天平感寶,749,749,1994753.5,1994860.5,1
133,4,782,16343,天平感宝,749,749,1994753.5,1994860.5,1
133,4,783,16344,天平勝宝,749,757,1994860.5,1997802.5,9
133,4,783,16344,天平勝寶,749,757,1994860.5,1997802.5,9
133,4,784,16344,天平寶字,757,765,1997802.5,2000505.5,9
133,4,784,16344,天平宝字,757,765,1997802.5,2000505.5,9
133,4,785,16344,天平神護,765,767,2000505.5,2001518.5,3
133,4,786,16344,神護景雲,767,770,2001518.5,2002595.5,4
133,4,787,16346,寶龜,770,781,2002595.5,2006347.5,12
133,4,787,16346,宝亀,770,781,2002595.5,2006347.5,12
133,4,788,16347,天応,781,782,2006347.5,2006955.5,2
133,4,788,16347,天應,781,782,2006347.5,2006955.5,2
133,4,789,16347,延曆,782,806,2006955.5,2015607.5,25
133,4,789,16347,延暦,782,806,2006955.5,2015607.5,25
133,4,790,16348,大同,806,810,2015607.5,2017202.5,5
133,4,791,16349,弘仁,810,824,2017202.5,2022061.5,15
133,4,792,16350,天長,824,834,2022061.5,2025720.5,11
133,4,793,16351,承和,834,848,2025720.5,2030986.5,15
133,4,794,16351,嘉祥,848,851,2030986.5,2032036.5,4
133,4,795,16352,仁寿,851,854,2032036.5,2033337.5,4
133,4,795,16352,仁壽,851,854,2032036.5,2033337.5,4
133,4,796,16352,斉衡,854,857,2033337.5,2034155.5,4
133,4,796,16352,齊衡,854,857,2033337.5,2034155.5,4
133,4,797,16352,天安,857,859,2034155.5,2034946.5,3
133,4,798,16353,貞觀,859,877,2034946.5,2041533.5,19
133,4,798,16353,貞観,859,877,2034946.5,2041533.5,19
133,4,799,16354,元慶,877,885,2041533.5,2044373.5,9
133,4,800,16355,仁和,885,889,2044373.5,2045914.5,5
133,4,801,16356,寛平,889,898,2045914.5,2049191.5,10
133,4,802,16357,昌泰,898,901,2049191.5,2050343.5,4
133,4,803,16357,延喜,901,923,2050343.5,2058331.5,23
133,4,804,16357,延長,923,931,2058331.5,2061240.5,9
133,4,805,16358,承平,931,938,2061240.5,2063834.5,8
133,4,806,16358,天慶,938,947,2063834.5,2067083.5,10
133,4,807,16359,天暦,947,957,2067083.5,2070926.5,11
133,4,807,16359,天曆,947,957,2067083.5,2070926.5,11
133,4,808,16359,天徳,957,961,2070926.5,2072126.5,5
133,4,809,16359,応和,961,964,2072126.5,2073475.5,4
133,4,809,16359,應和,961,964,2072126.5,2073475.5,4
133,4,810,16359,康保,964,968,2073475.5,2074887.5,5
133,4,811,16360,安和,968,970,2074887.5,2075471.5,3
133,4,812,16361,天禄,970,974,2075471.5,2076826.5,5
133,4,813,16361,天延,973,976,2076826.5,2077781.5,4
133,4,814,16361,貞元,976,978,2077781.5,2078636.5,3
133,4,815,16361,天元,978,983,2078636.5,2080246.5,6
133,4,816,16361,永観,983,985,2080246.5,2080967.5,3
133,4,816,16361,永觀,983,985,2080246.5,2080967.5,3
133,4,817,16362,寛和,985,987,2080967.5,2081711.5,3
133,4,818,16363,永延,987,989,2081711.5,2082542.5,3
133,4,819,16363,永祚,989,990,2082542.5,2082870.5,2
133,4,820,16363,正暦,990,995,2082870.5,2084564.5,6
133,4,820,16363,正曆,990,995,2082870.5,2084564.5,6
133,4,821,16363,長徳,995,999,2084564.5,2085973.5,5
133,4,822,16363,長保,999,1004,2085973.5,2087988.5,6
133,4,823,16363,寛弘,1004,1012,2087988.5,2091094.5,9
133,4,824,16364,長和,1012,1017,2091094.5,2092657.5,6
133,4,825,16365,寛仁,1017,1021,2092657.5,2094053.5,5
133,4,826,16365,治安,1021,1024,2094053.5,2095304.5,4
133,4,827,16365,万寿,1024,1028,2095304.5,2096764.5,5
133,4,827,16365,萬壽,1024,1028,2095304.5,2096764.5,5
133,4,828,16365,長元,1028,1037,2096764.5,2099950.5,10
133,4,829,16366,長暦,1037,1040,2099950.5,2101267.5,4
133,4,829,16366,長曆,1037,1040,2099950.5,2101267.5,4
133,4,830,16366,長久,1040,1044,2101267.5,2102728.5,5
133,4,831,16366,寛徳,1044,1046,2102728.5,2103250.5,3
133,4,832,16367,永承,1046,1053,2103250.5,2105698.5,8
133,4,833,16367,天喜,1053,1058,2105698.5,2107687.5,6
133,4,834,16367,康平,1058,1065,2107687.5,2110124.5,8
133,4,835,16367,治曆,1065,1069,2110124.5,2111635.5,5
133,4,835,16367,治暦,1065,1069,2110124.5,2111635.5,5
133,4,836,16368,延久,1069,1074,2111635.5,2113594.5,6
133,4,837,16369,承保,1074,1077,2113594.5,2114770.5,4
133,4,838,16369,承曆,1077,1081,2114770.5,2115973.5,5
133,4,838,16369,承暦,1077,1081,2114770.5,2115973.5,5
133,4,839,16369,永保,1081,1084,2115973.5,2117062.5,4
133,4,840,16369,応徳,1084,1087,2117062.5,2118214.5,4
133,4,840,16369,應德,1084,1087,2117062.5,2118214.5,4
133,4,841,16370,寛治,1087,1094,2118214.5,2121028.5,8
133,4,842,16370,嘉保,1094,1096,2121028.5,2121739.5,3
133,4,843,16370,永長,1096,1097,2121739.5,2122097.5,2
133,4,844,16370,承徳,1097,1099,2122097.5,2122724.5,3
133,4,845,16370,康和,1099,1104,2122724.5,2124361.5,6
133,4,846,16370,長治,1104,1106,2124361.5,2125156.5,3
133,4,847,16370,嘉承,1106,1108,2125156.5,2126006.5,3
133,4,848,16371,天仁,1108,1110,2126006.5,2126696.5,3
133,4,849,16371,天永,1110,1113,2126696.5,2127817.5,4
133,4,850,16371,永久,1113,1118,2127817.5,2129521.5,6
133,4,851,16371,元永,1118,1120,2129521.5,2130266.5,3
133,4,852,16371,保安,1120,1124,2130266.5,2131736.5,5
133,4,853,16372,天治,1124,1126,2131736.5,2132374.5,3
133,4,854,16372,大治,1126,1131,2132374.5,2134214.5,6
133,4,855,16372,天承,1131,1132,2134214.5,2134784.5,2
133,4,856,16372,長承,1132,1135,2134784.5,2135776.5,4
133,4,857,16372,保延,1135,1141,2135776.5,2138032.5,7
133,4,858,16372,永治,1141,1142,2138032.5,2138317.5,2
133,4,859,16373,康治,1142,1144,2138317.5,2138990.5,3
133,4,860,16373,天養,1144,1145,2138990.5,2139492.5,2
133,4,861,16373,久安,1145,1151,2139492.5,2141504.5,7
133,4,862,16373,仁平,1151,1154,2141504.5,2142893.5,4
133,4,863,16373,久寿,1154,1156,2142893.5,2143424.5,3
133,4,863,16373,久壽,1154,1156,2142893.5,2143424.5,3
133,4,864,16374,保元,1156,1159,2143424.5,2144510.5,4
133,4,865,16375,平治,1159,1160,2144510.5,2144795.5,2
133,4,866,16375,永暦,1160,1161,2144795.5,2145379.5,2
133,4,866,16375,永曆,1160,1161,2144795.5,2145379.5,2
133,4,867,16375,応保,1161,1163,2145379.5,2145966.5,3
133,4,867,16375,應保,1161,1163,2145379.5,2145966.5,3
133,4,868,16375,長寛,1163,1165,2145966.5,2146768.5,3
133,4,869,16375,永萬,1165,1166,2146768.5,2147204.5,2
133,4,869,16375,永万,1165,1166,2146768.5,2147204.5,2
133,4,870,16376,仁安,1166,1169,2147204.5,2148160.5,4
133,4,871,16377,嘉応,1169,1171,2148160.5,2148911.5,3
133,4,871,16377,嘉應,1169,1171,2148160.5,2148911.5,3
133,4,872,16377,承安,1171,1175,2148911.5,2150453.5,5
133,4,873,16377,安元,1175,1177,2150453.5,2151197.5,3
133,4,874,16377,治承,1177,1181,2151197.5,2152654.5,5
133,4,875,16378,養和,1181,1182,2152654.5,2152962.5,2
133,4,876,16378,寿永,1182,1185,2152962.5,2153327.5,4
133,4,876,16378,壽永,1182,1185,2152962.5,2153327.5,4
133,4,877,16379,寿永,1183,1184,2153327.5,2153660.5,2
133,4,877,16379,壽永,1183,1184,2153327.5,2153660.5,2
133,4,878,16379,元暦,1184,1185,2153660.5,2154130.5,2
133,4,878,16379,元曆,1184,1185,2153660.5,2154130.5,2
133,4,879,16379,文治,1185,1190,2154130.5,2155840.5,6
133,4,880,16379,建久,1190,1199,2155840.5,2159134.5,10
133,4,881,16380,正治,1199,1201,2159134.5,2159800.5,3
133,4,882,16380,建仁,1201,1204,2159800.5,2160900.5,4
133,4,883,16380,元久,1204,1206,2160900.5,2161704.5,3
133,4,884,16380,建永,1206,1207,2161704.5,2162233.5,2
133,4,885,16380,承元,1207,1211,2162233.5,2163487.5,5
133,4,886,16381,建暦,1211,1213,2163487.5,2164488.5,3
133,4,886,16381,建曆,1211,1213,2163487.5,2164488.5,3
133,4,887,16381,建保,1213,1219,2164488.5,2166444.5,7
133,4,888,16381,承久,1219,1222,2166444.5,2167537.5,4
133,4,889,16383,貞応,1222,1224,2167537.5,2168488.5,3
133,4,889,16383,貞應,1222,1224,2167537.5,2168488.5,3
133,4,890,16383,元仁,1224,1225,2168488.5,2168636.5,2
133,4,891,16383,嘉禄,1225,1227,2168636.5,2169601.5,3
133,4,892,16383,安貞,1227,1229,2169601.5,2170039.5,3
133,4,893,16383,寛喜,1229,1232,2170039.5,2171158.5,4
133,4,894,16383,貞永,1232,1233,2171158.5,2171555.5,2
133,4,895,16384,天福,1233,1234,2171555.5,2172106.5,2
133,4,896,16384,文暦,1234,1235,2172106.5,2172445.5,2
133,4,896,16384,文曆,1234,1235,2172106.5,2172445.5,2
133,4,897,16384,嘉禎,1235,1238,2172445.5,2173600.5,4
133,4,898,16384,暦仁,1238,1239,2173600.5,2173673.5,2
133,4,898,16384,曆仁,1238,1239,2173600.5,2173673.5,2
133,4,899,16384,延応,1239,1240,2173673.5,2174184.5,2
133,4,899,16384,延應,1239,1240,2173673.5,2174184.5,2
133,4,900,16384,仁治,1240,1243,2174184.5,2175139.5,4
133,4,901,16385,寛元,1243,1247,2175139.5,2176618.5,5
133,4,902,16386,宝治,1247,1249,2176618.5,2177376.5,3
133,4,902,16386,寶治,1247,1249,2176618.5,2177376.5,3
133,4,903,16386,建長,1249,1256,2177376.5,2180108.5,8
133,4,904,16386,康元,1256,1257,2180108.5,2180266.5,2
133,4,905,16386,正嘉,1257,1259,2180266.5,2181016.5,3
133,4,906,16386,正元,1259,1260,2181016.5,2181416.5,2
133,4,907,16387,文応,1260,1261,2181416.5,2181718.5,2
133,4,907,16387,文應,1260,1261,2181416.5,2181718.5,2
133,4,908,16387,弘長,1261,1264,2181718.5,2182819.5,4
133,4,909,16387,文永,1264,1275,2182819.5,2186892.5,12
133,4,910,16388,建治,1275,1278,2186892.5,2187928.5,4
133,4,911,16388,弘安,1278,1288,2187928.5,2191648.5,11
133,4,912,16389,正応,1288,1293,2191648.5,2193574.5,6
133,4,912,16389,正應,1288,1293,2191648.5,2193574.5,6
133,4,913,16389,永仁,1293,1299,2193574.5,2195661.5,7
133,4,914,16390,正安,1299,1302,2195661.5,2196956.5,4
133,4,915,16391,乾元,1302,1303,2196956.5,2197236.5,2
133,4,916,16391,嘉元,1303,1306,2197236.5,2198456.5,4
133,4,917,16391,徳治,1306,1308,2198456.5,2199130.5,3
133,4,918,16392,延慶,1308,1311,2199130.5,2200036.5,4
133,4,919,16392,応長,1311,1312,2200036.5,2200382.5,2
133,4,919,16392,應長,1311,1312,2200036.5,2200382.5,2
133,4,920,16392,正和,1312,1317,2200382.5,2202166.5,6
133,4,921,16392,文保,1317,1319,2202166.5,2202959.5,3
133,4,922,16393,元応,1319,1321,2202959.5,2203633.5,3
133,4,922,16393,元應,1319,1321,2202959.5,2203633.5,3
133,4,923,16393,元亨,1321,1324,2203633.5,2205007.5,4
133,4,924,16393,正中,1324,1326,2205007.5,2205526.5,3
133,4,925,16393,嘉暦,1326,1329,2205526.5,2206739.5,4
133,4,925,16393,嘉曆,1326,1329,2205526.5,2206739.5,4
133,4,926,16393,元徳,1329,1332,2206739.5,2207458.5,4
133,4,927,16393,元弘,1331,1334,2207458.5,2208364.5,4
133,4,928,16393,建武,1334,1336,2208364.5,2209131.5,3
133,4,929,16393,延元,1336,1340,2209131.5,2210637.5,5
133,4,930,16394,興国,1340,1347,2210637.5,2212726.5,8
133,4,930,16394,興國,1340,1347,2210637.5,2212726.5,8
133,4,931,16394,正平,1346,1370,2212726.5,2221677.5,25
133,4,932,16395,建徳,1370,1372,2221677.5,2222333.5,3
133,4,933,16395,文中,1372,1375,2222333.5,2223452.5,4
133,4,934,16395,天授,1375,1381,2223452.5,2225532.5,7
133,4,935,16395,弘和,1381,1384,2225532.5,2226721.5,4
133,4,936,16396,元中,1384,1392,2226721.5,2229808.5,9
133,4,937,16397,正慶,1332,1333,2207713.5,2208123.5,2
133,4,938,16398,建武,1334,1338,2208364.5,2210045.5,5
133,4,939,16398,暦応,1338,1342,2210045.5,2211374.5,5
133,4,939,16398,曆應,1338,1342,2210045.5,2211374.5,5
133,4,940,16398,康永,1342,1345,2211374.5,2212637.5,4
133,4,941,16398,貞和,1345,1350,2212637.5,2214238.5,6
133,4,942,16399,観応,1350,1352,2214238.5,2215183.5,3
133,4,942,16399,觀應,1350,1352,2214238.5,2215183.5,3
133,4,943,16400,文和,1352,1356,2215183.5,2216455.5,5
133,4,944,16400,延文,1356,1361,2216455.5,2218286.5,6
133,4,945,16400,康安,1361,1362,2218286.5,2218811.5,2
133,4,946,16400,貞治,1362,1368,2218811.5,2220785.5,7
133,4,947,16400,応安,1368,1375,2220785.5,2223363.5,8
133,4,947,16400,應安,1368,1375,2220785.5,2223363.5,8
133,4,948,16401,永和,1375,1379,2223363.5,2224835.5,5
133,4,949,16401,康曆,1379,1381,2224835.5,2225546.5,3
133,4,949,16401,康暦,1379,1381,2224835.5,2225546.5,3
133,4,950,16401,永徳,1381,1384,2225546.5,2226641.5,4
133,4,951,16402,至徳,1384,1387,2226641.5,2227936.5,4
133,4,952,16402,嘉慶,1387,1389,2227936.5,2228455.5,3
133,4,953,16402,康応,1389,1390,2228455.5,2228856.5,2
133,4,953,16402,康應,1389,1390,2228455.5,2228856.5,2
133,4,954,16402,明徳,1390,1394,2228856.5,2230429.5,5
133,4,955,16402,應永,1394,1428,2230429.5,2242795.5,35
133,4,955,16402,応永,1394,1428,2230429.5,2242795.5,35
133,4,956,16403,正長,1428,1429,2242795.5,2243275.5,2
133,4,957,16404,永享,1429,1441,2243275.5,2247451.5,13
133,4,958,16404,嘉吉,1441,1444,2247451.5,2248531.5,4
133,4,959,16404,文安,1444,1449,2248531.5,2250532.5,6
133,4,960,16404,宝徳,1449,1452,2250532.5,2251622.5,4
133,4,960,16404,寶德,1449,1452,2250532.5,2251622.5,4
133,4,961,16404,享徳,1452,1455,2251622.5,2252744.5,4
133,4,962,16404,康正,1455,1457,2252744.5,2253515.5,3
133,4,963,16404,長禄,1457,1460,2253515.5,2254709.5,4
133,4,964,16404,寛正,1460,1466,2254709.5,2256580.5,7
133,4,965,16405,文正,1466,1467,2256580.5,2256977.5,2
133,4,966,16405,応仁,1467,1469,2256977.5,2257768.5,3
133,4,966,16405,應仁,1467,1469,2256977.5,2257768.5,3
133,4,967,16405,文明,1469,1487,2257768.5,2264404.5,19
133,4,968,16405,長享,1487,1489,2264404.5,2265173.5,3
133,4,969,16405,延徳,1489,1492,2265173.5,2266234.5,4
133,4,970,16405,明応,1492,1501,2266234.5,2269374.5,10
133,4,970,16405,明應,1492,1501,2266234.5,2269374.5,10
133,4,971,16406,文龜,1501,1504,2269374.5,2270468.5,4
133,4,971,16406,文亀,1501,1504,2269374.5,2270468.5,4
133,4,972,16406,永正,1504,1521,2270468.5,2276868.5,18
133,4,973,16406,大永,1521,1528,2276868.5,2279346.5,8
133,4,974,16407,享禄,1528,1532,2279346.5,2280861.5,5
133,4,975,16407,天文,1532,1555,2280861.5,2289331.5,24
133,4,976,16407,弘治,1555,1558,2289331.5,2290193.5,4
133,4,977,16408,永禄,1558,1570,2290193.5,2294646.5,13
133,4,978,16408,元龜,1570,1573,2294646.5,2295832.5,4
133,4,978,16408,元亀,1570,1573,2294646.5,2295832.5,4
133,4,979,16408,天正,1573,1592,2295832.5,2302900.5,20
133,4,980,16409,文禄,1592,1596,2302900.5,2304336.5,5
133,4,981,16409,慶長,1596,1615,2304336.5,2311173.5,20
133,4,982,16410,元和,1615,1624,2311173.5,2314320.5,10
133,4,983,16410,寛永,1624,1644,2314320.5,2321896.5,21
133,4,984,16412,正保,1644,1648,2321896.5,2323093.5,5
133,4,985,16412,慶安,1648,1652,2323093.5,2324733.5,5
133,4,986,16412,承応,1652,1655,2324733.5,2325673.5,4
133,4,986,16412,承應,1652,1655,2324733.5,2325673.5,4
133,4,987,16413,明暦,1655,1658,2325673.5,2326864.5,4
133,4,987,16413,明曆,1655,1658,2325673.5,2326864.5,4
133,4,988,16413,万治,1658,1661,2326864.5,2327870.5,4
133,4,988,16413,萬治,1658,1661,2326864.5,2327870.5,4
133,4,989,16413,寛文,1661,1673,2327870.5,2332413.5,13
133,4,990,16414,延寶,1673,1681,2332413.5,2335345.5,9
133,4,990,16414,延宝,1673,1681,2332413.5,2335345.5,9
133,4,991,16414,天和,1681,1684,2335345.5,2336223.5,4
133,4,992,16414,貞享,1684,1688,2336223.5,2337885.5,5
133,4,993,16415,元禄,1688,1704,2337885.5,2343538.5,17
133,4,994,16415,宝永,1704,1711,2343538.5,2346150.5,8
133,4,994,16415,寶永,1704,1711,2343538.5,2346150.5,8
133,4,995,16416,正徳,1711,1716,2346150.5,2348036.5,6
133,4,996,16416,享保,1716,1736,2348036.5,2355271.5,21
133,4,997,16417,元文,1736,1741,2355271.5,2357048.5,6
133,4,998,16417,寛保,1741,1744,2357048.5,2358141.5,4
133,4,999,16417,延享,1744,1748,2358141.5,2359720.5,5
133,4,1000,16418,寛延,1748,1751,2359720.5,2360946.5,4
133,4,1001,16418,宝暦,1751,1764,2360946.5,2365528.5,14
133,4,1001,16418,寶曆,1751,1764,2360946.5,2365528.5,14
133,4,1002,16419,明和,1764,1772,2365528.5,2368613.5,9
133,4,1003,16420,安永,1772,1781,2368613.5,2371671.5,10
133,4,1004,16421,天明,1781,1789,2371671.5,2374528.5,9
133,4,1005,16421,寛政,1789,1801,2374528.5,2378938.5,13
133,4,1006,16421,享和,1801,1804,2378938.5,2380037.5,4
133,4,1007,16421,文化,1804,1818,2380037.5,2385215.5,15
133,4,1008,16422,文政,1818,1830,2385215.5,2389797.5,13
133,4,1009,16422,天保,1830,1844,2389797.5,2394940.5,15
133,4,1010,16422,弘化,1844,1848,2394940.5,2396118.5,5
133,4,1011,16423,嘉永,1848,1854,2396118.5,2398598.5,7
133,4,1012,16423,安政,1854,1860,2398598.5,2400508.5,7
133,4,1013,16423,万延,1860,1861,2400508.5,2400825.5,2
133,4,1013,16423,萬延,1860,1861,2400508.5,2400825.5,2
133,4,1014,16423,文久,1861,1864,2400825.5,2401957.5,4
133,4,1015,16423,元治,1864,1865,2401957.5,2402356.5,2
133,4,1016,16423,慶応,1865,1868,2402356.5,2403628.5,4
133,4,1016,16423,慶應,1865,1868,2402356.5,2403628.5,4
133,4,1017,16424,明治,1868,1912,2403628.5,2419613.5,45
133,4,1018,16425,大正,1912,1926,2419613.5,2424874.5,15
133,4,1019,16426,昭和,1926,1989,2424874.5,2447533.5,64
136,7,1020,16510,建元,536,540,,,5
136,7,1021,16511,建元,536,551,,,16
136,7,1022,16511,開國,551,568,,,18
136,7,1023,16511,大昌,568,572,,,5
136,7,1024,16511,鴻濟,572,576,,,5
136,7,1025,16512,鴻濟,572,579,,,8
136,7,1026,16513,鴻濟,572,584,,,13
136,7,1027,16513,建福,584,632,,,49
136,7,1028,16514,建福,584,634,,,51
136,7,1029,16514,仁平,634,647,,,14
136,7,1030,16515,仁平,634,647,,,14
136,7,1031,16515,太和,647,650,,,4
136,7,1032,16515,永徽,650,654,,,5
136,7,1033,16516,永徽,650,655,,,6
136,7,1034,16516,顯慶,656,661,,,6
136,7,1035,16516,龍朔,661,661,,,1
136,7,1036,16517,龍朔,661,663,,,3
136,7,1037,16517,麟德,664,665,,,2
136,7,1038,16517,乾封,666,668,,,3
136,7,1039,16517,總章,668,670,,,3
136,7,1040,16517,咸亨,670,674,,,5
136,7,1041,16517,上元,674,676,,,3
136,7,1042,16517,儀鳳,676,679,,,4
136,7,1043,16517,調露,679,680,,,2
136,7,1044,16517,永隆,680,681,,,2
136,7,1045,16518,永隆,680,681,,,2
136,7,1046,16518,開耀,681,682,,,2
136,7,1047,16518,永淳,682,683,,,2
136,7,1048,16518,弘道,683,683,,,1
136,7,1049,16518,嗣聖,684,684,,,1
136,7,1050,16518,文明,684,684,,,1
136,7,1051,16518,垂拱,685,688,,,4
136,7,1052,16518,永昌,689,689,,,1
136,7,1053,16518,載初,689,690,,,2
136,7,1054,16518,天授,690,692,,,3
136,7,1055,16518,如意,692,692,,,1
136,7,1056,16519,如意,692,692,,,1
136,7,1057,16519,長壽,692,694,,,3
136,7,1058,16519,延載,694,694,,,1
136,7,1059,16519,証聖,695,696,,,2
136,7,1060,16519,萬歲通天,696,697,,,2
136,7,1061,16519,神功,697,697,,,1
136,7,1062,16519,聖曆,698,700,,,3
136,7,1063,16519,久视,700,701,,,2
136,7,1064,16519,大足,701,701,,,1
136,7,1065,16519,長安,701,702,,,2
136,7,1066,16520,長安,701,704,,,4
136,7,1067,16520,神龍,705,707,,,3
136,7,1068,16520,景龍,707,710,,,4
136,7,1069,16520,景雲,710,712,,,3
136,7,1070,16520,太極,712,712,,,1
136,7,1071,16520,延和,712,712,,,1
136,7,1072,16520,先天,712,713,,,2
136,7,1073,16520,開元,713,737,,,25
136,7,1074,16521,開元,713,741,,,29
136,7,1075,16521,天寶,742,742,,,1
136,7,1076,16522,天寶,742,756,,,15
136,7,1077,16522,至德,757,758,,,2
136,7,1078,16522,乾元,758,760,,,3
136,7,1079,16522,上元,760,761,,,2
136,7,1080,16522,寶應,762,763,,,2
136,7,1081,16522,廣德,764,764,,,1
136,7,1082,16522,永泰,765,765,,,1
136,7,1083,16523,永泰,765,766,,,2
136,7,1084,16523,大曆,766,779,,,14
136,7,1085,16523,建中,780,780,,,1
136,7,1086,16524,建中,780,783,,,4
136,7,1087,16524,興元,784,784,,,1
136,7,1088,16524,貞元,785,785,,,1
136,7,1089,16525,貞元,785,798,,,14
136,7,1090,16526,貞元,785,800,,,16
136,7,1091,16527,貞元,785,805,,,21
136,7,1092,16527,永貞,805,805,,,1
136,7,1093,16527,元和,806,809,,,4
136,7,1094,16528,元和,806,820,,,15
136,7,1095,16528,長慶,821,824,,,4
136,7,1096,16528,寶曆,825,826,,,2
136,7,1097,16529,寶曆,826,827,,,2
136,7,1098,16529,大和,827,835,,,9
136,7,1099,16529,開成,836,836,,,1
136,7,1100,16530,開成,836,838,,,3
136,7,1101,16531,開成,836,839,,,4
136,7,1102,16532,開成,836,839,,,4
136,7,1103,16533,開成,836,840,,,5
136,7,1104,16533,會昌,841,846,,,6
136,7,1105,16533,大中,847,857,,,11
136,7,1106,16534,大中,847,860,,,14
136,7,1107,16534,咸通,860,861,,,2
136,7,1108,16535,咸通,860,875,,,16
136,7,1109,16535,乾符,875,875,,,1
136,7,1110,16536,乾符,875,879,,,5
136,7,1111,16536,廣明,880,882,,,3
136,7,1112,16536,中和,882,886,,,5
136,7,1113,16536,光啟,886,886,,,1
136,7,1114,16537,光啟,886,887,,,2
136,7,1115,16538,光啟,886,888,,,3
136,7,1116,16538,文德,888,888,,,1
136,7,1117,16538,龍紀,889,889,,,1
136,7,1118,16538,大順,890,892,,,3
136,7,1119,16538,景福,893,893,,,1
136,7,1120,16538,乾寧,894,897,,,4
136,7,1121,16539,乾寧,894,898,,,5
136,7,1122,16539,光化,898,901,,,4
136,7,1123,16539,天復,901,904,,,4
136,7,1124,16539,天祐,904,907,,,4
136,7,1125,16539,開平,907,911,,,5
136,7,1126,16539,乾化,911,912,,,2
136,7,1127,16540,乾化,911,915,,,5
136,7,1128,16540,貞明,915,917,,,3
136,7,1129,16541,貞明,915,921,,,7
136,7,1130,16541,龍德,921,923,,,3
136,7,1131,16541,同光,923,924,,,2
136,7,1132,16542,同光,923,926,,,4
136,7,1133,16542,天成,926,927,,,2
136,7,1134,16543,天成,926,930,,,5
136,7,1135,16543,長興,930,933,,,4
136,7,1136,16543,應順,934,934,,,1
136,7,1137,16543,清泰,934,935,,,2
139,6,1138,16562,正開,901,936,,,36
139,6,1139,16563,正開,901,936,,,36
140,5,1140,16561,武泰,904,905,,,2
140,5,1141,16561,聖冊,905,911,,,7
140,5,1142,16561,永德萬歲,911,914,,,4
140,5,1143,16561,政開,914,918,,,5
141,5,1144,16567,天授,918,933,,,16
141,5,1145,16567,長興,933,933,,,1
141,5,1146,16567,應順,934,934,,,1
141,5,1147,16567,清泰,934,938,,,5
141,5,1148,16567,天福,938,943,,,6
141,5,1149,16568,天福,938,944,,,7
141,5,1150,16568,開運,944,945,,,2
141,5,1151,16569,開運,944,948,,,5
141,5,1152,16569,乾祐,948,949,,,2
141,5,1153,16570,光德,950,951,,,2
141,5,1154,16570,廣順,951,954,,,4
141,5,1155,16570,顯德,954,960,,,7
141,5,1156,16570,峻豐,960,963,,,4
141,5,1157,16570,乾德,963,968,,,6
141,5,1158,16570,開寶,968,975,,,8
141,5,1159,16571,開寶,968,976,,,9
141,5,1160,16571,太平興國,976,981,,,6
141,5,1161,16573,太平興國,976,984,,,9
141,5,1162,16573,雍熙,984,987,,,4
141,5,1163,16573,端拱,988,989,,,2
141,5,1164,16573,淳化,990,994,,,5
141,5,1165,16573,統和,994,997,,,4
141,5,1166,16574,統和,994,1009,,,16
141,5,1167,16576,統和,994,1012,,,19
141,5,1168,16576,開泰,1012,1015,,,4
141,5,1169,16576,大中祥符,1016,1016,,,1
141,5,1170,16576,天禧,1017,1022,,,6
141,5,1171,16576,乾興,1022,1022,,,1
141,5,1172,16576,太平,1022,1031,,,10
141,5,1173,16577,太平,1022,1034,,,13
141,5,1174,16578,太平,1022,1038,,,17
141,5,1175,16578,重熙,1038,1046,,,9
141,5,1176,16579,重熙,1038,1055,,,18
141,5,1177,16579,清宁,1055,1064,,,10
141,5,1178,16579,咸雍,1065,1074,,,10
141,5,1179,16579,大康,1075,1082,,,8
141,5,1180,16580,大康,1075,1083,,,9
141,5,1181,16581,大康,1075,1084,,,10
141,5,1182,16581,大安,1085,1094,,,10
141,5,1183,16582,壽昌,1095,1095,,,1
141,5,1184,16583,壽昌,1095,1101,,,7
141,5,1185,16583,乾統,1101,1105,,,5
141,5,1186,16584,乾統,1101,1110,,,10
141,5,1187,16584,天慶,1111,1116,,,6
141,5,1188,16585,皇統,1141,1146,,,6
141,5,1189,16586,皇統,1141,1149,,,9
141,5,1190,16586,天德,1149,1153,,,5
141,5,1191,16586,貞元,1153,1156,,,4
141,5,1192,16586,正豐,1156,1161,,,6
141,5,1193,16586,大定,1161,1170,,,10
141,5,1194,16587,大定,1161,1189,,,29
141,5,1195,16587,明昌,1190,1196,,,7
141,5,1196,16587,承安,1196,1197,,,2
141,5,1197,16588,承安,1196,1200,,,5
141,5,1198,16588,泰和,1201,1204,,,4
141,5,1199,16589,泰和,1201,1208,,,8
141,5,1200,16589,大安,1209,1211,,,3
141,5,1201,16590,崇慶,1212,1213,,,2
141,5,1202,16590,至宁,1213,1213,,,1
141,5,1203,16590,貞祐,1213,1213,,,1
141,5,1204,16591,貞祐,1213,1224,,,12
141,5,1205,16593,中統,1260,1264,,,5
141,5,1206,16593,至元,1264,1274,,,11
141,5,1207,16594,至元,1264,1294,,,31
141,5,1208,16594,元貞,1295,1297,,,3
141,5,1209,16594,大德,1297,1307,,,11
141,5,1210,16594,至大,1308,1308,,,1
141,5,1211,16595,至大,1308,1311,,,4
141,5,1212,16595,皇慶,1312,1313,,,2
141,5,1213,16596,延祐,1314,1320,,,7
141,5,1214,16596,至理,1321,1323,,,3
141,5,1215,16596,泰定,1324,1328,,,5
141,5,1216,16596,致和,1328,1328,,,1
141,5,1217,16596,天順,1328,1328,,,1
141,5,1218,16596,天曆,1328,1330,,,3
141,5,1219,16596,至順,1330,1330,,,1
141,5,1220,16597,至順,1330,1332,,,3
141,5,1221,16596,至順,1330,1333,,,4
141,5,1222,16596,元統,1333,1335,,,3
141,5,1223,16596,至元,1335,1339,,,5
141,5,1224,16597,至元,1335,1340,,,6
141,5,1225,16597,至正,1335,1344,,,10
141,5,1226,16598,至正,1335,1348,,,14
141,5,1227,16599,至正,1335,1351,,,17
141,5,1228,16600,至正,1335,1369,,,35
141,5,1229,16600,洪武,1370,1374,,,5
141,5,1230,16601,洪武,1370,1377,,,8
141,5,1231,16601,宣光,1377,1378,,,2
141,5,1232,16601,洪武,1378,1388,,,11
141,5,1233,16602,洪武,1378,1389,,,12
141,5,1234,16603,洪武,1378,1392,,,15
142,5,1235,16608,洪武,1378,1398,,,21
142,5,1236,16609,建文,1399,1400,,,2
142,5,1237,16610,建文,1399,1402,,,4
142,5,1238,16610,洪武,1402,1402,,,1
142,5,1239,16610,永樂,1403,1418,,,16
142,5,1240,16611,永樂,1403,1424,,,22
142,5,1241,16611,洪熙,1425,1425,,,1
142,5,1242,16611,宣德,1426,1435,,,10
142,5,1243,16611,正統,1436,1449,,,14
142,5,1244,16611,景泰,1450,1450,,,1
142,5,1245,16612,景泰,1450,1452,,,3
142,5,1246,16613,景泰,1450,1455,,,6
142,5,1247,16614,景泰,1450,1457,,,8
142,5,1248,16614,天順,1457,1464,,,8
142,5,1249,16614,成化,1465,1468,,,4
142,5,1250,16615,成化,1465,1469,,,5
142,5,1251,16616,成化,1465,1487,,,23
142,5,1252,16616,弘治,1488,1494,,,7
142,5,1253,16618,弘治,1488,1505,,,18
142,5,1254,16618,正德,1506,1506,,,1
142,5,1255,16619,正德,1506,1521,,,16
142,5,1256,16619,嘉靖,1522,1544,,,23
142,5,1257,16620,嘉靖,1522,1545,,,24
142,5,1258,16621,嘉靖,1522,1566,,,45
142,5,1259,16621,隆慶,1567,1567,,,1
142,5,1260,16622,隆慶,1567,1572,,,6
142,5,1261,16622,萬曆,1573,1608,,,36
142,5,1262,16623,萬曆,1573,1620,,,48
142,5,1263,16623,泰昌,1620,1620,,,1
142,5,1264,16623,天啟,1621,1623,,,3
142,5,1265,16625,天啟,1621,1627,,,7
142,5,1266,16625,崇禎,1628,1637,,,10
142,5,1267,16625,崇德,1637,1643,,,7
142,5,1268,16625,順治,1644,1649,,,6
142,5,1269,16626,順治,1644,1659,,,16
142,5,1270,16627,順治,1644,1661,,,18
142,5,1271,16627,康熙,1662,1674,,,13
142,5,1272,16628,康熙,1662,1720,,,59
142,5,1273,16629,康熙,1662,1722,,,61
142,5,1274,16629,雍正,1723,1724,,,2
142,5,1275,16630,雍正,1723,1735,,,13
142,5,1276,16630,乾隆,1736,1776,,,41
142,5,1277,16633,乾隆,1736,1795,,,60
142,5,1278,16633,嘉慶,1796,1800,,,5
142,5,1279,16634,嘉慶,1796,1820,,,25
142,5,1280,16634,道光,1821,1834,,,14
142,5,1281,16636,道光,1821,1849,,,29
142,5,1282,16637,道光,1821,1850,,,30
142,5,1283,16637,咸丰,1851,1861,,,11
142,5,1284,16637,同治,1862,1863,,,2
142,5,1285,16638,同治,1862,1874,,,13
142,5,1286,16638,光緒,1875,1894,,,20
142,5,1287,16638,開國,1392,1895,,,504
142,5,1288,16638,建陽,1896,1897,,,2
142,5,1289,16638,光武,1897,1907,,,11
142,5,1290,16639,隆熙,1907,1910,,,4
112,3,1291,15267,同光,923,926,2058315.5,2059440.5,4
112,3,1292,15268,天成,926,926,2059440.5,2059657.5,1
101,3,1293,15258,武義,919,921,2056844.5,2057524.5,3
101,3,1294,15259,順義,921,927,2057524.5,2059976.5,7
101,3,1295,15259,乾貞,927,929,2059976.5,2060738.5,3
101,3,1296,15259,乾正,927,929,2059976.5,2060738.5,3
104,3,1297,15266,廣順,951,953,2068453.5,2069542.5,3
104,3,1298,15266,顯德,954,960,2069542.5,2071731.5,7
104,3,1299,15266,建隆,960,963,2071731.5,2073130.5,4
104,3,1300,15266,乾德,963,968,2073130.5,2074969.5,6
104,3,1301,15266,開寶,968,976,2074969.5,2077920.5,9
104,3,1302,15266,太平興國,976,978,2077920.5,2078431.5,3
1,,1303,,,,,,,
1,,1304,,,,,,,
1,,1305,,,,,,,
1,,1306,,,,,,,
97,3,1307,4131,天祐,904,907,2051513.5,2052470.5,4
1,,1308,,,,,,,
41,1,1309,1878,,-245,-209,1631515.5,1644657.5,37
41,1,1310,1879,,-208,-206,1644657.5,1646133.5,3
41,1,1311,1880,,-205,-205,1646133.5,1646251.5,1
133,4,1312,16411,寛永,1624,1644,2314320.5,2321896.5,21
133,4,1313,16412,寛永,1624,1644,2314320.5,2321896.5,21
133,4,1314,16345,天平寶字,757,765,1997802.5,2000505.5,9
133,4,1314,16345,天平宝字,757,765,1997802.5,2000505.5,9
133,4,1315,16405,寛正,1460,1466,2254709.5,2256580.5,7
133,4,1316,16409,天正,1573,1592,2295832.5,2302900.5,20
133,4,1317,16410,慶長,1596,1615,2304336.5,2311173.5,20
133,4,1318,16414,寛文,1661,1673,2327870.5,2332413.5,13
133,4,1319,16416,宝永,1704,1711,2343538.5,2346150.5,8
133,4,1319,16416,寶永,1704,1711,2343538.5,2346150.5,8
133,4,1320,16419,宝暦,1751,1764,2360946.5,2365528.5,14
133,4,1320,16419,寶曆,1751,1764,2360946.5,2365528.5,14
133,4,1321,16421,安永,1772,1781,2368613.5,2371671.5,10
133,4,1322,16423,弘化,1844,1848,2394940.5,2396118.5,5
