[
{
    "model": "auth.permission",
    "pk": 1,
    "fields": {
        "name": "Can add log entry",
        "content_type": 1,
        "codename": "add_logentry"
    }
},
{
    "model": "auth.permission",
    "pk": 2,
    "fields": {
        "name": "Can change log entry",
        "content_type": 1,
        "codename": "change_logentry"
    }
},
{
    "model": "auth.permission",
    "pk": 3,
    "fields": {
        "name": "Can delete log entry",
        "content_type": 1,
        "codename": "delete_logentry"
    }
},
{
    "model": "auth.permission",
    "pk": 4,
    "fields": {
        "name": "Can view log entry",
        "content_type": 1,
        "codename": "view_logentry"
    }
},
{
    "model": "auth.permission",
    "pk": 5,
    "fields": {
        "name": "Can add permission",
        "content_type": 2,
        "codename": "add_permission"
    }
},
{
    "model": "auth.permission",
    "pk": 6,
    "fields": {
        "name": "Can change permission",
        "content_type": 2,
        "codename": "change_permission"
    }
},
{
    "model": "auth.permission",
    "pk": 7,
    "fields": {
        "name": "Can delete permission",
        "content_type": 2,
        "codename": "delete_permission"
    }
},
{
    "model": "auth.permission",
    "pk": 8,
    "fields": {
        "name": "Can view permission",
        "content_type": 2,
        "codename": "view_permission"
    }
},
{
    "model": "auth.permission",
    "pk": 9,
    "fields": {
        "name": "Can add group",
        "content_type": 3,
        "codename": "add_group"
    }
},
{
    "model": "auth.permission",
    "pk": 10,
    "fields": {
        "name": "Can change group",
        "content_type": 3,
        "codename": "change_group"
    }
},
{
    "model": "auth.permission",
    "pk": 11,
    "fields": {
        "name": "Can delete group",
        "content_type": 3,
        "codename": "delete_group"
    }
},
{
    "model": "auth.permission",
    "pk": 12,
    "fields": {
        "name": "Can view group",
        "content_type": 3,
        "codename": "view_group"
    }
},
{
    "model": "auth.permission",
    "pk": 13,
    "fields": {
        "name": "Can add user",
        "content_type": 4,
        "codename": "add_user"
    }
},
{
    "model": "auth.permission",
    "pk": 14,
    "fields": {
        "name": "Can change user",
        "content_type": 4,
        "codename": "change_user"
    }
},
{
    "model": "auth.permission",
    "pk": 15,
    "fields": {
        "name": "Can delete user",
        "content_type": 4,
        "codename": "delete_user"
    }
},
{
    "model": "auth.permission",
    "pk": 16,
    "fields": {
        "name": "Can view user",
        "content_type": 4,
        "codename": "view_user"
    }
},
{
    "model": "auth.permission",
    "pk": 17,
    "fields": {
        "name": "Can add content type",
        "content_type": 5,
        "codename": "add_contenttype"
    }
},
{
    "model": "auth.permission",
    "pk": 18,
    "fields": {
        "name": "Can change content type",
        "content_type": 5,
        "codename": "change_contenttype"
    }
},
{
    "model": "auth.permission",
    "pk": 19,
    "fields": {
        "name": "Can delete content type",
        "content_type": 5,
        "codename": "delete_contenttype"
    }
},
{
    "model": "auth.permission",
    "pk": 20,
    "fields": {
        "name": "Can view content type",
        "content_type": 5,
        "codename": "view_contenttype"
    }
},
{
    "model": "auth.permission",
    "pk": 21,
    "fields": {
        "name": "Can add session",
        "content_type": 6,
        "codename": "add_session"
    }
},
{
    "model": "auth.permission",
    "pk": 22,
    "fields": {
        "name": "Can change session",
        "content_type": 6,
        "codename": "change_session"
    }
},
{
    "model": "auth.permission",
    "pk": 23,
    "fields": {
        "name": "Can delete session",
        "content_type": 6,
        "codename": "delete_session"
    }
},
{
    "model": "auth.permission",
    "pk": 24,
    "fields": {
        "name": "Can view session",
        "content_type": 6,
        "codename": "view_session"
    }
},
{
    "model": "auth.permission",
    "pk": 25,
    "fields": {
        "name": "Can add category",
        "content_type": 7,
        "codename": "add_category"
    }
},
{
    "model": "auth.permission",
    "pk": 26,
    "fields": {
        "name": "Can change category",
        "content_type": 7,
        "codename": "change_category"
    }
},
{
    "model": "auth.permission",
    "pk": 27,
    "fields": {
        "name": "Can delete category",
        "content_type": 7,
        "codename": "delete_category"
    }
},
{
    "model": "auth.permission",
    "pk": 28,
    "fields": {
        "name": "Can view category",
        "content_type": 7,
        "codename": "view_category"
    }
},
{
    "model": "auth.permission",
    "pk": 29,
    "fields": {
        "name": "Can add genre",
        "content_type": 8,
        "codename": "add_genre"
    }
},
{
    "model": "auth.permission",
    "pk": 30,
    "fields": {
        "name": "Can change genre",
        "content_type": 8,
        "codename": "change_genre"
    }
},
{
    "model": "auth.permission",
    "pk": 31,
    "fields": {
        "name": "Can delete genre",
        "content_type": 8,
        "codename": "delete_genre"
    }
},
{
    "model": "auth.permission",
    "pk": 32,
    "fields": {
        "name": "Can view genre",
        "content_type": 8,
        "codename": "view_genre"
    }
},
{
    "model": "auth.permission",
    "pk": 33,
    "fields": {
        "name": "Can add tag",
        "content_type": 9,
        "codename": "add_tag"
    }
},
{
    "model": "auth.permission",
    "pk": 34,
    "fields": {
        "name": "Can change tag",
        "content_type": 9,
        "codename": "change_tag"
    }
},
{
    "model": "auth.permission",
    "pk": 35,
    "fields": {
        "name": "Can delete tag",
        "content_type": 9,
        "codename": "delete_tag"
    }
},
{
    "model": "auth.permission",
    "pk": 36,
    "fields": {
        "name": "Can view tag",
        "content_type": 9,
        "codename": "view_tag"
    }
},
{
    "model": "auth.permission",
    "pk": 37,
    "fields": {
        "name": "Can add author",
        "content_type": 10,
        "codename": "add_author"
    }
},
{
    "model": "auth.permission",
    "pk": 38,
    "fields": {
        "name": "Can change author",
        "content_type": 10,
        "codename": "change_author"
    }
},
{
    "model": "auth.permission",
    "pk": 39,
    "fields": {
        "name": "Can delete author",
        "content_type": 10,
        "codename": "delete_author"
    }
},
{
    "model": "auth.permission",
    "pk": 40,
    "fields": {
        "name": "Can view author",
        "content_type": 10,
        "codename": "view_author"
    }
},
{
    "model": "auth.permission",
    "pk": 41,
    "fields": {
        "name": "Can add book",
        "content_type": 11,
        "codename": "add_book"
    }
},
{
    "model": "auth.permission",
    "pk": 42,
    "fields": {
        "name": "Can change book",
        "content_type": 11,
        "codename": "change_book"
    }
},
{
    "model": "auth.permission",
    "pk": 43,
    "fields": {
        "name": "Can delete book",
        "content_type": 11,
        "codename": "delete_book"
    }
},
{
    "model": "auth.permission",
    "pk": 44,
    "fields": {
        "name": "Can view book",
        "content_type": 11,
        "codename": "view_book"
    }
},
{
    "model": "auth.user",
    "pk": 1,
    "fields": {
        "password": "pbkdf2_sha256$870000$FbCviLeBQ4LMgUCgR0sP2Q$MB7bttlTzdfIciqUzZK5v/1975XgKaS5OVd+iGLsvmE=",
        "last_login": null,
        "is_superuser": false,
        "username": "user1",
        "first_name": "",
        "last_name": "",
        "email": "user1@example.com",
        "is_staff": false,
        "is_active": true,
        "date_joined": "2024-12-30T08:38:37.590Z",
        "groups": [],
        "user_permissions": []
    }
},
{
    "model": "auth.user",
    "pk": 2,
    "fields": {
        "password": "pbkdf2_sha256$870000$iMqCDtbjZ1BMtqJn8ZvzDw$p4nFIZF1wozIPajwXPBn1D9zfCgj6D45Gn4QC2p09ZU=",
        "last_login": null,
        "is_superuser": false,
        "username": "user2",
        "first_name": "",
        "last_name": "",
        "email": "user2@example.com",
        "is_staff": false,
        "is_active": true,
        "date_joined": "2024-12-30T08:38:37.809Z",
        "groups": [],
        "user_permissions": []
    }
},
{
    "model": "auth.user",
    "pk": 3,
    "fields": {
        "password": "pbkdf2_sha256$870000$Fjt0DwBblGpr5dFqiTqwvM$9SC27RsQW+kSibCNAzThl6dadjqY6f5j7AUm08aSjTQ=",
        "last_login": null,
        "is_superuser": false,
        "username": "user3",
        "first_name": "",
        "last_name": "",
        "email": "user3@example.com",
        "is_staff": false,
        "is_active": true,
        "date_joined": "2024-12-30T08:38:38.024Z",
        "groups": [],
        "user_permissions": []
    }
},
{
    "model": "auth.user",
    "pk": 4,
    "fields": {
        "password": "pbkdf2_sha256$870000$WMNNkNkGoqJhy6cDcBmY5a$IMxc871X4suQ1aK/RBvKLb8XbLGqPaeaq/VCUjZB2Ic=",
        "last_login": null,
        "is_superuser": false,
        "username": "user4",
        "first_name": "",
        "last_name": "",
        "email": "user4@example.com",
        "is_staff": false,
        "is_active": true,
        "date_joined": "2024-12-30T08:38:38.238Z",
        "groups": [],
        "user_permissions": []
    }
},
{
    "model": "auth.user",
    "pk": 5,
    "fields": {
        "password": "pbkdf2_sha256$870000$PB4qMqEkA72Kri7sXOY8PS$hv80TLCBL9JpeFohlxKFiqdf8aW+dbb7s3kMtSgPsOU=",
        "last_login": null,
        "is_superuser": false,
        "username": "user5",
        "first_name": "",
        "last_name": "",
        "email": "user5@example.com",
        "is_staff": false,
        "is_active": true,
        "date_joined": "2024-12-30T08:38:38.453Z",
        "groups": [],
        "user_permissions": []
    }
},
{
    "model": "contenttypes.contenttype",
    "pk": 1,
    "fields": {
        "app_label": "admin",
        "model": "logentry"
    }
},
{
    "model": "contenttypes.contenttype",
    "pk": 2,
    "fields": {
        "app_label": "auth",
        "model": "permission"
    }
},
{
    "model": "contenttypes.contenttype",
    "pk": 3,
    "fields": {
        "app_label": "auth",
        "model": "group"
    }
},
{
    "model": "contenttypes.contenttype",
    "pk": 4,
    "fields": {
        "app_label": "auth",
        "model": "user"
    }
},
{
    "model": "contenttypes.contenttype",
    "pk": 5,
    "fields": {
        "app_label": "contenttypes",
        "model": "contenttype"
    }
},
{
    "model": "contenttypes.contenttype",
    "pk": 6,
    "fields": {
        "app_label": "sessions",
        "model": "session"
    }
},
{
    "model": "contenttypes.contenttype",
    "pk": 7,
    "fields": {
        "app_label": "example",
        "model": "category"
    }
},
{
    "model": "contenttypes.contenttype",
    "pk": 8,
    "fields": {
        "app_label": "example",
        "model": "genre"
    }
},
{
    "model": "contenttypes.contenttype",
    "pk": 9,
    "fields": {
        "app_label": "example",
        "model": "tag"
    }
},
{
    "model": "contenttypes.contenttype",
    "pk": 10,
    "fields": {
        "app_label": "example",
        "model": "author"
    }
},
{
    "model": "contenttypes.contenttype",
    "pk": 11,
    "fields": {
        "app_label": "example",
        "model": "book"
    }
},
{
    "model": "example.author",
    "pk": 1,
    "fields": {
        "user": 1,
        "biography": "This is the biography of user1."
    }
},
{
    "model": "example.author",
    "pk": 2,
    "fields": {
        "user": 2,
        "biography": "This is the biography of user2."
    }
},
{
    "model": "example.author",
    "pk": 3,
    "fields": {
        "user": 3,
        "biography": "This is the biography of user3."
    }
},
{
    "model": "example.author",
    "pk": 4,
    "fields": {
        "user": 4,
        "biography": "This is the biography of user4."
    }
},
{
    "model": "example.author",
    "pk": 5,
    "fields": {
        "user": 5,
        "biography": "This is the biography of user5."
    }
},
{
    "model": "example.tag",
    "pk": 1,
    "fields": {
        "name": "Django"
    }
},
{
    "model": "example.tag",
    "pk": 2,
    "fields": {
        "name": "Python"
    }
},
{
    "model": "example.tag",
    "pk": 3,
    "fields": {
        "name": "Programming"
    }
},
{
    "model": "example.tag",
    "pk": 4,
    "fields": {
        "name": "Web Development"
    }
},
{
    "model": "example.tag",
    "pk": 5,
    "fields": {
        "name": "Tutorial"
    }
},
{
    "model": "example.category",
    "pk": 1,
    "fields": {
        "name": "Fiction"
    }
},
{
    "model": "example.category",
    "pk": 2,
    "fields": {
        "name": "Non-Fiction"
    }
},
{
    "model": "example.category",
    "pk": 3,
    "fields": {
        "name": "Science"
    }
},
{
    "model": "example.category",
    "pk": 4,
    "fields": {
        "name": "Technology"
    }
},
{
    "model": "example.book",
    "pk": 1,
    "fields": {
        "title": "Book Title 1",
        "author": 2,
        "publisher": "Publisher 1",
        "keywords": "keyword1, keyword2",
        "category": 2,
        "additional_keywords": "additional1, additional2",
        "co_authors": [
            1,
            2
        ],
        "genres": [
            2
        ],
        "tags": [
            1,
            2,
            3,
            4,
            5
        ]
    }
},
{
    "model": "example.book",
    "pk": 2,
    "fields": {
        "title": "Book Title 2",
        "author": 2,
        "publisher": "Publisher 2",
        "keywords": "keyword1, keyword2",
        "category": 3,
        "additional_keywords": "additional1, additional2",
        "co_authors": [
            1,
            2
        ],
        "genres": [
            3
        ],
        "tags": [
            1,
            2,
            3,
            4,
            5
        ]
    }
},
{
    "model": "example.book",
    "pk": 3,
    "fields": {
        "title": "Book Title 3",
        "author": 4,
        "publisher": "Publisher 3",
        "keywords": "keyword1, keyword2",
        "category": 4,
        "additional_keywords": "additional1, additional2",
        "co_authors": [
            1,
            2
        ],
        "genres": [
            4
        ],
        "tags": [
            1,
            2,
            3,
            4,
            5
        ]
    }
},
{
    "model": "example.book",
    "pk": 4,
    "fields": {
        "title": "Book Title 4",
        "author": 5,
        "publisher": "Publisher 4",
        "keywords": "keyword1, keyword2",
        "category": 1,
        "additional_keywords": "additional1, additional2",
        "co_authors": [
            1,
            2
        ],
        "genres": [
            1
        ],
        "tags": [
            1,
            2,
            3,
            4,
            5
        ]
    }
},
{
    "model": "example.book",
    "pk": 5,
    "fields": {
        "title": "Book Title 5",
        "author": 1,
        "publisher": "Publisher 5",
        "keywords": "keyword1, keyword2",
        "category": 2,
        "additional_keywords": "additional1, additional2",
        "co_authors": [
            1,
            2
        ],
        "genres": [
            2
        ],
        "tags": [
            1,
            2,
            3,
            4,
            5
        ]
    }
},
{
    "model": "example.book",
    "pk": 6,
    "fields": {
        "title": "Book Title 6",
        "author": 2,
        "publisher": "Publisher 6",
        "keywords": "keyword1, keyword2",
        "category": 3,
        "additional_keywords": "additional1, additional2",
        "co_authors": [
            1,
            2
        ],
        "genres": [
            3
        ],
        "tags": [
            1,
            2,
            3,
            4,
            5
        ]
    }
},
{
    "model": "example.book",
    "pk": 7,
    "fields": {
        "title": "Book Title 7",
        "author": 3,
        "publisher": "Publisher 7",
        "keywords": "keyword1, keyword2",
        "category": 4,
        "additional_keywords": "additional1, additional2",
        "co_authors": [
            1,
            2
        ],
        "genres": [
            4
        ],
        "tags": [
            1,
            2,
            3,
            4,
            5
        ]
    }
},
{
    "model": "example.book",
    "pk": 8,
    "fields": {
        "title": "Book Title 8",
        "author": 4,
        "publisher": "Publisher 8",
        "keywords": "keyword1, keyword2",
        "category": 1,
        "additional_keywords": "additional1, additional2",
        "co_authors": [
            1,
            2
        ],
        "genres": [
            1
        ],
        "tags": [
            1,
            2,
            3,
            4,
            5
        ]
    }
},
{
    "model": "example.book",
    "pk": 9,
    "fields": {
        "title": "Book Title 9",
        "author": 5,
        "publisher": "Publisher 9",
        "keywords": "keyword1, keyword2",
        "category": 2,
        "additional_keywords": "additional1, additional2",
        "co_authors": [
            1,
            2
        ],
        "genres": [
            2
        ],
        "tags": [
            1,
            2,
            3,
            4,
            5
        ]
    }
},
{
    "model": "example.book",
    "pk": 10,
    "fields": {
        "title": "Book Title 10",
        "author": 1,
        "publisher": "Publisher 10",
        "keywords": "keyword1, keyword2",
        "category": 3,
        "additional_keywords": "additional1, additional2",
        "co_authors": [
            1,
            2
        ],
        "genres": [
            3
        ],
        "tags": [
            1,
            2,
            3,
            4,
            5
        ]
    }
},
{
    "model": "example.genre",
    "pk": 1,
    "fields": {
        "name": "Adventure"
    }
},
{
    "model": "example.genre",
    "pk": 2,
    "fields": {
        "name": "Mystery"
    }
},
{
    "model": "example.genre",
    "pk": 3,
    "fields": {
        "name": "Fantasy"
    }
},
{
    "model": "example.genre",
    "pk": 4,
    "fields": {
        "name": "Biography"
    }
},
{
    "model": "example.authorspecialization",
    "pk": 1,
    "fields": {
      "name": "Science Fiction",
      "author": 1
    }
  },
  {
    "model": "example.authorspecialization",
    "pk": 2,
    "fields": {
      "name": "Technical Writing",
      "author": 1
    }
  },
  {
    "model": "example.authorspecialization",
    "pk": 3,
    "fields": {
      "name": "Historical Fiction",
      "author": 2
    }
  },
  {
    "model": "example.authorspecialization",
    "pk": 4,
    "fields": {
      "name": "Biography",
      "author": 2
    }
  },
  {
    "model": "example.authorspecialization",
    "pk": 5,
    "fields": {
      "name": "Mystery",
      "author": 3
    }
  },
  {
    "model": "example.authorspecialization",
    "pk": 6,
    "fields": {
      "name": "Children's Literature",
      "author": 3
    }
  },
  {
    "model": "example.authorspecialization",
    "pk": 7,
    "fields": {
      "name": "Poetry",
      "author": 4
    }
  },
  {
    "model": "example.authorspecialization",
    "pk": 8,
    "fields": {
      "name": "Fantasy",
      "author": 4
    }
  },
  {
    "model": "example.authorspecialization",
    "pk": 9,
    "fields": {
      "name": "Academic Writing",
      "author": 5
    }
  },
  {
    "model": "example.bookreview",
    "pk": 1,
    "fields": {
        "book": 1,
        "review_text": "An excellent read with compelling characters",
        "rating": 5,
        "review_date": "2024-01-01"
    }
},
{
    "model": "example.bookreview",
    "pk": 2,
    "fields": {
        "book": 1,
        "review_text": "Good but could be better",
        "rating": 4,
        "review_date": "2024-01-02"
    }
},
{
    "model": "example.bookreview",
    "pk": 3,
    "fields": {
        "book": 1,
        "review_text": "Really did not like it",
        "rating": 2,
        "review_date": "2024-02-02"
    }
},
{
    "model": "example.bookreview",
    "pk": 4,
    "fields": {
        "book": 2,
        "review_text": "Fascinating insights throughout",
        "rating": 5,
        "review_date": "2024-01-03"
    }
},
{
    "model": "example.bookreview",
    "pk": 5,
    "fields": {
        "book": 3,
        "review_text": "A solid introduction to the topic",
        "rating": 4,
        "review_date": "2024-01-04"
    }
},
{
    "model": "example.bookreview",
    "pk": 6,
    "fields": {
        "book": 4,
        "review_text": "Well researched but dry in places",
        "rating": 3,
        "review_date": "2024-01-05"
    }
}


]
