query_idx	product_idx	label	cluster_id	original_query_id	original_product_id
6	872	0	0	262	412
6	738	0	0	262	3536
6	1912	0	0	262	8653
6	97	0	0	262	10481
6	183	0	0	262	11837
6	240	0	0	262	14503
6	245	0	0	262	14746
6	267	0	0	262	16088
6	388	0	0	262	20338
6	540	0	0	262	26854
6	546	0	0	262	27070
6	591	0	0	262	29294
6	790	0	0	262	37751
6	793	0	0	262	37864
6	942	0	0	262	44656
6	982	0	0	262	46361
6	1126	0	0	262	51764
6	1451	0	0	262	65623
6	1470	0	0	262	67125
6	1543	0	0	262	69883
6	1885	0	0	262	85330
6	1916	1	0	262	86632
6	1939	0	0	262	87559
6	1970	1	0	262	88593
6	2015	1	0	262	90305
6	2081	0	0	262	93479
6	37	1	0	262	101955
6	91	0	0	262	104455
6	151	0	0	262	106859
32	253	0	0	1261	1516
32	1216	0	0	1261	5595
32	1400	0	0	1261	6372
32	1586	0	0	1261	7223
32	363	1	0	1261	19449
32	372	0	0	1261	19839
32	473	0	0	1261	23946
32	482	0	0	1261	24382
32	517	1	0	1261	25651
32	518	0	0	1261	25686
32	531	0	0	1261	26094
32	562	0	0	1261	27931
32	643	0	0	1261	31650
32	688	0	0	1261	33324
32	849	0	0	1261	40316
32	975	0	0	1261	46192
32	1087	0	0	1261	50237
32	1090	1	0	1261	50282
32	1118	0	0	1261	51365
32	1257	0	0	1261	57955
32	1682	0	0	1261	76142
32	1690	0	0	1261	76795
32	1739	1	0	1261	78772
32	1924	0	0	1261	86871
32	1977	0	0	1261	88993
32	2090	0	0	1261	93958
32	2156	0	0	1261	97217
32	143	0	0	1261	106647
67	809	1	0	2528	3828
67	1258	0	0	2528	5798
67	285	0	0	2528	16791
67	416	0	0	2528	21621
67	807	0	0	2528	38257
67	1020	0	0	2528	48033
67	1104	0	0	2528	50741
67	1140	0	0	2528	52022
67	1175	0	0	2528	53594
67	1348	0	0	2528	61534
67	1494	0	0	2528	67821
67	1566	0	0	2528	71116
67	1684	0	0	2528	76322
67	1691	0	0	2528	76829
67	1703	0	0	2528	77318
67	1720	0	0	2528	78080
67	1782	0	0	2528	80634
67	1962	0	0	2528	88198
67	39	0	0	2528	101977
67	127	1	0	2528	105906
82	1135	0	0	3051	5194
82	1432	0	0	3051	6506
82	2030	0	0	3051	9089
82	384	1	0	3051	20223
82	623	0	0	3051	30691
82	636	0	0	3051	31399
82	646	0	0	3051	31773
82	672	0	0	3051	32629
82	741	1	0	3051	35511
82	745	0	0	3051	35746
82	1025	0	0	3051	48191
82	1168	0	0	3051	53318
82	1376	0	0	3051	62788
82	1660	0	0	3051	74838
82	1675	0	0	3051	75681
82	1901	0	0	3051	86062
82	1982	0	0	3051	89103
82	9	0	0	3051	100802
82	60	0	0	3051	103212
82	140	1	0	3051	106549
60	648	0	0	2237	3185
60	838	0	0	2237	3983
60	217	0	0	2237	13494
60	218	0	0	2237	13510
60	469	0	0	2237	23573
60	522	1	1	2237	25827
60	662	0	0	2237	32240
60	737	0	0	2237	35311
60	854	0	1	2237	40418
60	1127	0	0	2237	51792
60	1189	0	0	2237	54457
60	1206	1	1	2237	55454
60	1337	0	0	2237	61113
60	1347	0	0	2237	61533
60	1398	0	0	2237	63710
60	1534	0	0	2237	69575
60	1931	0	0	2237	87185
60	2000	0	0	2237	89692
60	2128	0	0	2237	96023
60	2203	1	1	2237	99471
60	80	1	0	2237	103993
10	783	0	0	354	374
10	1343	0	0	354	6127
10	197	0	0	354	12696
10	277	0	0	354	16526
10	417	0	0	354	21649
10	529	0	0	354	26037
10	976	0	0	354	46196
10	1041	1	0	354	48829
10	1075	0	0	354	49936
10	1185	0	0	354	54359
10	1275	0	0	354	58603
10	1279	0	0	354	58773
10	1323	1	0	354	60606
10	1357	0	0	354	61854
10	1654	0	0	354	74589
10	1693	1	0	354	76868
10	1758	1	0	354	79751
10	1830	0	0	354	82745
10	1850	1	0	354	83682
10	1853	1	0	354	83826
10	1961	1	0	354	88177
10	1981	0	0	354	89093
10	2028	0	0	354	90821
10	2078	0	0	354	93391
10	2098	1	0	354	94307
10	2152	1	0	354	96978
26	541	0	0	887	2687
26	2052	0	0	887	9210
26	507	0	0	887	25294
26	830	0	0	887	39369
26	1066	0	0	887	49587
26	1334	0	0	887	61086
26	1419	0	0	887	64339
26	1436	0	0	887	65235
26	1590	0	0	887	72377
26	1793	1	0	887	81362
26	1847	0	0	887	83601
26	2119	1	0	887	95607
26	2200	0	0	887	99428
26	44	1	0	887	102125
26	65	0	0	887	103412
33	255	1	0	1270	1529
33	617	1	0	1270	3053
33	169	0	0	1270	10878
33	330	1	0	1270	18295
33	605	1	0	1270	29749
33	696	0	0	1270	33623
33	776	0	0	1270	37051
33	778	0	0	1270	37166
33	984	0	0	1270	46564
33	1114	0	0	1270	51159
33	1120	0	0	1270	51413
33	1535	0	0	1270	69640
33	1583	1	0	1270	72079
33	1673	0	0	1270	75601
33	1737	0	0	1270	78740
33	1769	0	0	1270	80160
33	2109	0	0	1270	95058
33	2133	0	0	1270	96258
33	125	1	0	1270	105854
107	179	1	0	4559	11627
107	334	1	0	4559	18362
107	437	0	0	4559	22454
107	490	0	0	4559	24687
107	680	0	0	4559	33097
107	805	1	0	4559	38218
107	841	0	0	4559	39926
107	856	0	0	4559	40493
107	927	0	0	4559	44157
107	1023	1	0	4559	48098
107	1026	0	0	4559	48231
107	1030	1	0	4559	48432
107	1044	0	0	4559	48872
107	1063	0	0	4559	49526
107	1085	0	0	4559	50211
107	1587	0	0	4559	72231
107	1670	1	0	4559	75503
107	2172	0	0	4559	98005
107	102	0	0	4559	105100
88	1276	0	0	3283	5867
88	203	0	0	3283	12783
88	272	0	0	3283	16248
88	694	0	0	3283	33540
88	747	0	0	3283	35797
88	933	0	0	3283	44401
88	980	1	0	3283	46292
88	1034	0	0	3283	48518
88	1571	0	0	3283	71491
88	1657	0	0	3283	74719
88	1817	0	0	3283	82174
88	1824	1	0	3283	82357
88	72	0	0	3283	103776
16	1009	0	0	565	4774
16	742	0	0	565	35520
16	1086	1	0	565	50223
16	1173	0	0	565	53558
16	1295	0	0	565	59421
16	1298	0	0	565	59610
16	1512	1	0	565	68798
16	1572	0	0	565	71576
16	1599	0	0	565	72634
16	1822	0	0	565	82311
16	2148	0	0	565	96810
16	133	0	0	565	106133
49	461	0	0	1784	2337
49	1562	0	0	1784	7097
49	358	0	0	1784	19393
49	421	0	0	1784	21749
49	586	1	0	1784	29094
49	1092	0	0	1784	50306
49	1248	1	0	1784	57553
49	1509	0	0	1784	68633
49	1672	0	0	1784	75509
49	1904	0	0	1784	86173
49	2185	0	0	1784	98698
49	113	0	0	1784	105418
113	250	1	0	4991	15084
113	542	0	0	4991	26906
113	655	0	0	4991	32080
113	705	0	0	4991	33890
113	767	0	0	4991	36747
113	840	0	0	4991	39898
113	1016	0	0	4991	47898
113	1217	0	0	4991	56003
113	2120	0	0	4991	95631
113	89	0	0	4991	104444
118	561	0	0	6183	27856
118	584	0	0	6183	28968
118	794	0	0	6183	37901
118	831	0	0	6183	39384
118	885	0	0	6183	41654
118	914	1	0	6183	43665
118	957	0	0	6183	45339
118	1171	0	0	6183	53487
118	1801	0	0	6183	81718
118	1903	0	0	6183	86134
118	1935	1	0	6183	87443
118	1940	1	0	6183	87561
118	18	0	0	6183	101448
118	64	1	0	6183	103380
72	336	0	0	2663	18492
72	396	1	0	2663	20697
72	961	0	0	2663	45559
72	1128	1	0	2663	51857
72	1353	0	0	2663	61812
72	1361	0	0	2663	62228
72	1361	0	0	2663	62228
72	1859	0	0	2663	84112
72	2088	0	0	2663	93711
72	2092	0	0	2663	94074
72	21	0	0	2663	101509
114	375	1	0	5127	19947
114	622	1	0	5127	30690
114	700	0	0	5127	33719
114	858	0	0	5127	40600
114	963	0	0	5127	45649
114	1000	0	0	5127	47369
114	1052	0	0	5127	49113
114	1405	0	0	5127	63824
114	1495	0	0	5127	67862
114	1884	0	0	5127	85281
114	2159	0	0	5127	97553
22	462	0	0	711	23425
22	810	1	0	711	38342
22	823	0	0	711	38987
22	848	0	0	711	40270
22	1228	0	0	711	56490
22	1330	0	0	711	61013
22	1346	0	0	711	61437
22	1358	0	0	711	61856
22	1589	0	0	711	72347
59	1625	0	0	2189	7363
59	868	1	0	2189	41032
59	891	0	0	2189	42091
59	1164	0	0	2189	53064
59	1310	0	0	2189	60114
59	1652	0	0	2189	74542
59	2050	0	0	2189	91972
59	2127	0	0	2189	95987
59	2187	0	0	2189	98878
81	1113	0	0	3018	5113
81	2096	0	0	3018	9429
81	310	0	0	3018	17525
81	525	0	0	3018	25978
81	620	0	0	3018	30633
81	651	0	0	3018	31917
81	1040	0	0	3018	48820
81	1265	0	0	3018	58250
81	1286	1	0	3018	59067
81	1481	0	0	3018	67448
81	1577	1	0	3018	71883
81	1636	1	0	3018	73893
81	1642	0	0	3018	74036
81	1930	1	0	3018	87161
81	2181	1	0	3018	98381
81	2211	1	0	3018	99811
81	45	0	0	3018	102219
81	70	1	0	3018	103651
81	104	0	0	3018	105144
8	381	0	0	293	20054
8	674	0	0	293	32748
8	691	0	0	293	33437
8	897	1	0	293	42590
8	1272	0	0	293	58469
8	1293	0	0	293	59325
8	1812	0	0	293	82051
8	2005	0	0	293	89866
8	2057	0	0	293	92206
8	2094	1	0	293	94250
18	296	1	1	678	1710
18	154	0	1	678	10705
18	211	0	1	678	13176
18	273	0	1	678	16307
18	418	0	1	678	21652
18	515	1	1	678	25636
18	569	0	1	678	28113
18	614	0	1	678	30352
18	746	0	1	678	35764
18	875	0	1	678	41267
18	882	0	1	678	41531
18	964	0	1	678	45730
18	998	0	1	678	47241
18	1050	0	1	678	49088
18	1143	1	1	678	52091
18	1225	0	1	678	56317
18	1232	0	1	678	56773
18	1273	0	1	678	58489
18	1325	0	1	678	60711
18	1498	0	1	678	68006
18	1820	0	1	678	82237
18	1888	0	1	678	85396
18	1917	0	1	678	86720
18	1920	0	1	678	86761
18	1979	1	1	678	89007
18	1984	0	1	678	89225
18	2037	0	1	678	91298
18	2169	0	1	678	97951
18	2190	0	1	678	98968
18	79	0	1	678	103985
18	106	0	1	678	105193
18	161	0	1	678	107356
64	681	1	1	2300	3314
64	850	0	1	2300	4033
64	1338	0	1	2300	6112
64	1445	0	1	2300	6547
64	2039	1	1	2300	9145
64	22	1	1	2300	10155
64	292	1	1	2300	17027
64	316	0	1	2300	17686
64	319	0	1	2300	17843
64	352	0	1	2300	19213
64	382	0	1	2300	20136
64	389	0	1	2300	20356
64	543	0	1	2300	26908
64	611	0	1	2300	30166
64	645	0	1	2300	31746
64	768	0	1	2300	36760
64	812	0	1	2300	38443
64	864	0	1	2300	40742
64	953	0	1	2300	45185
64	1042	1	1	2300	48836
64	1117	0	1	2300	51354
64	1155	0	1	2300	52516
64	1156	0	1	2300	52563
64	1222	0	1	2300	56140
64	1384	0	1	2300	63125
64	1479	1	1	2300	67437
64	1483	0	1	2300	67486
64	1549	0	1	2300	70387
64	1561	0	1	2300	70932
64	1659	0	1	2300	74785
64	1683	0	1	2300	76291
64	1688	0	1	2300	76579
64	1701	0	1	2300	77120
64	1890	0	1	2300	85590
64	1918	0	1	2300	86727
64	1934	0	1	2300	87412
64	2029	0	1	2300	90871
64	2184	0	1	2300	98635
64	10	0	1	2300	100918
62	945	0	1	2250	4481
62	1121	0	1	2250	5150
62	1161	0	1	2250	5297
62	1178	0	1	2250	5381
62	164	0	1	2250	10753
62	165	0	1	2250	10774
62	224	0	1	2250	13802
62	581	0	1	2250	28837
62	644	0	1	2250	31652
62	702	0	1	2250	33772
62	736	0	1	2250	35307
62	798	0	1	2250	38129
62	881	0	1	2250	41530
62	1001	0	1	2250	47397
62	1153	0	1	2250	52499
62	1200	1	1	2250	55071
62	1224	0	1	2250	56260
62	1309	0	1	2250	60078
62	488	0	1	2250	24582
62	1454	0	1	2250	65723
62	1488	0	1	2250	67721
62	1748	0	1	2250	79457
62	1755	1	1	2250	79649
62	1759	1	1	2250	79766
62	1829	1	1	2250	82707
62	1856	0	1	2250	84017
62	1864	0	1	2250	84377
62	1960	0	1	2250	88057
62	2035	0	1	2250	91160
62	2056	0	1	2250	92146
62	2204	1	1	2250	99500
7	600	0	1	286	297
7	209	1	1	286	1307
7	1396	0	1	286	6368
7	141	0	1	286	10661
7	180	0	1	286	11629
7	198	0	1	286	12706
7	266	1	1	286	16069
7	304	0	1	286	17319
7	367	0	1	286	19698
7	385	0	1	286	20229
7	460	0	1	286	23350
7	485	1	1	286	24550
7	536	0	1	286	26331
7	661	0	1	286	32239
7	670	1	1	286	32555
7	678	0	1	286	33046
7	679	1	1	286	33051
7	682	0	1	286	33148
7	689	0	1	286	33339
7	867	0	1	286	41024
7	898	0	1	286	42774
7	983	0	1	286	46494
7	994	0	1	286	47066
7	1122	0	1	286	51548
7	1186	1	1	286	54372
7	1202	0	1	286	55181
7	1285	1	1	286	59025
7	1304	0	1	286	59945
7	1332	0	1	286	61032
7	1339	0	1	286	61128
7	1383	0	1	286	63087
7	1392	0	1	286	63565
7	1437	0	1	286	65236
7	1443	0	1	286	65341
7	1714	1	1	286	77767
7	1757	0	1	286	79730
7	1764	1	1	286	79953
7	1810	0	1	286	82005
7	1841	1	1	286	83316
7	1919	1	1	286	86742
7	2022	0	1	286	90489
7	2115	0	1	286	95530
7	112	0	1	286	105380
61	649	0	1	2238	3186
61	1796	0	5	2238	8152
61	1826	0	1	2238	8251
61	2195	0	5	2238	9908
61	205	1	1	2238	12826
61	307	0	5	2238	17483
61	491	0	5	2238	24691
61	535	0	5	2238	26281
61	758	0	1	2238	36262
61	923	0	1	2238	44021
61	1203	1	5	2238	55253
61	1227	0	1	2238	56376
61	1567	1	1	2238	71293
61	1608	0	5	2238	73089
61	1678	0	5	2238	75957
61	1971	0	1	2238	88643
61	2054	0	1	2238	92125
61	2142	0	5	2238	96557
83	1169	1	1	3104	5340
83	2007	0	1	3104	8995
83	166	0	1	3104	10781
83	695	1	5	3104	33576
83	722	0	5	3104	34621
83	817	0	1	3104	38722
83	835	0	1	3104	39714
83	1448	0	5	3104	65564
83	1489	0	1	3104	67724
83	1765	0	1	3104	79969
83	1879	0	5	3104	85067
83	1896	0	1	3104	85769
83	68	0	5	3104	103600
83	95	0	1	3104	104752
119	588	1	1	6269	29260
119	1107	0	1	6269	50878
119	1223	0	1	6269	56151
119	1612	0	1	6269	73225
119	1632	0	1	6269	73801
119	1641	0	1	6269	74022
119	1708	0	1	6269	77524
119	1825	0	1	6269	82462
119	1894	0	1	6269	85764
119	1958	0	1	6269	88015
14	1108	0	1	477	509
14	822	0	5	477	3884
14	378	0	1	477	20040
14	498	0	1	477	24974
14	545	1	1	477	27067
14	671	0	1	477	32557
14	673	1	5	477	32644
14	1080	1	5	477	50060
14	1133	0	1	477	51917
14	1244	0	5	477	57333
14	1368	0	5	477	62538
14	2191	0	5	477	98970
14	56	0	1	477	102930
14	84	1	1	477	104097
89	1277	0	1	3285	5871
89	1513	0	1	3285	6880
89	348	0	1	3285	19066
89	447	0	1	3285	22774
89	595	0	1	3285	29460
89	627	1	1	3285	30881
89	954	0	1	3285	45236
89	1017	1	1	3285	47905
89	1074	0	1	3285	49917
89	1290	0	1	3285	59250
89	1322	0	1	3285	60600
89	1869	0	1	3285	84632
89	1949	1	1	3285	87715
89	76	1	1	3285	103872
46	1159	0	1	1729	5271
46	1408	0	1	1729	6392
46	433	0	1	1729	22178
46	635	1	1	1729	31279
46	955	0	1	1729	45254
46	973	0	1	1729	46105
46	1188	1	1	1729	54380
46	1387	0	1	1729	63438
46	1422	0	1	1729	64577
46	1819	0	1	1729	82221
46	2034	0	1	1729	91018
87	1270	0	1	3275	5839
87	1356	1	1	3275	6185
87	1369	1	1	3275	6258
87	2091	0	1	3275	9406
87	291	0	1	3275	16998
87	338	1	1	3275	18560
87	599	1	1	3275	29629
87	616	0	1	3275	30379
87	621	0	1	3275	30643
87	1051	0	1	3275	49108
87	1240	0	1	3275	57092
87	1262	0	1	3275	58131
87	1317	0	1	3275	60315
87	1389	0	1	3275	63464
87	1391	1	1	3275	63527
87	1900	0	1	3275	86025
87	1995	1	1	3275	89554
87	2048	1	1	3275	91910
87	2053	1	1	3275	92106
87	2072	0	1	3275	92909
87	2103	0	1	3275	94574
87	2105	0	1	3275	94642
87	2170	1	1	3275	97953
11	1413	0	1	359	6405
11	283	0	5	359	16703
11	410	0	1	359	21357
11	606	0	1	359	29751
11	1182	0	1	359	54088
11	1559	0	1	359	70836
11	1945	1	2	359	87654
11	2064	0	1	359	92606
11	54	0	5	359	102854
11	149	1	2	359	106817
91	1352	1	1	3372	6177
91	1921	0	1	3372	8680
91	134	0	1	3372	10621
91	223	0	1	3372	13797
91	332	1	1	3372	18312
91	366	0	1	3372	19692
91	441	0	1	3372	22559
91	1198	1	1	3372	54985
91	1220	0	1	3372	56082
91	1299	1	1	3372	59761
91	1379	1	1	3372	62880
91	1415	0	1	3372	64189
91	1453	1	1	3372	65712
91	1518	0	1	3372	69039
91	1669	1	1	3372	75455
91	1803	1	1	3372	81758
91	1832	1	1	3372	82845
91	1838	1	1	3372	83152
91	1842	0	1	3372	83330
91	1518	0	1	3372	69039
91	2114	0	1	3372	95245
91	2206	0	1	3372	99513
91	25	0	1	3372	101624
91	107	1	1	3372	105201
91	120	0	1	3372	105665
9	279	0	3	298	1657
9	295	0	1	298	17083
9	376	0	1	298	19982
9	520	0	1	298	25734
9	577	0	1	298	28543
9	1059	1	1	298	49398
9	1629	0	1	298	73726
9	1932	1	1	298	87201
9	1967	1	1	298	88523
9	48	0	1	298	102310
84	215	0	1	3141	13348
84	563	0	1	3141	27946
84	1019	0	1	3141	47959
84	1596	0	1	3141	72552
84	1743	0	1	3141	79070
84	1875	1	1	3141	84771
108	186	0	1	4626	12016
108	652	1	1	4626	31988
108	752	1	1	4626	35994
108	777	0	1	4626	37148
108	900	0	1	4626	42932
108	1055	0	1	4626	49307
108	1139	0	1	4626	52014
108	1301	0	1	4626	59863
108	1427	0	1	4626	64822
108	1709	0	1	4626	77540
108	1877	1	1	4626	84998
108	2025	1	1	4626	90764
108	2049	1	1	4626	91929
108	2058	0	1	4626	92227
108	2214	1	1	4626	99993
108	90	0	1	4626	104448
108	108	1	1	4626	105234
115	356	1	1	5141	19335
115	470	1	1	5141	23730
115	532	0	1	5141	26179
115	574	0	1	5141	28353
115	619	1	1	5141	30591
115	724	0	1	5141	34734
115	796	0	1	5141	38030
115	1004	0	1	5141	47515
115	1119	1	1	5141	51401
115	1138	1	1	5141	52000
115	1813	0	1	5141	82063
115	1866	1	1	5141	84503
115	2021	0	1	5141	90472
115	2079	0	1	5141	93448
3	148	1	5	97	10678
3	379	1	5	97	20041
3	478	0	0	97	24132
3	818	0	1	97	38729
3	918	0	1	97	43777
3	1300	0	1	97	59776
3	1463	0	1	97	66461
3	2122	1	1	97	95917
36	1101	1	1	1394	5059
36	526	0	1	1394	25984
36	1948	0	1	1394	87713
36	1974	0	1	1394	88827
36	2154	0	1	1394	97012
36	49	0	1	1394	102342
36	71	1	1	1394	103652
36	126	1	1	1394	105886
27	8	0	1	891	1007
27	1551	0	1	891	7044
27	1580	1	1	891	7200
27	238	1	1	891	14380
27	743	0	1	891	35583
27	791	0	1	891	37765
27	1418	0	1	891	64298
27	1644	1	1	891	74129
27	1950	0	1	891	87737
27	2059	1	1	891	92235
69	828	0	2	2567	3916
69	1218	0	2	2567	5602
69	1307	0	2	2567	6006
69	1633	0	2	2567	7382
69	2017	1	2	2567	9040
69	446	0	2	2567	22763
69	570	0	2	2567	28165
69	626	0	2	2567	30880
69	780	0	2	2567	37260
69	786	0	2	2567	37563
69	787	0	2	2567	37591
69	795	1	2	2567	37987
69	950	0	2	2567	45152
69	985	0	2	2567	46593
69	1005	0	2	2567	47632
69	1124	0	2	2567	51627
69	1170	0	2	2567	53451
69	1255	0	2	2567	57887
69	1264	0	2	2567	58206
69	1280	1	2	2567	58888
69	1395	0	2	2567	63672
69	1502	0	2	2567	68394
69	1607	0	2	2567	73025
69	1615	1	2	2567	73355
69	1781	0	2	2567	80543
69	1928	0	2	2567	87147
69	1941	0	2	2567	87579
69	1953	0	2	2567	87823
69	1968	0	2	2567	88541
69	88	0	0	2567	104336
102	2093	0	2	4173	9421
102	2104	0	2	4173	9462
102	2	0	2	4173	10024
102	192	1	2	4173	12311
102	271	1	2	4173	16225
102	365	1	2	4173	19607
102	420	0	2	4173	21695
102	423	0	2	4173	21763
102	467	1	2	4173	23491
102	528	1	2	4173	26018
102	601	0	2	4173	29708
102	750	0	2	4173	35976
102	915	0	2	4173	43671
102	917	0	2	4173	43719
102	1033	0	2	4173	48508
102	1294	0	2	4173	59387
102	1449	1	2	4173	65579
102	1455	0	2	4173	65783
102	1468	0	2	4173	66830
102	1630	0	2	4173	73765
102	1789	0	2	4173	81178
102	1861	0	2	4173	84210
102	1906	0	2	4173	86312
102	1929	1	2	4173	87154
102	1965	0	2	4173	88378
102	2065	0	2	4173	92761
102	42	0	2	4173	102101
102	99	0	2	4173	104971
102	117	0	2	4173	105529
102	129	1	2	4173	105976
102	146	0	2	4173	106704
102	158	0	2	4173	107146
0	450	0	2	23	23
0	207	0	2	23	12968
0	239	1	2	23	14499
0	339	0	2	23	18585
0	504	0	2	23	25138
0	547	0	2	23	27103
0	1077	0	2	23	50012
0	1314	0	2	23	60220
0	1365	0	2	23	62332
0	1530	0	2	23	69410
0	1555	0	2	23	70554
0	1573	0	2	23	71659
0	1602	0	2	23	72687
0	1611	0	2	23	73212
0	1730	0	2	23	78442
0	1989	0	2	23	89360
0	2139	0	2	23	96328
0	62	1	2	23	103307
0	109	0	2	23	105296
51	475	1	2	1820	2398
51	75	0	2	1820	10383
51	456	0	2	1820	23247
51	1069	0	2	1820	49684
51	1149	0	2	1820	52370
51	1284	0	2	1820	59018
51	1373	0	2	1820	62670
51	1439	1	2	1820	65283
51	1500	0	2	1820	68312
51	1505	0	2	1820	68536
51	1741	0	2	1820	78892
51	1854	0	2	1820	83921
51	1871	0	2	1820	84684
51	1998	0	2	1820	89643
51	2033	0	2	1820	90985
51	69	0	2	1820	103604
51	78	0	2	1820	103974
42	1447	0	2	1539	6553
42	287	1	2	1539	16816
42	298	0	2	1539	17156
42	300	0	2	1539	17207
42	422	0	2	1539	21756
42	440	0	2	1539	22490
42	465	1	2	1539	23465
42	560	0	2	1539	27788
42	711	1	2	1539	34203
42	716	0	2	1539	34534
42	847	1	2	1539	40176
42	916	0	2	1539	43705
42	968	1	2	1539	45973
42	1115	0	2	1539	51266
42	1230	1	2	1539	56578
42	1254	1	2	1539	57794
42	1461	0	2	1539	66249
42	1520	0	2	1539	69096
42	1558	0	2	1539	70667
42	1594	1	2	1539	72464
42	1600	0	2	1539	72638
42	1610	1	2	1539	73186
42	1718	1	2	1539	78016
42	1736	0	2	1539	78718
42	1751	0	2	1539	79488
42	2014	1	2	1539	90266
42	2038	0	2	1539	91416
42	2045	0	2	1539	91853
42	2134	0	2	1539	96273
42	1594	1	2	1539	72464
42	2162	0	2	1539	97682
42	53	1	2	1539	102842
42	100	0	2	1539	105007
42	150	0	2	1539	106838
77	939	0	2	2777	4452
77	1466	1	2	2777	6664
77	233	1	2	2777	14254
77	448	0	2	2777	22806
77	580	0	2	2777	28802
77	604	0	2	2777	29718
77	669	1	2	2777	32447
77	860	0	2	2777	40614
77	943	0	2	2777	44683
77	966	0	2	2777	45744
77	1057	0	2	2777	49368
77	1111	0	2	2777	50992
77	1231	0	2	2777	56685
77	1303	0	2	2777	59923
77	1381	1	2	2777	62938
77	1716	0	2	2777	77834
77	1860	1	2	2777	84114
77	1865	0	2	2777	84422
77	2123	0	2	2777	95935
77	2161	1	2	2777	97659
77	59	0	2	2777	103187
57	523	0	2	1932	2588
57	1635	0	2	1932	7386
57	194	1	2	1932	12393
57	331	0	2	1932	18305
57	354	0	2	1932	19262
57	380	0	2	1932	20052
57	501	0	2	1932	25087
57	1341	1	2	1932	61146
57	1450	0	2	1932	65593
57	1724	0	2	1932	78256
57	1733	0	2	1932	78639
57	1862	1	2	1932	84298
57	2085	0	2	1932	93600
57	2144	0	2	1932	96585
57	2165	0	2	1932	97822
57	35	0	2	1932	101779
57	50	0	2	1932	102474
98	1707	0	2	3792	7746
98	173	1	2	3792	11322
98	248	0	2	3792	14913
98	324	0	2	3792	18065
98	486	0	2	3792	24551
98	607	0	2	3792	29904
98	1367	1	2	3792	62449
98	1446	0	2	3792	65483
98	1638	0	2	3792	73975
98	1655	1	2	3792	74668
98	1700	0	2	3792	77074
98	1785	0	2	3792	80972
98	1787	0	2	3792	80992
98	1844	0	2	3792	83524
98	20	0	2	3792	101501
98	135	0	2	3792	106218
80	714	0	2	3017	34335
80	726	0	2	3017	34750
80	760	1	2	3017	36421
80	775	0	2	3017	37039
80	937	1	2	3017	44505
80	1036	0	2	3017	48573
80	1131	0	2	3017	51899
80	1219	0	2	3017	56077
80	1564	1	2	3017	71055
80	1699	0	2	3017	77066
80	1839	0	2	3017	83276
80	1914	0	2	3017	86544
80	1963	0	2	3017	88292
80	2012	0	2	3017	90134
80	2031	0	2	3017	90895
80	2178	1	0	3017	98261
80	2199	1	2	3017	99427
80	119	0	2	3017	105617
47	439	0	2	1735	2248
47	163	0	2	1735	10743
47	342	0	2	1735	18728
47	459	0	2	1735	23345
47	513	1	2	1735	25532
47	575	0	2	1735	28403
47	735	0	2	1735	35221
47	1205	0	2	1735	55390
47	1274	0	2	1735	58517
47	1321	0	2	1735	60562
47	1377	0	2	1735	62859
47	1442	0	2	1735	65338
47	1933	0	2	1735	87271
47	24	1	2	1735	101571
25	2074	0	2	835	931
25	534	1	2	835	2625
25	590	0	2	835	2929
25	861	1	2	835	4063
25	1504	1	2	835	6850
25	290	1	2	835	16978
25	320	0	2	835	17893
25	703	1	2	835	33840
25	727	0	2	835	34778
25	772	0	2	835	36901
25	1315	0	2	835	60250
25	1326	0	2	835	60810
25	1687	0	2	835	76557
25	1735	0	2	835	78698
25	1762	0	2	835	79900
25	1837	0	2	835	83136
25	2006	0	2	835	89914
25	2089	1	2	835	93794
25	122	0	2	835	105766
97	1680	0	2	3759	7607
97	230	0	2	3759	13951
97	231	0	2	3759	14017
97	263	0	2	3759	15850
97	533	0	2	3759	26202
97	720	0	2	3759	34559
97	1289	1	2	3759	59184
97	1541	0	2	3759	69835
97	1598	0	2	3759	72566
97	1662	1	2	3759	74899
97	1955	0	2	3759	87883
97	1959	0	2	3759	88040
97	29	0	2	3759	101670
106	260	0	2	4469	15550
106	337	1	2	4469	18528
106	344	1	2	4469	18875
106	598	0	2	4469	29620
106	656	0	2	4469	32091
106	739	0	2	4469	35465
106	788	0	2	4469	37716
106	1259	0	2	4469	58014
106	1305	0	2	4469	59954
106	1544	0	2	4469	70100
106	1821	0	2	4469	82272
106	2125	0	2	4469	95944
106	85	0	2	4469	104192
30	234	0	2	1210	1432
30	1538	0	2	1210	6968
30	370	0	2	1210	19805
30	804	0	2	1210	38207
30	824	0	2	1210	39056
30	978	1	2	1210	46252
30	1105	0	2	1210	50805
30	1181	0	2	1210	54084
30	1616	0	2	1210	73378
30	1990	0	2	1210	89398
54	480	1	2	1845	2428
54	2136	0	2	1845	9628
54	175	0	2	1845	11372
54	552	0	2	1845	27269
54	657	0	2	1845	32130
54	819	0	2	1845	38746
54	829	1	2	1845	39189
54	1141	0	2	1845	52043
54	1722	0	2	1845	78133
54	2155	0	2	1845	97153
54	34	0	2	1845	101771
104	2137	0	2	4219	9630
104	254	0	2	4219	15205
104	683	0	2	4219	33173
104	1236	0	2	4219	56861
104	1256	0	2	4219	57944
104	1695	0	2	4219	76987
104	1767	0	2	4219	80050
104	1772	0	2	4219	80346
104	1827	0	2	4219	82669
104	1926	1	2	4219	86992
104	2118	1	2	4219	95602
96	1649	0	2	3718	7438
96	593	0	2	3718	29336
96	654	0	2	3718	32033
96	1095	0	2	3718	50402
96	1192	0	2	3718	54643
96	1297	1	2	3718	59547
96	1631	0	2	3718	73800
96	1784	0	2	3718	80899
96	1799	0	2	3718	81647
96	1873	1	2	3718	84715
96	2131	0	2	3718	96168
96	30	1	2	3718	101687
99	1887	1	2	3976	8536
99	487	0	2	3976	24564
99	725	0	2	3976	34739
99	1082	0	2	3976	50141
99	1163	0	2	3976	53052
99	1380	0	2	3976	62925
99	1460	0	2	3976	66198
99	1800	0	2	3976	81694
99	1952	1	2	3976	87818
99	1972	1	2	3976	88702
99	1800	0	2	3976	81694
99	2147	0	2	3976	96803
101	2077	0	2	4156	9329
101	219	0	2	4156	13538
101	579	0	2	4156	28770
101	582	1	2	4156	28899
101	753	0	2	4156	36033
101	931	0	2	4156	44362
101	1024	0	2	4156	48119
101	1190	1	2	4156	54499
101	1319	0	2	4156	60347
101	1456	0	2	4156	65801
101	1621	1	2	4156	73581
101	81	0	2	4156	103994
39	212	0	2	1446	13263
39	521	0	2	1446	25818
39	692	0	2	1446	33480
39	903	0	2	1446	43149
39	1676	0	2	1446	75702
39	1728	0	2	1446	78357
39	1966	0	2	1446	88425
39	2002	0	2	1446	89827
39	2143	1	2	1446	96578
63	660	0	3	2254	3219
63	1540	0	3	2254	6982
63	1942	0	3	2254	8758
63	463	0	3	2254	23445
63	564	0	3	2254	27970
63	639	0	3	2254	31418
63	675	0	3	2254	32822
63	708	0	3	2254	34003
63	792	1	3	2254	37792
63	904	0	3	2254	43165
63	912	0	3	2254	43630
63	930	0	3	2254	44290
63	938	0	3	2254	44506
63	941	0	3	2254	44541
63	1045	0	3	2254	48902
63	1469	0	3	2254	67056
63	1557	0	3	2254	70597
63	1704	0	3	2254	77324
63	1747	0	3	2254	79429
63	1754	0	3	2254	79523
63	1804	1	3	2254	81777
63	1858	0	3	2254	84104
63	1867	0	3	2254	84566
63	2020	0	3	2254	90458
63	2167	1	3	2254	97929
63	2180	0	3	2254	98331
63	2188	0	3	2254	98883
48	453	0	3	1775	2316
48	481	0	3	1775	2435
48	996	0	3	1775	4723
48	1235	0	3	1775	5686
48	1686	0	3	1775	7651
48	2110	0	3	1775	9511
48	182	0	3	1775	11778
48	262	0	3	1775	15711
48	264	0	3	1775	16043
48	357	0	3	1775	19348
48	576	1	3	1775	28470
48	638	0	3	1775	31411
48	640	0	3	1775	31454
48	769	0	3	1775	36886
48	813	0	3	1775	38462
48	842	0	3	1775	40049
48	926	1	3	1775	44101
48	1015	0	3	1775	47840
48	1434	0	3	1775	65157
48	1613	0	3	1775	73261
48	1774	1	3	1775	80399
48	1987	0	3	1775	89338
48	1997	1	3	1775	89620
48	2063	0	3	1775	92575
48	2101	0	3	1775	94536
48	0	0	3	1775	100002
48	98	0	3	1775	104842
48	153	0	3	1775	107039
34	1622	0	3	1315	7359
34	1651	0	3	1315	7451
34	284	1	3	1315	16787
34	313	0	3	1315	17592
34	369	0	3	1315	19792
34	395	0	3	1315	20666
34	454	0	3	1315	23173
34	625	0	3	1315	30782
34	631	0	3	1315	31029
34	715	0	3	1315	34407
34	766	0	3	1315	36701
34	1102	0	3	1315	50593
34	1130	0	3	1315	51883
34	1233	0	3	1315	56830
34	1570	1	3	1315	71416
34	1677	0	3	1315	75932
34	1802	1	3	1315	81734
34	1886	0	3	1315	85347
34	1975	0	3	1315	88828
34	2018	1	3	1315	90443
34	2108	0	3	1315	95043
34	27	0	3	1315	101634
52	477	0	3	1824	2403
52	201	1	3	1824	12739
52	411	0	3	1824	21389
52	663	1	3	1824	32271
52	713	0	3	1824	34269
52	717	1	3	1824	34538
52	1088	0	3	1824	50270
52	1096	0	3	1824	50411
52	1144	0	3	1824	52130
52	1157	1	3	1824	52571
52	1340	0	3	1824	61139
52	1363	0	3	1824	62267
52	1528	0	3	1824	69344
52	1619	0	3	1824	73574
52	1647	0	3	1824	74238
52	1898	0	3	1824	85929
52	1923	1	3	1824	86868
52	2060	0	3	1824	92268
52	2071	0	3	1824	92843
52	2177	0	3	1824	98259
110	193	0	3	4672	12381
110	257	0	3	4672	15355
110	362	0	3	4672	19447
110	472	0	3	4672	23826
110	594	0	3	4672	29367
110	610	0	3	4672	30154
110	647	0	3	4672	31837
110	779	1	3	4672	37227
110	932	0	3	4672	44376
110	1151	1	3	4672	52450
110	1246	0	3	4672	57429
110	1491	0	3	4672	67766
110	1585	0	3	4672	72166
110	1883	0	3	4672	85233
110	2016	1	3	4672	90316
110	2166	0	3	4672	97854
110	3	0	3	4672	100258
109	188	0	3	4642	12143
109	246	0	2	4642	14777
109	573	0	3	4642	28343
109	637	0	3	4642	31409
109	757	0	3	4642	36215
109	1071	0	3	4642	49738
109	1199	0	3	4642	55045
109	1252	0	3	4642	57648
109	1431	0	3	4642	64956
109	1477	0	2	4642	67388
109	1524	1	3	4642	69178
109	1595	0	3	4642	72542
109	1976	0	3	4642	88926
109	2083	0	3	4642	93577
109	2084	1	3	4642	93599
50	471	0	3	1812	2381
50	1160	0	3	1812	5284
50	1271	0	3	1812	5843
50	390	0	3	1812	20358
50	821	1	3	1812	38781
50	1014	0	3	1812	47830
50	1229	0	3	1812	56538
50	1237	0	3	1812	56882
50	1382	1	3	1812	63084
50	1606	1	3	1812	72790
50	1692	0	3	1812	76840
50	1946	0	3	1812	87658
50	1991	0	3	1812	89506
50	2061	0	3	1812	92280
50	2069	0	3	1812	92826
50	2192	1	3	1812	98991
50	162	0	3	1812	107403
73	886	0	3	2674	4166
73	261	0	3	2674	15578
73	400	1	3	2674	20830
73	567	0	3	2674	28110
73	857	0	3	2674	40595
73	628	0	3	2674	30882
73	1067	1	3	2674	49610
73	1146	0	3	2674	52140
73	1162	0	3	2674	53027
73	1292	0	3	2674	59313
73	1333	1	3	2674	61036
73	1464	0	3	2674	66463
73	1472	1	3	2674	67180
73	1474	0	3	2674	67293
73	1478	0	3	2674	67389
73	1490	0	3	2674	67756
73	1508	1	3	2674	68596
73	1857	0	3	2674	84044
73	2117	1	3	2674	95562
73	2179	0	3	2674	98262
73	2205	1	3	2674	99506
5	308	0	3	168	175
5	258	1	3	168	1536
5	244	0	3	168	14708
5	445	1	3	168	22696
5	748	0	3	168	35874
5	893	0	3	168	42175
5	905	1	3	168	43327
5	971	0	3	168	46045
5	1263	0	3	168	58137
5	1320	0	3	168	60417
5	1399	1	3	168	63711
5	1409	0	3	168	63972
5	1893	0	3	168	85697
5	13	0	3	168	101113
5	46	0	3	168	102237
21	1715	0	3	709	778
21	176	0	3	709	11438
21	314	1	3	709	17618
21	371	1	3	709	19819
21	539	0	3	709	26733
21	800	1	3	709	38157
21	1183	0	3	709	54139
21	1318	0	3	709	60332
21	1416	0	3	709	64211
21	1471	0	3	709	67133
21	1603	0	3	709	72691
21	1805	1	3	709	81851
21	1985	0	3	709	89284
21	2213	0	3	709	99969
21	52	0	3	709	102583
29	232	0	3	1194	1409
29	317	1	3	1194	1771
29	346	0	3	1194	18931
29	435	1	3	1194	22362
29	583	1	3	1194	28935
29	603	1	3	1194	29716
29	836	0	3	1194	39743
29	435	0	3	1194	22362
29	899	1	3	1194	42805
29	1134	0	3	1194	51936
29	1208	0	3	1194	55506
29	1287	1	3	1194	59072
29	1402	1	3	1194	63806
29	1407	1	3	1194	63900
29	1627	0	3	1194	73701
29	1628	0	3	1194	73704
29	1656	0	3	1194	74695
29	1663	0	3	1194	74990
29	1899	0	3	1194	86021
29	2068	0	3	1194	92793
29	2116	0	3	1194	95559
29	155	0	3	1194	107094
103	2113	1	3	4196	9522
103	28	0	3	4196	10164
103	436	0	3	4196	22381
103	556	0	3	4196	27691
103	718	0	3	4196	34540
103	751	1	3	4196	35992
103	773	1	3	4196	36929
103	1029	1	3	4196	48369
103	1193	0	3	4196	54743
103	1239	0	3	4196	57052
103	1269	0	3	4196	58389
103	1378	1	3	4196	62861
103	1560	0	3	4196	70888
103	1579	0	3	4196	71982
103	1685	0	5	4196	76429
103	2076	0	3	4196	93279
76	934	0	3	2775	4445
76	1281	1	3	2775	5895
76	1510	1	3	2775	6866
76	92	0	3	2775	10454
76	168	0	3	2775	10859
76	227	0	3	2775	13882
76	301	0	3	2775	17236
76	419	0	3	2775	21691
76	641	1	3	2775	31548
76	774	0	3	2775	37024
76	803	0	3	2775	38204
76	1078	0	3	2775	50022
76	1288	0	3	2775	59134
76	1324	0	3	2775	60686
76	1441	0	3	2775	65320
76	1517	1	3	2775	68965
76	1563	1	3	2775	71011
76	1783	1	3	2775	80681
76	1852	0	3	2775	83741
76	1951	1	3	2775	87759
76	2013	0	3	2775	90262
76	2046	1	3	2775	91872
76	2163	1	3	2775	97740
20	1696	0	3	701	770
20	911	0	3	701	4358
20	355	0	3	701	19264
20	449	1	3	701	22848
20	624	0	3	701	30776
20	851	1	3	701	40340
20	1072	0	3	701	49743
20	1125	0	3	701	51630
20	1328	0	3	701	60991
20	1403	1	3	701	63808
20	1480	0	3	701	67442
20	1855	0	3	701	83938
41	349	0	3	1522	1908
41	123	1	3	1522	10580
41	221	0	3	1522	13688
41	392	0	3	1522	20594
41	578	0	3	1522	28652
41	909	0	3	1522	43458
41	1514	0	3	1522	68819
41	2202	0	3	1522	99460
41	2210	0	3	1522	99697
35	276	0	3	1356	1649
35	442	0	3	1356	22571
35	633	0	3	1356	31217
35	707	1	3	1356	33967
35	981	0	3	1356	46334
35	1214	0	3	1356	55764
35	1251	0	3	1356	57646
35	1546	1	3	1356	70226
35	1746	0	3	1356	79369
35	1753	1	3	1356	79520
35	1763	1	3	1356	79952
35	2047	0	3	1356	91909
35	2168	0	3	1356	97931
75	1238	0	3	2741	5690
75	343	0	3	2741	18828
75	361	0	3	2741	19437
75	373	0	3	2741	19941
75	430	0	3	2741	22020
75	1006	0	3	2741	47717
75	1132	1	3	2741	51910
75	115	0	3	2741	105521
112	666	0	3	4974	32409
112	949	0	3	4974	45082
112	979	1	3	4974	46253
112	1007	0	3	4974	47725
112	1097	0	3	4974	50429
112	1554	0	3	4974	70529
112	1994	0	3	4974	89533
112	111	0	3	4974	105332
56	902	1	3	1921	43128
56	1032	0	3	1921	48492
56	1329	0	3	1921	60996
56	1623	0	3	1921	73591
56	1731	1	3	1921	78554
56	1891	0	3	1921	85618
56	1895	0	3	1921	85767
56	1944	0	3	1921	87636
56	1993	0	3	1921	89532
90	1308	0	3	3330	6007
90	558	0	3	3330	27765
90	589	0	3	3330	29279
90	960	0	3	3330	45415
90	1671	1	3	3330	75507
90	1760	0	3	3330	79798
90	2124	0	3	3330	95938
90	2209	1	3	3330	99650
90	63	0	3	3330	103356
78	993	0	4	2873	4703
78	1706	0	4	2873	7738
78	189	0	4	2873	12154
78	213	0	4	2873	13272
78	351	0	4	2873	19160
78	510	0	4	2873	25465
78	548	0	4	2873	27128
78	554	0	4	2873	27625
78	613	0	4	2873	30351
78	653	1	4	2873	32024
78	697	0	4	2873	33660
78	719	0	4	2873	34544
78	728	0	4	2873	34791
78	871	0	4	2873	41170
78	876	0	4	2873	41382
78	1100	0	4	2873	50547
78	1242	1	4	2873	57191
78	1245	0	4	2873	57394
78	1462	0	4	2873	66357
78	1496	1	4	2873	67951
78	1523	0	4	2873	69165
78	1547	1	4	2873	70232
78	1618	0	4	2873	73461
78	1777	0	4	2873	80470
78	1823	0	4	2873	82343
78	1956	0	4	2873	87933
78	2135	0	4	2873	96275
78	2158	0	4	2873	97491
78	2198	0	4	2873	99219
78	40	0	4	2873	101984
37	293	0	4	1395	1707
37	294	0	4	1395	17071
37	345	0	4	1395	18924
37	413	0	4	1395	21486
37	814	1	4	1395	38521
37	883	0	4	1395	41565
37	936	1	4	1395	44493
37	1038	0	4	1395	48635
37	1167	0	3	1395	53302
37	1179	0	4	1395	53949
37	1306	0	3	1395	59961
37	1354	0	4	1395	61828
37	1364	0	0	1395	62301
37	1637	0	3	1395	73968
37	1665	0	4	1395	75174
37	1734	0	4	1395	78683
37	1738	0	4	1395	78742
37	1779	1	4	1395	80489
37	1797	0	4	1395	81550
37	1964	0	4	1395	88370
37	2087	0	2	1395	93667
95	1617	0	4	3697	7346
95	174	1	4	3697	11353
95	184	0	4	3697	11924
95	187	1	4	3697	12033
95	299	0	4	3697	17204
95	374	0	4	3697	19944
95	503	1	4	3697	25137
95	505	0	4	3697	25178
95	684	0	4	3697	33195
95	704	0	4	3697	33864
95	877	1	4	3697	41385
95	895	0	4	3697	42259
95	958	0	4	3697	45350
95	967	1	4	3697	45868
95	1150	0	4	3697	52387
95	1296	0	4	3697	59516
95	1344	1	4	3697	61346
95	1412	0	4	3697	64049
95	1444	1	4	3697	65345
95	1499	0	4	3697	68179
95	1576	0	4	3697	71855
95	1664	0	4	3697	75079
95	1694	0	4	3697	76985
95	1725	1	4	3697	78308
95	1744	0	4	3697	79234
95	1843	1	4	3697	83494
95	1973	1	4	3697	88795
95	2160	0	4	3697	97573
95	2212	0	4	3697	99858
95	58	0	4	3697	103082
95	66	0	4	3697	103534
95	74	1	4	3697	103815
95	137	1	4	3697	106334
58	309	0	4	1948	17501
58	464	0	3	1948	23449
58	744	0	4	1948	35613
58	754	0	4	1948	36064
58	755	1	4	1948	36068
58	1145	0	4	1948	52134
58	1172	1	5	1948	53490
58	1291	0	4	1948	59256
58	1388	0	4	1948	63449
58	1484	0	4	1948	67513
58	1532	0	4	1948	69475
58	1705	1	5	1948	77378
58	1775	0	4	1948	80410
58	2112	0	4	1948	95215
58	2175	0	4	1948	98231
58	476	1	3	1948	23998
58	2186	1	4	1948	98712
58	11	1	5	1948	101013
66	764	0	4	2458	3654
66	1197	0	4	2458	5496
66	1645	0	4	2458	7416
66	368	0	4	2458	19708
66	1116	0	4	2458	51273
66	1195	0	4	2458	54846
66	1604	0	4	2458	72698
66	1366	1	4	2458	62440
66	2196	0	4	2458	99106
66	43	0	4	2458	102103
4	82	1	4	100	104
4	733	0	4	100	3509
4	538	0	4	100	26490
4	781	0	4	100	37322
4	887	0	4	100	41765
4	1012	0	4	100	47757
4	1312	0	4	100	60152
4	1533	0	4	100	69555
116	286	1	4	5258	16813
116	288	1	4	5258	16879
116	762	0	4	5258	36488
116	908	1	4	5258	43451
116	987	1	4	5258	46614
116	990	0	4	5258	46882
116	1176	0	4	5258	53666
116	1420	0	4	5258	64357
116	1430	0	4	5258	64896
116	1732	0	4	5258	78585
116	1833	0	4	5258	82912
116	139	0	4	5258	106448
31	426	1	4	1216	2193
31	801	0	4	1216	38178
31	948	0	4	1216	45078
31	1249	0	4	1216	57558
31	1362	0	4	1216	62230
31	1568	0	4	1216	71320
111	236	1	4	4945	14332
111	241	0	4	4945	14531
111	259	0	4	4945	15522
111	806	0	4	4945	38237
111	1123	0	4	4945	51555
111	1808	0	4	4945	81905
117	398	0	2	5637	20796
117	476	0	3	5637	23998
117	834	0	4	5637	39561
117	969	1	4	5637	45974
117	1545	0	4	5637	70217
117	1806	0	4	5637	81876
68	1786	0	4	2538	8098
68	1795	1	4	2538	8151
68	1908	0	4	2538	8635
68	268	0	4	2538	16148
68	665	0	4	2538	32380
68	676	1	4	2538	32849
68	686	1	4	2538	33249
68	701	0	4	2538	33760
68	710	0	4	2538	34081
68	865	0	4	2538	40851
68	913	1	4	2538	43640
68	977	0	4	2538	46205
68	1060	0	4	2538	49433
68	1253	0	4	2538	57717
68	1370	1	4	2538	62625
68	1440	0	4	2538	65286
68	1574	0	4	2538	71837
68	1614	1	4	2538	73314
68	1650	1	4	2538	74474
68	1723	1	4	2538	78181
68	1776	1	4	2538	80440
68	1791	1	4	2538	81222
68	1922	1	4	2538	86826
68	128	0	4	2538	105971
94	2194	0	4	3660	9900
94	171	0	4	3660	11155
94	698	0	4	3660	33669
94	1316	1	4	3660	60256
94	1674	1	4	3660	75664
94	2042	0	4	3660	91596
94	2086	0	4	3660	93609
74	427	0	4	2703	21934
74	789	0	4	2703	37718
74	1008	1	4	2703	47738
74	1311	0	4	2703	60138
74	1331	1	4	2703	61028
74	1486	0	4	2703	67577
74	1681	0	4	2703	76124
74	1913	1	4	2703	86542
74	2051	0	4	2703	92067
40	132	0	4	1510	10602
40	282	0	4	1510	16702
40	732	0	4	1510	35072
40	921	0	4	1510	43925
40	1068	0	4	1510	49666
40	1374	1	4	1510	62671
40	1525	1	4	1510	69197
40	1872	1	4	1510	84690
40	2036	0	4	1510	91170
40	14	1	4	1510	101242
86	1221	0	4	3199	5614
86	178	1	4	3199	11490
86	202	1	4	3199	12775
86	431	1	4	3199	22033
86	524	0	4	3199	25913
86	555	0	4	3199	27647
86	630	1	4	3199	30947
86	634	1	4	3199	31236
86	759	0	4	3199	36391
86	763	1	4	3199	36530
86	816	0	4	3199	38720
86	837	0	4	3199	39810
86	952	0	4	3199	45178
86	965	0	4	3199	45736
86	988	1	4	3199	46660
86	1094	0	4	3199	50384
86	1204	1	4	3199	55338
86	1371	1	4	3199	62637
86	1459	1	4	3199	66157
86	1482	1	4	3199	67476
86	1648	0	4	3199	74250
86	1710	1	4	3199	77655
86	1870	1	4	3199	84662
86	1909	1	4	3199	86362
86	2066	0	4	3199	92778
86	2070	0	4	3199	92836
86	202	1	4	3199	12775
86	2197	1	4	3199	99146
86	159	0	4	3199	107263
13	1022	1	4	438	4808
13	1054	1	4	438	4927
13	1406	0	4	438	6388
13	274	0	4	438	16334
13	493	0	4	438	24798
13	509	1	4	438	25410
13	544	1	4	438	27037
13	749	0	4	438	35896
13	1740	0	4	438	78794
13	1996	1	4	438	89559
13	2023	0	4	438	90510
13	33	1	4	438	101763
13	41	0	4	438	102022
85	185	1	4	3148	11938
85	206	1	4	3148	12925
85	328	1	4	3148	18239
85	407	0	4	3148	21132
85	484	0	4	3148	24456
85	765	0	4	3148	36679
85	951	1	4	3148	45164
85	1037	1	4	3148	48602
85	1049	1	4	3148	49087
85	1142	1	4	3148	52051
85	1215	0	4	3148	55834
85	1327	1	4	3148	60817
85	1476	1	4	3148	67378
85	1487	0	4	3148	67594
85	1526	0	4	3148	69243
85	1581	0	4	3148	72010
85	1592	0	4	3148	72457
85	1626	1	4	3148	73676
85	1768	0	4	3148	80152
85	1915	1	4	3148	86619
85	1937	0	4	3148	87477
85	2107	1	4	3148	94809
85	2150	1	4	3148	96813
85	1426	0	4	3148	64780
85	67	1	4	3148	103593
92	235	1	4	3510	14326
92	323	0	4	3510	18043
92	668	1	4	3510	32421
92	826	1	4	3510	39118
92	920	1	4	3510	43819
92	1302	0	4	3510	59914
92	1414	0	4	3510	64103
92	1969	0	4	3510	88582
92	1	1	4	3510	100179
92	96	0	4	3510	104758
92	114	0	4	3510	105514
79	1056	1	4	2952	4936
79	1794	0	4	2952	8146
79	387	1	4	2952	20304
79	785	0	4	2952	37478
79	1002	0	4	2952	47511
79	1103	1	4	2952	50671
79	1717	0	4	2952	78003
79	1766	0	4	2952	79983
79	2183	1	4	2952	98473
15	1410	1	4	545	640
15	265	0	4	545	16044
15	483	0	4	545	24409
15	489	1	4	545	24669
15	527	1	4	545	26010
15	557	1	4	545	27722
15	667	0	4	545	32411
15	839	0	4	545	39892
15	894	1	4	545	42185
15	1578	1	4	545	71975
15	1702	1	4	545	77274
15	1761	0	4	545	79836
15	1811	0	4	545	82011
15	2003	1	4	545	89830
15	2008	0	4	545	90021
15	2132	0	4	545	96181
15	142	1	4	545	106632
28	200	0	1	1097	1272
28	220	0	2	1097	1358
28	377	0	5	1097	2003
28	1925	0	2	1097	8697
28	190	0	5	1097	12213
28	210	0	5	1097	13174
28	311	0	5	1097	17536
28	383	0	5	1097	20159
28	432	0	5	1097	22066
28	587	0	5	1097	29167
28	608	0	5	1097	29981
28	721	0	2	1097	34598
28	811	0	5	1097	38350
28	843	1	5	1097	40074
28	940	0	5	1097	44537
28	944	0	5	1097	44802
28	1048	0	5	1097	49041
28	1053	0	5	1097	49186
28	1062	0	1	1097	49507
28	1065	0	5	1097	49579
28	1091	0	5	1097	50298
28	1098	0	5	1097	50511
28	1112	0	5	1097	51094
28	1187	0	5	1097	54375
28	1247	0	2	1097	57446
28	1278	0	5	1097	58743
28	1283	0	5	1097	58972
28	1428	0	5	1097	64832
28	1601	0	5	1097	72645
28	1653	0	5	1097	74558
28	1661	0	2	1097	74867
28	1756	0	5	1097	79663
28	1778	1	2	1097	80473
28	1828	0	5	1097	82697
28	1846	1	5	1097	83572
28	1848	0	5	1097	83604
28	1892	1	5	1097	85639
28	1938	0	5	1097	87519
28	2082	0	5	1097	93495
28	7	0	5	1097	100617
28	36	1	5	1097	101920
28	57	0	5	1097	103006
17	687	0	5	629	3325
17	1521	0	5	629	6910
17	16	0	5	629	10129
17	118	0	5	629	10553
17	172	0	5	629	11217
17	196	0	5	629	12667
17	216	0	5	629	13425
17	222	0	5	629	13751
17	247	0	5	629	14805
17	280	0	5	629	16572
17	289	0	5	629	16973
17	306	0	5	629	17440
17	318	0	5	629	17745
17	340	0	5	629	18674
17	347	1	5	629	18980
17	731	0	5	629	34992
17	740	0	5	629	35490
17	815	1	5	629	38569
17	878	0	5	629	41406
17	924	0	5	629	44055
17	989	1	5	629	46687
17	1010	0	5	629	47743
17	1035	0	5	629	48537
17	1061	1	5	629	49448
17	1084	0	5	629	50207
17	1196	0	5	629	54871
17	1210	0	5	629	55577
17	1519	0	5	629	69087
17	1609	0	5	629	73102
17	1742	0	5	629	78973
17	1780	0	5	629	80542
17	1902	0	5	629	86085
17	1905	1	5	629	86291
17	1943	0	5	629	87611
17	1986	0	5	629	89287
17	2075	1	5	629	93167
17	2182	0	5	629	98423
17	2208	1	5	629	99640
17	15	0	5	629	101269
17	19	0	5	629	101455
100	2019	0	5	4095	9045
100	229	0	5	4095	13930
100	251	0	5	4095	15154
100	315	0	5	4095	17642
100	406	0	5	4095	21115
100	408	0	5	4095	21262
100	888	0	5	4095	41841
100	1165	0	5	4095	53074
100	1191	0	5	4095	54549
100	1359	0	5	4095	61912
100	1390	0	5	4095	63500
100	1394	0	5	4095	63626
100	1475	0	5	4095	67297
100	1497	0	5	4095	67972
100	1552	1	5	4095	70465
100	1689	0	5	4095	76637
100	1726	0	5	4095	78325
100	1807	0	5	4095	81901
100	1840	0	5	4095	83287
100	1868	0	5	4095	84630
100	1889	0	5	4095	85470
100	1911	0	5	4095	86501
100	2009	0	5	4095	90024
100	2010	1	5	4095	90088
100	2129	1	5	4095	96091
100	51	1	5	4095	102505
100	73	0	5	4095	103778
100	144	1	5	4095	106649
70	1429	0	5	2581	6487
70	1978	0	5	2581	8900
70	177	0	5	2581	11445
70	335	0	5	2581	18373
70	393	1	5	2581	20622
70	415	0	5	2581	21543
70	508	0	5	2581	25376
70	706	0	5	2581	33950
70	825	0	5	2581	39075
70	852	0	5	2581	40386
70	889	0	5	2581	41904
70	991	0	5	2581	46917
70	1180	0	5	2581	54010
70	1234	1	5	2581	56846
70	1261	0	5	2581	58045
70	1268	0	5	2581	58356
70	1336	1	5	2581	61112
70	1536	0	5	2581	69648
70	1591	1	5	2581	72431
70	1712	0	5	2581	77720
70	1719	0	5	2581	78060
70	1798	0	5	2581	81600
70	1910	0	5	2581	86443
70	2062	1	5	2581	92358
70	2171	0	5	2581	97955
70	2176	0	5	2581	98248
70	138	0	5	2581	106339
12	959	0	5	426	454
12	281	0	5	426	1663
12	1745	0	5	426	7924
12	130	1	5	426	10601
12	325	0	5	426	18084
12	353	0	5	426	19229
12	424	0	5	426	21800
12	451	0	5	426	23045
12	494	0	5	426	24835
12	568	0	5	426	28112
12	618	0	5	426	30577
12	827	0	5	426	39125
12	995	1	5	426	47096
12	1076	1	5	426	49947
12	1093	0	5	426	50370
12	1154	0	5	426	52514
12	1194	0	5	426	54818
12	1241	0	5	426	57126
12	1375	0	5	426	62681
12	1397	0	5	426	63700
12	1433	0	5	426	65091
12	1485	0	5	426	67561
12	1575	1	5	426	71845
12	1750	1	5	426	79479
12	1809	1	5	426	81960
12	1849	0	5	426	83670
12	1874	0	5	426	84760
12	2097	1	5	426	94298
12	2140	0	5	426	96501
12	2141	0	5	426	96527
12	2207	0	5	426	99540
12	31	0	5	426	101715
12	38	0	5	426	101966
12	77	0	5	426	103880
12	110	0	5	426	105301
12	136	1	5	426	106269
19	156	0	5	695	1071
19	214	0	5	695	13276
19	256	0	0	695	15300
19	278	0	5	695	16550
19	360	0	5	695	19414
19	409	0	5	695	21333
19	412	1	5	695	21435
19	414	1	5	695	21507
19	425	0	5	695	21917
19	458	0	5	695	23305
19	512	0	5	695	25506
19	596	1	5	695	29492
19	629	1	5	695	30892
19	729	0	5	695	34827
19	734	0	5	695	35138
19	845	0	5	695	40082
19	1106	0	5	695	50861
19	1129	0	5	695	51869
19	1148	1	5	695	52298
19	1425	0	5	695	64766
19	1457	0	1	695	65842
19	1458	0	5	695	66077
19	1501	0	3	695	68319
19	1620	0	5	695	73575
19	1640	1	5	695	74001
19	1815	1	5	695	82103
19	1816	1	5	695	82124
19	1836	0	5	695	83114
19	1881	1	5	695	85114
19	1957	0	5	695	87952
19	2043	0	5	695	91676
19	101	0	5	695	105008
19	131	1	5	695	106014
65	2146	1	5	2312	9675
65	195	0	5	2312	12581
65	199	0	5	2312	12713
65	243	0	5	2312	14618
65	333	1	5	2312	18320
65	350	0	5	2312	19138
65	405	1	5	2312	21098
65	438	0	5	2312	22461
65	443	0	5	2312	22609
65	457	0	5	2312	23268
65	468	1	5	2312	23531
65	474	0	5	2312	23959
65	650	0	5	2312	31871
65	658	0	5	2312	32149
65	664	1	5	2312	32308
65	770	0	5	2312	36888
65	799	1	5	2312	38145
65	962	0	5	2312	45568
65	974	0	5	2312	46158
65	992	0	5	2312	46959
65	1013	0	5	2312	47765
65	1147	1	5	2312	52192
65	1266	1	5	2312	58272
65	1386	1	5	2312	63368
65	1417	0	5	2312	64240
65	1473	0	5	2312	67214
65	1516	1	5	2312	68953
65	1542	0	5	2312	69842
65	1666	0	5	2312	75308
65	1711	1	5	2312	77672
65	1729	0	5	2312	78399
65	1773	0	5	2312	80397
65	1818	0	5	2312	82180
65	1927	0	5	2312	87144
65	1980	1	5	2312	89037
65	2001	0	5	2312	89717
65	2055	0	5	2312	92145
65	2106	0	5	2312	94725
43	502	0	5	1554	2510
43	870	0	5	1554	4109
43	1503	1	5	1554	6840
43	497	0	5	1554	24959
43	553	0	5	1554	27386
43	659	0	5	1554	32153
43	712	0	1	1554	34225
43	784	1	5	1554	37456
43	855	0	5	1554	40421
43	906	0	5	1554	43379
43	1047	1	5	1554	49035
43	1081	0	5	1554	50104
43	1089	0	5	1554	50271
43	1207	1	5	1554	55468
43	1404	0	5	1554	63821
43	1527	0	5	1554	69308
43	1553	1	5	1554	70475
43	1593	0	5	1554	72460
43	1897	0	5	1554	85884
43	2044	0	5	1554	91803
43	32	0	5	1554	101734
43	121	0	5	1554	105731
43	145	0	1	1554	106696
71	866	1	5	2645	4096
71	1438	0	5	2645	6524
71	94	0	5	2645	10455
71	359	0	5	2645	19399
71	386	0	5	2645	20250
71	391	0	5	2645	20403
71	452	1	5	2645	23063
71	496	1	5	2645	24954
71	514	0	5	2645	25544
71	559	0	5	2645	27775
71	615	1	5	2645	30374
71	699	1	5	2645	33681
71	782	0	5	2645	37327
71	797	0	5	2645	38031
71	846	0	5	2645	40134
71	907	0	5	2645	43415
71	919	0	5	2645	43806
71	922	0	5	2645	44013
71	1039	1	5	2645	48741
71	1110	0	5	2645	50932
71	1137	0	5	2645	51994
71	1211	0	5	2645	55583
71	1213	0	5	2645	55711
71	1226	0	5	2645	56353
71	1355	1	5	2645	61836
71	1372	0	5	2645	62668
71	1515	1	5	2645	68824
71	1548	1	5	2645	70348
71	1565	0	5	2645	71065
71	1597	0	5	2645	72561
71	1605	1	5	2645	72708
71	1634	0	5	2645	73848
71	1679	1	5	2645	76063
71	1845	0	5	2645	83541
71	1876	1	5	2645	84967
71	1880	0	5	2645	85109
71	2145	1	5	2645	96662
71	2173	0	5	2645	98102
71	47	0	5	2645	102289
71	61	0	5	2645	103225
71	93	1	5	2645	104548
1	499	0	5	25	25
1	208	1	5	25	1306
1	802	0	5	25	3819
1	397	0	5	25	20760
1	549	0	5	25	27186
1	550	0	5	25	27212
1	730	0	5	25	34889
1	808	0	5	25	38263
1	873	0	5	25	41253
1	929	1	5	25	44275
1	1018	0	5	25	47935
1	1028	0	5	25	48352
1	1393	0	5	25	63595
1	1493	0	5	25	67779
1	2027	0	5	25	90784
1	2099	1	5	25	94401
1	2100	0	5	25	94442
1	2121	0	5	25	95712
1	5	0	5	25	100291
1	160	0	5	25	107337
2	1639	0	5	72	74
2	228	1	5	72	13887
2	326	0	5	72	18164
2	632	1	5	72	31187
2	709	0	5	72	34038
2	869	0	5	72	41067
2	1136	1	5	72	51964
2	1174	0	5	72	53575
2	1201	0	5	72	55112
2	1267	1	5	72	58284
2	1351	0	5	72	61706
2	1511	0	5	72	68660
2	1668	0	5	72	75416
2	1788	0	5	72	81013
2	1983	0	5	72	89159
2	2004	0	5	72	89843
2	2011	0	5	72	90105
2	2102	0	5	72	94549
2	2149	0	5	72	96812
2	55	0	5	72	102924
2	103	0	5	72	105108
55	500	1	5	1895	2503
55	571	0	5	1895	2829
55	204	1	5	1895	12799
55	269	0	5	1895	16150
55	305	0	5	1895	17401
55	690	0	5	1895	33348
55	771	0	5	1895	36899
55	859	0	5	1895	40601
55	910	0	5	1895	43572
55	1073	0	5	1895	49839
55	1083	0	5	1895	50190
55	1152	0	5	1895	52460
55	1209	0	5	1895	55569
55	1350	0	5	1895	61669
55	1421	0	5	1895	64390
55	1646	0	5	1895	74216
55	1851	0	5	1895	83732
55	1907	0	5	1895	86330
55	2041	1	5	1895	91520
55	2080	1	5	1895	93470
55	2151	0	5	1895	96892
45	434	1	1	1723	2229
45	1588	0	1	1723	7229
45	1878	0	5	1723	8501
45	1988	1	1	1723	8934
45	181	0	1	1723	11763
45	252	0	5	1723	15157
45	270	0	5	1723	16175
45	401	0	5	1723	20971
45	455	0	1	1723	23176
45	530	0	5	1723	26078
45	572	1	5	1723	28320
45	853	0	5	1723	40404
45	874	0	5	1723	41257
45	879	1	5	1723	41459
45	880	0	5	1723	41460
45	884	1	5	1723	41576
45	896	0	1	1723	42520
45	946	0	5	1723	44936
45	1021	1	5	1723	48051
45	1031	0	5	1723	48448
45	1079	1	5	1723	50028
45	1335	1	5	1723	61090
45	1401	1	5	1723	63794
45	1424	0	5	1723	64730
45	1435	0	5	1723	65205
45	1529	0	5	1723	69396
45	2095	0	5	1723	94259
45	2189	1	5	1723	98911
45	12	0	5	1723	101100
45	17	1	5	1723	101405
45	124	0	5	1723	105826
53	479	0	5	1841	2423
53	1999	0	5	1841	8969
53	170	1	1	1841	11019
53	329	1	5	1841	18279
53	399	1	5	1841	20801
53	756	1	5	1841	36078
53	928	0	5	1841	44187
53	970	1	5	1841	45978
53	1027	0	5	1841	48274
53	1064	0	5	1841	49552
53	1070	0	5	1841	49701
53	1282	0	5	1841	58951
53	1313	0	5	1841	60180
53	1467	0	5	1841	66746
53	1492	0	1	1841	67772
53	1506	1	5	1841	68560
53	1667	0	5	1841	75342
53	1713	0	5	1841	77755
53	1727	0	1	1841	78348
53	1792	0	5	1841	81227
53	1814	0	1	1841	82073
53	4	0	5	1841	100263
53	116	0	1	1841	105523
105	167	1	5	4438	10799
105	226	0	5	4438	13855
105	242	0	5	4438	14532
105	322	0	5	4438	17983
105	429	0	5	4438	21993
105	444	0	5	4438	22680
105	685	0	5	4438	33202
105	862	0	5	4438	40733
105	925	0	5	4438	44076
105	935	0	5	4438	44461
105	1184	1	5	4438	54331
105	1531	0	5	4438	69474
105	1624	0	5	4438	73597
105	1698	0	5	4438	77027
105	1882	0	5	4438	85229
105	1954	0	5	4438	87848
105	2174	0	5	4438	98215
105	83	1	5	4438	104052
105	152	0	5	4438	106911
38	297	1	5	1400	1715
38	1046	0	5	1400	4892
38	1643	0	5	1400	7404
38	364	0	5	1400	19532
38	693	0	5	1400	33488
38	761	1	5	1400	36448
38	833	0	5	1400	39507
38	901	0	5	1400	43120
38	947	0	5	1400	44957
38	1109	0	5	1400	50902
38	1177	0	5	1400	53748
38	1385	1	5	1400	63313
38	1556	0	5	1400	70567
38	1569	0	5	1400	71379
38	1749	0	5	1400	79459
38	1752	1	5	1400	79515
38	1863	0	5	1400	84341
38	1992	0	5	1400	89526
38	2040	0	5	1400	91474
38	87	0	5	1400	104269
23	1790	0	5	737	812
23	191	0	5	737	1225
23	466	0	5	737	2347
23	609	0	5	737	3003
23	972	0	5	737	4609
23	1342	1	5	737	6126
23	1947	0	5	737	8769
23	249	0	5	737	15066
23	312	1	5	737	17568
23	341	0	5	737	18715
23	403	1	5	737	21040
23	506	0	5	737	25217
23	602	0	5	737	29715
23	642	1	5	737	31588
23	820	1	5	737	38776
23	832	1	5	737	39490
23	844	0	5	737	40075
23	890	0	5	737	42032
23	986	1	5	737	46606
23	1043	0	5	737	48853
23	1158	1	5	737	52588
23	1212	0	5	737	55591
23	1243	0	5	737	57276
23	1345	0	5	737	61417
23	1360	0	5	737	62072
23	1411	0	5	737	64020
23	1452	1	5	737	65660
23	1507	0	5	737	68566
23	1537	0	5	737	69658
23	1584	0	5	737	72132
23	1697	1	5	737	77009
23	2024	1	5	737	90759
23	2032	0	5	737	90956
23	2130	1	5	737	96112
23	2138	1	5	737	96314
23	2153	1	5	737	97011
23	2164	0	5	737	97817
23	2201	0	5	737	99445
23	6	1	5	737	100601
23	86	1	5	737	104254
23	157	0	5	737	107136
24	2073	0	5	834	930
24	105	0	5	834	10515
24	225	0	5	834	13803
24	237	0	1	834	14344
24	275	0	5	834	16432
24	303	0	5	834	17311
24	321	0	5	834	17981
24	394	1	5	834	20638
24	402	1	5	834	20974
24	495	0	5	834	24923
24	566	0	1	834	28059
24	592	0	1	834	29301
24	1260	0	5	834	58031
24	1539	0	1	834	69712
24	1658	1	5	834	74750
24	1834	0	1	834	83032
24	1835	0	5	834	83078
24	23	0	5	834	101563
24	26	1	5	834	101629
44	428	0	5	1705	2199
44	327	0	4	1705	18237
44	492	0	5	1705	24779
44	519	0	5	1705	25723
44	537	0	5	1705	26462
44	551	1	5	1705	27231
44	585	0	5	1705	29004
44	723	0	5	1705	34666
44	999	1	5	1705	47305
44	1003	0	5	1705	47514
44	1058	0	5	1705	49372
44	1099	0	5	1705	50534
44	1166	1	3	1705	53137
44	1349	1	5	1705	61572
44	1465	0	5	1705	66607
44	1721	1	5	1705	78110
44	1936	1	5	1705	87462
44	2026	0	5	1705	90781
44	2126	0	5	1705	95978
44	2193	0	5	1705	98992
44	147	0	5	1705	106738
93	1522	0	5	3575	6915
93	302	1	5	3575	17239
93	404	0	5	3575	21092
93	511	1	5	3575	25481
93	516	0	5	3575	25643
93	565	0	5	3575	27979
93	597	0	5	3575	29537
93	612	0	5	3575	30207
93	677	0	5	3575	32860
93	863	1	5	3575	40739
93	892	1	5	3575	42096
93	956	1	5	3575	45287
93	997	0	5	3575	47231
93	1011	1	5	3575	47744
93	1250	0	5	3575	57594
93	1423	1	5	3575	64649
93	1550	0	5	3575	70406
93	1582	0	5	3575	72078
93	1770	0	5	3575	80229
93	1771	0	5	3575	80261
93	1831	0	5	3575	82757
93	2067	0	5	3575	92779
93	2111	0	5	3575	95122
93	2157	1	5	3575	97400
