file	num_segments	speech_seconds	num_words	video_seconds
Kino110.1 Tecknad reklamfilm 1926.mpg	24	39	123	624
Kino111A-I.1.mpg	825	1459	5844	4734
Kino114.1.mpg	154	560	1671	798
Kino121.1.mpg	29	57	216	780
Kino130.1.mpg	117	508	1417	610
Kino131A-B.1.mpg	312	489	1960	1546
Kino131A.1.mpg	220	276	1386	861
Kino132.1.mpg	71	316	832	758
Kino133.1.mpg	97	261	875	430
Kino13A.1.mpg	46	221	474	702
Kino13B.1.mpg	41	222	438	484
Kino13C.1.mpg	41	160	386	578
Kino13D.1.mpg	36	163	364	583
Kino13E.1.mpg	22	122	284	266
Kino14.1.mpg	90	249	907	575
Kino140.1.mpg	18	95	280	926
Kino141.1.mpg	58	143	524	327
Kino143D.1.mpg	13	30	46	271
Kino146A-B.1.mpg	233	1007	3111	1470
Kino155A.1.mpg	54	219	635	620
Kino165.1.mpg	75	288	938	1014
Kino166A.1.mpg	136	490	1409	620
Kino166B.1.mpg	100	402	1090	493
Kino167.1.mpg	124	463	1493	706
Kino176.1.mpg	126	134	664	724
Kino177A.1.mpg	71	284	716	635
Kino177B.1.mpg	80	339	876	592
Kino178A.1.mpg	72	153	516	649
Kino178B.1.mpg	58	170	462	469
Kino179A.1.mpg	49	195	530	574
Kino179B.1.mpg	28	157	406	594
Kino179C.1.mpg	21	90	212	224
Kino18.1.mpg	17	89	180	323
Kino180.1.mpg	38	180	472	306
Kino182B.1.mpg	64	142	560	624
Kino182C.1.mpg	73	460	1269	609
Kino183.1.mpg	55	172	595	304
Kino185.1.mpg	5	4	36	544
Kino19.1.mpg	26	156	370	382
Kino190A.1.mpg	43	188	533	593
Kino190B.1.mpg	24	123	284	181
Kino190C.1.mpg	120	202	797	520
Kino191.1.mpg	167	354	1254	637
Kino192.1.mpg	177	300	1037	529
Kino193.1.mpg	170	390	1156	652
Kino194A.1.mpg	147	257	1190	648
Kino194B.1.mpg	114	200	884	626
Kino194C.1.mpg	154	271	1086	587
Kino194D.1.mpg	70	230	727	607
Kino195.1.mpg	182	395	1414	639
Kino196.1.mpg	112	323	1026	469
Kino197A.1.mpg	247	498	1640	691
Kino197B.1.mpg	280	449	1923	833
Kino197C.1.mpg	175	359	1612	640
Kino197D.1.mpg	197	343	1567	700
Kino198.1.mpg	145	410	1221	749
Kino199.1.mpg	123	505	1310	767
Kino200.1.mpg	139	412	1261	731
Kino201.1.mpg	106	323	1005	694
Kino202.1.mpg	75	236	550	730
Kino211.1.mpg	40	174	661	530
Kino212.1.mpg	58	226	675	805
Kino213A.1.mpg	131	766	1714	932
Kino213B.1.mpg	102	790	1906	903
Kino214.1.mpg	57	313	812	760
Kino220.1.mpg	51	75	297	898
Kino221A-E.1.mpg	441	1536	3814	2986
Kino222.1.mpg	86	562	1183	876
Kino223.1.mpg	61	329	810	585
Kino224.1.mpg	102	412	1261	789
Kino225.1.mpg	95	410	1147	605
Kino226.1.mpg	146	690	1941	909
Kino228.1.mpg	176	403	1320	857
Kino229.1.mpg	83	378	1069	630
Kino230.1.mpg	45	239	618	664
Kino231.1.mpg	68	345	849	607
Kino232.1.mpg	100	509	1208	637
Kino233.1.mpg	39	261	747	419
Kino236.1.mpg	105	656	1608	801
Kino237A.1.mpg	59	218	603	596
Kino237B.1.mpg	16	38	228	523
Kino239.1.mpg	70	352	1159	520
Kino240.1.mpg	93	413	1279	964
Kino241.1.mpg	118	575	1313	889
Kino242.1.mpg	60	268	791	720
Kino243.1.mpg	113	607	1568	925
Kino244.1.mpg	118	597	1572	955
Kino245.1.mpg	31	144	337	723
Kino246.1.mpg	76	405	1149	561
Kino247A-B.1.mpg	129	586	1667	1053
Kino248.1.mpg	48	265	640	894
Kino249.1.mpg	104	467	1382	780
Kino250.1.mpg	117	377	1255	633
Kino251.1.mpg	91	574	1225	703
Kino252.1.mpg	91	370	925	669
Kino253.1.mpg	75	394	1141	739
Kino254.1.mpg	90	406	1271	808
Kino255.1.mpg	100	569	1527	863
Kino256.1.mpg	56	190	483	592
Kino257.1.mpg	32	51	407	575
Kino258.1.mpg	5	10	71	502
Kino259.1.mpg	141	472	1520	834
Kino261A-B.1.mpg	152	763	2008	1322
Kino263.1.mpg	89	416	1174	593
Kino264.1.mpg	74	395	833	623
Kino265.1.mpg	121	581	1595	749
Kino266.1.mpg	105	465	1446	674
Kino267.1.mpg	77	398	1054	643
Kino268.1.mpg	72	417	1000	658
Kino269.1.mpg	70	473	1213	704
Kino270.1.mpg	86	418	1179	609
Kino271.1.mpg	69	399	1178	666
Kino272.1.mpg	118	598	1635	758
Kino273.1.mpg	70	460	1209	677
Kino274A.1.mpg	82	437	1169	550
Kino274B.1.mpg	87	452	1254	559
Kino274C.1.mpg	91	500	1368	610
Kino274D.1.mpg	99	611	1508	760
Kino275.1.mpg	122	725	1849	944
Kino276A.1.mpg	68	364	1030	482
Kino277.1.mpg	83	523	1298	744
Kino278.1.mpg	99	463	1437	661
Kino279.1.mpg	78	298	919	443
Kino28.1.mpg	32	120	371	526
Kino280A.1.mpg	122	480	1457	705
Kino282.1.mpg	76	360	973	453
Kino283.1.mpg	105	456	1476	657
Kino284.1.mpg	98	476	1363	660
Kino286.1.mpg	105	453	1265	567
Kino289A-C.1.mpg	228	1231	3135	1816
Kino290.1.mpg	91	424	1169	584
Kino291A-B.1.mpg	148	727	2244	1072
Kino292.1.mpg	102	569	1469	749
Kino293.1.mpg	94	426	1322	612
Kino295A-B.1.mpg	140	922	2659	1149
Kino296A-D.1.mpg	252	1364	3334	1968
Kino297A-D.1.mpg	265	1327	3492	2067
Kino298A.1.mpg	54	227	703	677
Kino298B.1.mpg	18	76	205	373
Kino298C.1.mpg	69	279	756	601
Kino298D.1.mpg	58	241	650	513
Kino299A-B.1.mpg	114	636	1708	1241
Kino30.1.mpg	56	278	831	664
Kino301.1.mpg	83	448	1136	696
Kino302A-B.1.mpg	138	673	1793	1078
Kino303AB.1.mpg	134	660	1719	1017
Kino306A-D.1.mpg	632	1450	4987	2648
Kino308.1.mpg	95	337	873	691
Kino309.1.mpg	6	14	48	601
Kino31.1.mpg	138	468	1591	758
Kino310A-B.1.mpg	18	59	108	915
Kino312C.1.mpg	29	16	100	454
Kino313A.1.mpg	80	436	925	565
Kino313B.1.mpg	124	667	1572	826
Kino316.1.mpg	139	580	1622	782
Kino318.1.mpg	67	151	493	283
Kino319A.1.mpg	156	457	1500	594
Kino319B.1.mpg	134	371	1231	612
Kino319C.1.mpg	136	433	1383	617
Kino319D.1.mpg	66	280	725	470
Kino320A-B.1.mpg	112	527	1406	784
Kino321A-B.1.mpg	77	416	854	728
Kino322A-B.1.mpg	173	849	2362	1324
Kino323A-B.1.mpg	125	672	1677	888
Kino324A-B.1.mpg	64	277	827	486
Kino325A-B.1.mpg	148	558	1538	1180
Kino326.1.mpg	159	511	1521	946
Kino327A-C.1.mpg	145	917	2150	1534
Kino349.1.mpg	23	164	417	510
Kino351.1.mpg	23	204	483	344
Kino37.1.mpg	31	136	364	438
Kino38.1.mpg	60	138	402	626
Kino40.1.mpg	102	425	1185	925
Kino41.1.mpg	69	285	844	702
Kino43.1.mpg	49	250	586	586
Kino44.1.mpg	113	396	1129	573
Kino45.1.mpg	70	364	900	792
Kino46.1.mpg	62	356	804	730
Kino47.1.mpg	81	421	1101	649
Kino48.1.mpg	39	182	477	484
Kino49.1.mpg	129	555	1633	960
Kino50.1.mpg	130	627	1864	728
Kino51.1.mpg	95	519	1293	908
Kino53A.1.mpg	65	316	959	606
Kino53B.1.mpg	49	280	663	411
Kino54.1.mpg	111	480	1378	779
Kino59.1.mpg	31	182	370	661
Kino61.1.mpg	81	304	849	901
Kino614.1.mpg	58	257	670	707
Kino62.1.mpg	62	373	874	691
Kino67.1.mpg	133	436	1581	746
Kino68A.1.mpg	83	494	1255	618
Kino68B.1.mpg	100	523	1440	767
Kino69.1.mpg	111	457	1314	803
Kino7.1.mpg	8	67	118	483
Kino70A.1.mpg	203	285	1223	563
Kino70B.1.mpg	161	178	974	441
Kino70C.1.mpg	81	157	527	556
Kino72.1.mpg	136	607	1680	808
Kino73.1.mpg	122	558	1511	728
Kino75.1.mpg	36	210	476	742
Kino78.1.mpg	108	435	1297	622
Kino80.1.mpg	168	439	1361	639
Kino82.1.mpg	101	250	919	483
Kino83.1.mpg	29	59	338	729
Kino84.1.mpg	46	190	530	256
Kino85.1.mpg	93	364	1211	755
Kino86.1.mpg	72	231	947	948
Kino87.1.mpg	103	530	1471	898
Kino88.1.mpg	80	427	1166	662
Kino9.1.mpg	4	2	8	671
MOT.1.mpg	118	369	1306	689
Nuet100A.1.mpg	97	388	1252	599
Nuet100C.1.mpg	39	146	525	694
Nuet101A.1.mpg	79	328	1144	530
Nuet102A.1.mpg	98	333	1200	631
Nuet103A.1.mpg	102	411	1322	652
Nuet103B.1.mpg	104	370	1340	634
Nuet103C.1.mpg	86	379	1184	609
Nuet104-1.1.mpg	55	250	557	484
Nuet104-2.1.mpg	123	288	1004	429
Nuet104-3.1.mpg	76	216	792	433
Nuet104-4.1.mpg	127	347	1192	545
Nuet104-5.1.mpg	109	330	924	560
Nuet104-6.1.mpg	170	385	1510	623
Nuet10A.1.mpg	77	310	1030	578
Nuet11A.1.mpg	82	331	1235	594
Nuet12.1.mpg	60	258	893	609
Nuet13A.1.mpg	81	342	1146	607
Nuet14.1.mpg	113	362	1321	655
Nuet15A.1.mpg	94	379	1270	621
Nuet15B.1.mpg	38	144	534	274
Nuet15C.1.mpg	3	21	80	659
Nuet16A.1.mpg	94	296	1074	627
Nuet17A.1.mpg	72	321	1118	621
Nuet18A.1.mpg	133	492	1676	783
Nuet19A.1.mpg	112	312	1041	560
Nuet19B.1.mpg	77	242	816	407
Nuet19C.1.mpg	86	349	1130	513
Nuet19D.1.mpg	70	236	812	467
Nuet19E.1.mpg	115	380	1265	620
Nuet19F.1.mpg	126	388	1285	633
Nuet19G.1.mpg	93	370	1126	626
Nuet19H.1.mpg	86	302	1060	512
Nuet19I.1.mpg	114	330	1274	603
Nuet19J.1.mpg	88	310	1055	639
Nuet1A.1.mpg	85	333	937	691
Nuet20A.1.mpg	89	308	1070	620
Nuet21.1.mpg	35	127	428	711
Nuet22A.1.mpg	63	241	884	541
Nuet22B.1.mpg	6	33	114	795
Nuet23A.1.mpg	71	352	1121	588
Nuet24A.1.mpg	118	396	1469	678
Nuet25A.1.mpg	82	313	1055	666
Nuet25C.1.mpg	8	27	85	432
Nuet26A.1.mpg	84	387	1201	670
Nuet27A.1.mpg	124	381	1373	644
Nuet27B.1.mpg	5	25	79	750
Nuet28A.1.mpg	84	358	1203	641
Nuet29A.1.mpg	116	413	1361	735
Nuet2A.1.mpg	112	412	1300	737
Nuet30A.1.mpg	81	301	1060	536
Nuet31A.1.mpg	76	301	1008	519
Nuet32A.1.mpg	84	314	1119	526
Nuet33A.1.mpg	80	294	1057	485
Nuet34A.1.mpg	105	355	1127	572
Nuet35A.1.mpg	140	493	1722	816
Nuet36A.1.mpg	104	381	1290	575
Nuet37.1.mpg	88	335	1144	682
Nuet38A.1.mpg	102	383	1305	554
Nuet39A.1.mpg	87	298	1082	552
Nuet3A.1.mpg	77	272	846	533
Nuet40.1.mpg	117	357	1205	690
Nuet41A.1.mpg	87	324	1112	530
Nuet41B.1.mpg	36	179	544	600
Nuet42A.1.mpg	94	386	1348	567
Nuet43A.1.mpg	90	403	1212	557
Nuet45A.1.mpg	91	337	1186	551
Nuet46A.1.mpg	91	346	1324	605
Nuet47A.1.mpg	78	273	937	437
Nuet48A.1.mpg	121	432	1370	594
Nuet48C.1.mpg	43	153	425	699
Nuet49A.1.mpg	88	327	1126	527
Nuet4A.1.mpg	79	235	871	552
Nuet50A.1.mpg	102	354	1203	510
Nuet51A.1.mpg	80	326	1040	477
Nuet52A.1.mpg	86	325	1150	530
Nuet53A.1.mpg	63	254	923	499
Nuet54A.1.mpg	107	447	1513	747
Nuet55A.1.mpg	130	474	1683	675
Nuet55D.1.mpg	32	79	307	736
Nuet56.1.mpg	99	344	1203	576
Nuet57A.1.mpg	96	360	1200	572
Nuet58.1.mpg	107	372	1181	560
Nuet59A.1.mpg	70	296	939	559
Nuet60A.1.mpg	92	370	1259	596
Nuet61A.1.mpg	90	363	1093	541
Nuet62A.1.mpg	83	300	1031	580
Nuet63A.1.mpg	68	263	905	506
Nuet63B.1.mpg	69	271	835	834
Nuet64A.1.mpg	79	310	1098	533
Nuet64B.1.mpg	39	160	546	535
Nuet65A.1.mpg	71	347	1103	643
Nuet66A.1.mpg	108	409	1324	621
Nuet66B.1.mpg	42	182	496	513
Nuet66D.1.mpg	90	324	982	809
Nuet67A.1.mpg	101	369	1259	700
Nuet67C.1.mpg	54	102	442	628
Nuet68A.1.mpg	82	325	958	545
Nuet68B.1.mpg	78	349	911	591
Nuet69A.1.mpg	135	418	1436	730
Nuet6A.1.mpg	67	283	921	587
Nuet70A.1.mpg	79	392	1175	584
Nuet71A.1.mpg	107	335	1141	648
Nuet72A.1.mpg	101	320	1130	507
Nuet73A.1.mpg	91	297	1006	550
Nuet74A.1.mpg	86	376	1145	576
Nuet75A.1.mpg	101	324	1122	527
Nuet76A.1.mpg	107	384	1264	608
Nuet77A.1.mpg	117	352	1150	599
Nuet78A.1.mpg	65	271	925	464
Nuet79A.1.mpg	93	338	1190	605
Nuet7A.1.mpg	80	292	991	607
Nuet7B.1.mpg	60	141	566	698
Nuet80A.1.mpg	84	290	1053	476
Nuet81A.1.mpg	118	344	1184	575
Nuet81C.1.mpg	51	239	730	748
Nuet82A.1.mpg	90	380	1125	597
Nuet83A.1.mpg	107	425	1332	651
Nuet84A.1.mpg	115	340	1246	527
Nuet85A.1.mpg	101	315	1189	519
Nuet86A.1.mpg	92	292	1074	494
Nuet87A.1.mpg	97	358	1217	603
Nuet87B.1.mpg	2	3	9	666
Nuet88.1.mpg	85	323	1190	533
Nuet89A.1.mpg	74	318	1027	570
Nuet8A.1.mpg	68	265	920	564
Nuet90A.1.mpg	121	419	1379	620
Nuet91A.1.mpg	139	419	1414	705
Nuet92A.1.mpg	116	460	1380	649
Nuet93A.1.mpg	111	382	1260	588
Nuet94A.1.mpg	77	272	973	512
Nuet94B.1.mpg	49	200	605	642
Nuet95A.1.mpg	67	284	959	503
Nuet96A.1.mpg	82	338	1066	580
Nuet97A.1.mpg	77	315	1059	531
Nuet98A.1.mpg	90	302	1010	535
Nuet99A.1.mpg	95	314	1096	579
Nuet9A.1.mpg	97	268	1117	564
R1032.1.mpg	31	172	497	298
R1033.1.mpg	63	321	987	522
R1205.1.mpg	119	303	1030	784
SF1000.1.mpg	78	470	1295	775
SF1001A.1.mpg	54	259	737	784
SF1001B.1.mpg	27	84	217	514
SF1002.1.mpg	34	204	584	519
SF1003A.1.mpg	40	240	736	414
SF1003B.1.mpg	61	271	686	665
SF1004.1.mpg	35	148	548	483
SF1005.1 Böckdtröm visar kamera på Liljevalchs, 1939.mpg	58	292	920	538
SF1006.1.mpg	60	329	1011	570
SF1007.1.mpg	31	203	605	603
SF1008.1.mpg	32	163	483	408
SF1009A.1.mpg	34	219	611	455
SF1009B.1.mpg	51	178	496	845
SF1010A.1.mpg	30	160	418	374
SF1010B.1.mpg	150	307	1020	433
SF1011.1.mpg	19	117	306	498
SF1012.1.mpg	33	201	607	357
SF1013A.1.mpg	80	468	1438	777
SF1013B.1.mpg	21	84	248	783
SF1014.1.mpg	58	301	877	571
SF1015A.1.mpg	27	141	438	349
SF1015B.1.mpg	2	1	5	683
SF1015C.1.mpg	37	112	471	631
SF1016A.1.mpg	49	264	771	633
SF1016B.1.mpg	44	146	447	309
SF1017.1.mpg	64	341	1053	507
SF1018.1.mpg	31	150	557	429
SF1019.1.mpg	54	279	790	654
SF1020A.1.mpg	32	189	601	396
SF1020B.1.mpg	52	121	467	684
SF1021.1.mpg	54	270	767	551
SF1022.1.mpg	84	408	1257	785
SF1023A.1.mpg	38	232	729	521
SF1024A.1.mpg	43	226	710	707
SF1024B.1.mpg	57	225	718	750
SF1024C.1.mpg	73	217	856	778
SF1024D.1.mpg	2	1	2	528
SF1025A.1.mpg	67	340	1001	882
SF1025B.1.mpg	119	404	1341	674
SF1025C.1.mpg	11	56	190	521
SF1025D.1.mpg	50	263	680	710
SF1026A.1.mpg	55	254	725	562
SF1026B.1.mpg	86	211	760	720
SF1026C.1.mpg	13	76	220	553
SF1027A.1.mpg	56	253	704	842
SF1027B.1.mpg	32	70	321	825
SF1027C.1.mpg	78	278	1084	571
SF1027D.1.mpg	58	227	626	788
SF1028A.1.mpg	33	189	532	387
SF1028B.1.mpg	40	128	457	605
SF1028C.1.mpg	6	1	7	790
SF1029.1.mpg	23	135	401	250
SF1030.1.mpg	35	162	476	530
SF1031.1.mpg	136	675	1857	1491
SF1032A.1.mpg	47	284	686	500
SF1032B.1.mpg	31	139	466	614
SF1033.1.mpg	89	430	1250	825
SF1034.1.mpg	52	198	567	745
SF1035.1.mpg	28	167	471	624
SF1036.1.mpg	60	321	962	535
SF1037A.1.mpg	45	248	665	918
SF1037C.1.mpg	67	283	699	779
SF1037D.1.mpg	86	241	1027	736
SF1037F.1.mpg	12	17	23	862
SF1037G.1.mpg	9	44	139	765
SF1038A.1.mpg	33	158	463	618
SF1039A.1.mpg	57	231	689	598
SF1039B.1.mpg	40	188	454	708
SF1040.1.mpg	26	147	410	659
SF1041A.1.mpg	35	145	454	615
SF1042A.1.mpg	28	112	360	641
SF1042B.1.mpg	1	1	5	490
SF1042C.1.mpg	1	1	2	538
SF1043A.1.mpg	7	59	141	714
SF1043C.1.mpg	71	251	918	666
SF1044.1.mpg	31	168	484	608
SF1045A.1.mpg	34	183	491	513
SF1045B.1.mpg	2	8	28	661
SF1045C.1.mpg	32	126	450	595
SF1046.1.mpg	16	90	260	376
SF1047.1.mpg	154	401	1277	869
SF1048A.1.mpg	41	220	648	606
SF1048B.1.mpg	89	316	1097	640
SF1049A.1.mpg	20	121	328	322
SF1050.1.mpg	60	279	812	535
SF1051.1.mpg	27	170	438	512
SF1052A.1.mpg	60	325	879	785
SF1052B.1.mpg	29	87	185	515
SF1053A.1.mpg	55	205	677	836
SF1053B.1.mpg	39	155	459	597
SF1054.1.mpg	52	257	792	614
SF1055A.1.mpg	47	214	631	573
SF1055B.1.mpg	81	173	1005	694
SF1055C.1.mpg	86	305	842	539
SF1055D.1.mpg	1	0	4	740
SF1055E.1.mpg	14	29	99	725
SF1056.1.mpg	33	157	450	461
SF1057A.1.mpg	25	142	386	514
SF1057B.1.mpg	4	3	25	652
SF1058.1.mpg	26	128	392	496
SF1059A.1.mpg	44	207	595	732
SF1059B.1.mpg	39	88	410	560
SF1060.1.mpg	65	306	866	853
SF1061A.1.mpg	56	250	731	758
SF1061C.1.mpg	23	110	291	825
SF1063A.1.mpg	74	448	1176	663
SF1063C.1.mpg	30	155	424	423
SF1064A.1.mpg	28	161	441	447
SF1064B.1.mpg	40	192	527	550
SF1065.1.mpg	50	229	656	910
SF1066.1.mpg	30	147	486	723
SF1067.1.mpg	23	118	344	859
SF1068.1.mpg	30	163	478	480
SF1069.1.mpg	69	314	856	688
SF1070.1.mpg	51	273	747	442
SF1071A.1.mpg	54	297	776	668
SF1071B.1.mpg	34	155	313	994
SF1072A.1.mpg	41	225	617	399
SF1072B.1.mpg	12	53	151	576
SF1072D.1.mpg	44	243	729	732
SF1073A.1.mpg	91	413	1276	759
SF1074.1.mpg	96	305	992	654
SF1075.1.mpg	62	278	931	814
SF1076.1.mpg	32	124	425	915
SF1077.1.mpg	28	117	367	816
SF1078A.1.mpg	87	365	1151	849
SF1078B.1.mpg	6	2	8	510
SF1079A.1.mpg	70	268	911	560
SF1080.1.mpg	79	327	1114	517
SF1081.1.mpg	92	314	1144	804
SF1082A.1.mpg	66	408	1113	639
SF1083A.1.mpg	24	119	322	612
SF1083B.1.mpg	144	507	1581	630
SF1084.1.mpg	45	226	674	593
SF1085.1.mpg	56	315	922	651
SF1086.1.mpg	27	151	422	487
SF1087A.1.mpg	80	378	1255	562
SF1087B.1.mpg	64	193	577	722
SF1088.1.mpg	65	307	909	667
SF1089.1.mpg	76	282	948	801
SF1090.1.mpg	80	256	980	629
SF1091A.1.mpg	39	167	512	497
SF1091B.1.mpg	89	237	962	636
SF1092.1.mpg	34	145	465	642
SF1093.1.mpg	44	172	544	607
SF1094A.1.mpg	48	197	571	578
SF1094B.1.mpg	62	211	654	347
SF1094C.1.mpg	6	31	102	684
SF1095.1.mpg	44	208	695	659
SF1096A.1.mpg	42	186	599	623
SF1096B.1.mpg	22	84	265	321
SF1097.1.mpg	52	244	777	738
SF1098A.1.mpg	42	244	754	687
SF1099A.1.mpg	92	246	878	629
SF1099B.1.mpg	62	216	710	560
SF1099C.1.mpg	11	43	132	569
SF1099D.1.mpg	39	144	348	709
SF1099E.1.mpg	33	93	206	573
SF1100.1.mpg	60	279	826	738
SF1101.1.mpg	55	205	628	610
SF1102A.1.mpg	40	149	493	466
SF1102B.1.mpg	40	122	384	390
SF1102C.1.mpg	19	59	196	621
SF1103.1.mpg	70	256	816	578
SF1104A.1.mpg	54	224	758	483
SF1104B.1.mpg	29	111	351	612
SF1104C.1.mpg	45	144	618	368
SF1105A.1.mpg	74	184	647	512
SF1105B.1.mpg	59	184	628	704
SF1106A.1.mpg	66	298	1010	629
SF1106B.1.mpg	53	197	468	530
SF1107A.1.mpg	38	221	622	603
SF1107B.1.mpg	5	22	59	327
SF1107C.1.mpg	101	459	1396	679
SF1107D.1.mpg	72	236	688	563
SF1108.1.mpg	56	209	700	629
SF1109.1.mpg	105	316	1050	770
SF1110.1.mpg	41	178	530	681
SF1111A.1.mpg	57	261	774	491
SF1111B.1.mpg	46	147	515	674
SF1111C.1.mpg	52	163	485	718
SF1112.1.mpg	114	499	1414	921
SF1113A.1.mpg	50	256	657	586
SF1113B.1.mpg	24	97	300	492
SF1113C.1.mpg	68	279	717	773
SF1113D.1.mpg	78	306	965	636
SF1114A.1.mpg	46	257	735	663
SF1114B.1.mpg	64	250	761	511
SF1115A.1.mpg	63	241	753	627
SF1115B.1.mpg	60	216	698	738
SF1115C.1.mpg	58	283	811	563
SF1116A.1.mpg	24	112	386	340
SF1116B.1.mpg	56	246	776	782
SF1116C.1.mpg	36	128	418	539
SF1116D.1.mpg	57	244	570	908
SF1117.1.mpg	63	283	896	661
SF1118.1.mpg	67	386	1009	820
SF1119A.1.mpg	40	213	626	432
SF1119B.1.mpg	98	325	1048	855
SF1119C.1.mpg	27	93	169	398
SF1120.1.mpg	38	208	618	573
SF1121.1.mpg	73	229	777	574
SF1122.1.mpg	56	269	770	679
SF1123A.1.mpg	48	200	701	574
SF1123B.1.mpg	51	190	582	570
SF1124A.1.mpg	107	353	1206	652
SF1125.1.mpg	68	279	921	557
SF1126.1.mpg	152	596	2067	908
SF1127A.1.mpg	80	331	1110	631
SF1127B.1.mpg	46	222	600	609
SF1128A.1.mpg	76	277	947	709
SF1128B.1.mpg	43	148	450	400
SF1128C.1.mpg	48	204	528	613
SF1128D.1.mpg	14	39	120	531
SF1128E.1.mpg	90	339	994	711
SF1129.1.mpg	48	229	699	671
SF1130A.1.mpg	80	284	899	787
SF1130B.1.mpg	87	305	997	651
SF1130C.1.mpg	74	318	937	655
SF1130D.1.mpg	67	213	723	575
SF1131A.1.mpg	54	257	735	613
SF1131B.1.mpg	162	399	1235	706
SF1132.1.mpg	70	230	702	659
SF1133.1.mpg	68	267	615	948
SF1133A.1.mpg	84	307	999	827
SF1134A.1.mpg	59	252	813	655
SF1134B.1.mpg	82	252	821	667
SF1135A.1.mpg	88	435	1364	685
SF1135B.1.mpg	50	234	778	712
SF1135C.1.mpg	78	292	896	695
SF1136.1.mpg	74	282	910	695
SF1137A.1.mpg	66	265	910	699
SF1137B.1.mpg	88	313	1034	587
SF1137C.1.mpg	101	346	1109	720
SF1138.1.mpg	99	393	1213	854
SF1139.1.mpg	42	115	495	643
SF1140A.1.mpg	67	300	939	954
SF1140B.1.mpg	123	403	1256	825
SF1141A.1.mpg	71	229	743	409
SF1141B.1.mpg	60	279	822	643
SF1142.1.mpg	110	507	1627	822
SF1143A.1.mpg	44	172	557	351
SF1143B.1.mpg	29	117	347	912
SF1144.1.mpg	95	457	1364	688
SF1145A.1.mpg	61	311	917	581
SF1145B.1.mpg	69	237	774	770
SF1146.1.mpg	68	341	1042	576
SF1147A.1.mpg	61	371	926	795
SF1147B.1.mpg	50	186	573	868
SF1147C.1.mpg	12	47	141	648
SF1148.1.mpg	100	443	1364	840
SF1149.1.mpg	71	226	755	606
SF1150.1.mpg	83	390	1374	811
SF1151.1.mpg	70	279	874	597
SF1152.1.mpg	127	489	1624	935
SF1153.1.mpg	83	358	1182	696
SF1154.1.mpg	50	253	607	624
SF1155.1.mpg	64	228	832	736
SF1156.1.mpg	67	317	1010	722
SF1157.1.mpg	88	433	1315	646
SF1158.1.mpg	110	347	1332	799
SF1159A.1.mpg	66	299	913	533
SF1159B.1.mpg	107	348	1115	473
SF1160.1.mpg	105	424	1463	690
SF1161.1.mpg	65	326	971	662
SF1162A.1.mpg	30	177	570	362
SF1162B.1.mpg	99	322	1149	803
SF1163.1.mpg	9	24	98	91
SF1164.1.mpg	35	183	554	426
SF1165A.1.mpg	30	153	450	612
SF1165B.1.mpg	44	172	525	468
SF1166.1.mpg	14	77	209	185
SF1167.1.mpg	38	192	637	263
SF1168.1.mpg	49	226	690	269
SF1169.1.mpg	32	178	499	214
SF1170.1.mpg	26	162	466	300
SF1171A.1.mpg	73	299	992	508
SF1172.1.mpg	72	321	969	511
SF1173.1.mpg	102	418	1268	896
SF1174.1.mpg	112	374	1204	592
SF1175.1.mpg	39	199	641	242
SF1176A.1.mpg	76	362	1049	736
SF1176B.1.mpg	1	0	1	604
SF1176D.1.mpg	39	91	234	501
SF1176E.1.mpg	38	143	358	628
SF1177.1.mpg	37	236	654	341
SF1178.1.mpg	136	671	2003	908
SF1179.1.mpg	51	336	968	594
SF1180.1.mpg	112	542	1671	835
SF1181A.1.mpg	94	314	996	595
SF1181B.1.mpg	90	315	1102	593
SF1182A.1.mpg	99	557	1656	825
SF1182B.1.mpg	1	0	1	267
SF1183.1.mpg	75	385	1136	537
SF1184.1.mpg	100	429	1303	577
SF1185.1.mpg	63	274	806	862
SF1186.1.mpg	89	533	1551	758
SF1187.1.mpg	105	347	1098	739
SF1188A.1.mpg	90	513	1265	839
SF1188B.1.mpg	97	352	1058	735
SF1189.1.mpg	87	451	1230	605
SF1190.1.mpg	43	282	801	446
SF1191A.1.mpg	66	336	1014	552
SF1191B.1.mpg	58	201	695	463
SF1192.1.mpg	34	234	680	317
SF1193.1.mpg	52	316	949	446
SF1194.1.mpg	90	399	1290	639
SF1195A.1.mpg	47	274	794	369
SF1195B.1.mpg	91	318	1079	804
SF1196.1.mpg	58	297	855	799
SF1197A.1.mpg	143	546	1626	699
SF1197B.1.mpg	173	596	1946	816
SF1198.1.mpg	70	304	873	404
SF1199.1.mpg	109	470	1486	694
SF1200.1.mpg	71	361	1120	678
SF1201.1.mpg	93	347	1164	543
SF1202.1.mpg	63	319	934	540
SF1203.1.mpg	108	422	1232	545
SF1204A.1.mpg	83	369	1091	902
SF1204B.1.mpg	64	205	487	894
SF1205.1.mpg	86	395	1158	537
SF1206A.1.mpg	85	293	949	421
SF1206B.1.mpg	49	183	539	792
SF1207.1.mpg	103	397	1312	562
SF1208.1.mpg	106	335	1096	601
SF1209.1.mpg	67	274	850	385
SF1210.1.mpg	47	176	511	297
SF1211.1.mpg	66	188	620	252
SF1212.1.mpg	3	14	39	281
SF1213.1.mpg	46	172	620	343
SF1214A.1.mpg	43	156	550	238
SF1214B.1.mpg	53	251	625	748
SF1214C.1.mpg	78	245	845	876
SF1215-18.1.mpg	191	591	2140	768
SF1220.1.mpg	40	154	481	599
SF1221.1.mpg	110	395	1286	817
SF1222A.1.mpg	101	359	1177	582
SF1223.1.mpg	45	193	642	457
SF1224.1.mpg	77	284	961	564
SF1225.1.mpg	89	299	972	576
SF1226A.1.mpg	30	117	344	827
SF1227A.1.mpg	61	241	726	678
SF1227B.1.mpg	74	298	976	657
SF1227C.1.mpg	43	158	534	643
SF1228A.1.mpg	137	451	1555	785
SF1228B.1.mpg	5	26	63	710
SF1229.1.mpg	85	317	1106	436
SF1230.1.mpg	91	295	932	579
SF1231.1.mpg	88	309	955	574
SF1232.1.mpg	65	227	683	449
SF1233.1.mpg	100	360	1244	518
SF1234.1.mpg	116	362	1291	466
SF1235.1.mpg	83	255	889	537
SF1236.1.mpg	135	432	1447	783
SF1237A.1.mpg	76	242	812	381
SF1237B.1.mpg	83	308	958	631
SF1238.1.mpg	85	332	1087	756
SF1239.1.mpg	140	518	1707	829
SF1240.1.mpg	67	255	798	428
SF1244.1.mpg	92	315	1095	592
SF1245A.1.mpg	19	63	203	736
SF1245B.1.mpg	44	136	499	326
SF1246.1.mpg	46	122	508	253
SF1247A.1.mpg	102	364	1315	566
SF1248A.1.mpg	59	207	737	510
SF1248B.1.mpg	155	507	1802	670
SF1249.1.mpg	126	424	1713	808
SF1250.1.mpg	115	399	1443	851
SF1252A.1.mpg	21	69	247	303
SF1252B.1.mpg	52	284	766	583
SF1252C.1.mpg	66	286	855	528
SF1253.1.mpg	52	256	740	658
SF1254A.1.mpg	109	404	1344	665
SF1255A.1.mpg	137	428	1441	690
SF1255B.1.mpg	74	177	554	684
SF1256A.1.mpg	116	405	1356	736
SF1256B.1.mpg	9	34	136	274
SF1257.1.mpg	19	98	277	769
SF1258.1.mpg	24	153	315	303
SF1259A.1.mpg	41	249	569	518
SF1259B.1.mpg	70	456	1244	719
SF1259C.1.mpg	62	291	1008	535
SF1259D.1.mpg	42	236	770	618
SF1259E.1.mpg	41	269	744	408
SF1260.1.mpg	35	223	709	419
SF1261A.1.mpg	41	162	459	491
SF1261B.1.mpg	82	243	867	705
SF1262A.1.mpg	148	494	1624	868
SF1263.1.mpg	140	468	1513	735
SF1264.1.mpg	114	436	1416	671
SF1265A.1.mpg	95	366	1141	836
SF1266.1.mpg	99	370	1086	544
SF1267.1.mpg	106	407	1266	746
SF1268.1.mpg	101	376	1220	655
SF1269.1.mpg	124	465	1411	934
SF1270.1.mpg	114	409	1270	882
SF1271.1.mpg	97	362	1178	668
SF1272.1.mpg	92	385	1198	807
SF1273.1.mpg	87	377	1187	567
SF1274.1.mpg	117	443	1345	650
SF1275.1.mpg	66	261	827	586
SF1276.1.mpg	54	254	720	502
SF1277.1.mpg	80	359	1007	676
SF1278A.1.mpg	113	586	1651	891
SF1279.1.mpg	107	407	1157	670
SF1280A.1.mpg	110	442	1444	688
SF1281.1.mpg	124	427	1404	801
SF1282.1.mpg	111	394	1232	638
SF1283A.1.mpg	69	280	847	545
SF1283B.1.mpg	25	133	352	483
SF1284.1.mpg	99	371	1160	621
SF1285.1.mpg	85	322	1014	554
SF1286.1.mpg	83	280	956	588
SF1287.1.mpg	91	407	1161	813
SF1288A.1.mpg	100	415	1310	665
SF1288B.1.mpg	104	302	998	440
SF1289.1.mpg	105	364	1144	617
SF1290A.1.mpg	106	444	1302	689
SF1290B.1.mpg	48	222	736	602
SF1291.1.mpg	50	192	596	377
SF1292.1.mpg	85	322	996	648
SF1293A.1.mpg	96	384	1047	566
SF1293B.1.mpg	20	52	192	425
SF1294.1.mpg	109	414	1396	827
SF1295.1.mpg	61	274	800	564
SF1296.1.mpg	68	264	828	454
SF1297A.1.mpg	50	219	632	479
SF1298.1.mpg	57	278	800	596
SF1299.1.mpg	150	546	1812	908
SF1300.1.mpg	37	161	487	457
SF1301.1.mpg	51	252	690	354
SF1302.1.mpg	79	353	997	584
SF1303A.1.mpg	52	241	529	736
SF1303B.1.mpg	95	354	887	734
SF1303C.1.mpg	65	267	785	535
SF1303D.1.mpg	63	218	847	832
SF1304A.1.mpg	144	533	1588	869
SF1305A.1.mpg	109	469	1269	778
SF1305B.1.mpg	2	5	12	683
SF1306A.1.mpg	163	605	1818	927
SF1306B.1.mpg	19	24	44	647
SF1307.1.mpg	103	442	1414	626
SF1308.1.mpg	75	345	982	533
SF1309A.1.mpg	85	335	945	514
SF1309B.1.mpg	34	140	362	465
SF1310A-B.1.mpg	105	445	1125	1400
SF1311.1.mpg	82	321	981	544
SF1312.1.mpg	78	312	1030	492
SF1313.1.mpg	91	317	969	518
SF1314.1.mpg	89	389	1110	587
SF1315A.1.mpg	102	397	1229	631
SF1315B.1.mpg	17	58	177	376
SF1316.1.mpg	60	273	757	472
SF1317.1.mpg	92	375	1168	594
SF1319.1.mpg	39	185	580	477
SF1320.1.mpg	89	378	1197	574
SF1321.1.mpg	87	346	1096	766
SF1322.1.mpg	100	357	1155	567
SF1323A.1.mpg	21	86	225	651
SF1323B.1.mpg	53	258	648	483
SF1323C.1.mpg	31	153	305	604
SF1324.1.mpg	31	146	435	285
SF1325.1.mpg	89	400	1126	907
SF1326A.1.mpg	136	549	1548	848
SF1327.1.mpg	108	447	1284	937
SF1328A.1.mpg	101	423	1166	676
SF1328B.1.mpg	62	264	865	456
SF1329.1.mpg	112	389	1276	770
SF1330.1.mpg	87	293	999	489
SF1331.1.mpg	119	529	1619	841
SF1332.1.mpg	76	241	738	544
SF1333.1.mpg	97	381	1207	541
SF1334.1.mpg	113	443	1305	647
SF1335.1.mpg	109	205	539	729
SF1336.1.mpg	35	178	482	517
SF1337.1.mpg	31	121	383	300
SF1338.1.mpg	24	122	354	264
SF1339.1.mpg	56	215	651	394
SF1341.1.mpg	8	44	91	269
SF1342A.1.mpg	89	367	1036	507
SF1342B.1.mpg	51	186	675	503
SF1343.1.mpg	51	280	797	589
SF1344.1.mpg	74	334	936	901
SF1345.1.mpg	101	442	1303	612
SF1346A.1.mpg	67	264	757	586
SF1347.1.mpg	94	349	1051	702
SF1348.1.mpg	67	355	953	710
SF1349.1.mpg	59	276	792	501
SF1350.1.mpg	81	321	1018	688
SF1351.1.mpg	48	217	601	583
SF1352.1.mpg	74	353	1072	684
SF1353.1.mpg	58	275	788	699
SF1354.1.mpg	66	279	859	682
SF1355.1.mpg	48	244	656	477
SF1356.1.mpg	40	186	527	583
SF1357.1.mpg	53	264	777	503
SF1358.1.mpg	51	207	631	633
SF1359.1.mpg	66	174	573	602
SF1360.1.mpg	81	286	947	613
SF1361.1.mpg	39	171	525	503
SF1362.1.mpg	90	327	971	604
SF1363.1.mpg	56	278	747	665
SF1364.1.mpg	52	276	731	424
SF1365.1.mpg	79	379	867	603
SF1366.1.mpg	117	503	1434	706
SF1367.1.mpg	139	500	1591	836
SF1368.1.mpg	80	368	1152	583
SF1369.1.mpg	116	400	1194	880
SF1370.1.mpg	139	551	1738	843
SF1371.1.mpg	76	277	828	922
SF1372.1.mpg	162	542	1687	926
SF1373.1.mpg	48	227	659	698
SF1374.1.mpg	78	305	978	529
SF1375.1.mpg	91	388	1123	696
SF1376.1.mpg	76	305	863	473
SF1377.1.mpg	134	467	1445	740
SF1378A.1.mpg	81	420	1081	745
SF1378B.1.mpg	7	41	116	643
SF1379.1.mpg	45	181	524	345
SF1380.1.mpg	40	218	655	463
SF1381A.1.mpg	7	41	120	331
SF1382A.1.mpg	44	206	547	873
SF1383.1.mpg	58	278	795	891
SF1384.1.mpg	68	260	719	612
SF1385A.1.mpg	56	269	731	681
SF1385B.1.mpg	53	200	671	603
SF1385C.1.mpg	37	132	480	462
SF1386.1.mpg	43	213	538	772
SF1387.1.mpg	50	197	570	766
SF1388.1.mpg	30	178	348	555
SF1389A.1.mpg	74	359	1080	577
SF1389B.1.mpg	175	423	1525	555
SF1390.1.mpg	59	247	752	559
SF1391.1.mpg	64	349	921	588
SF1392.1.mpg	76	337	1034	639
SF1393.1.mpg	87	380	1126	701
SF1394.1.mpg	30	167	479	386
SF1395.1.mpg	58	253	707	749
SF1396.1.mpg	62	252	680	510
SF1397.1.mpg	77	349	975	594
SF1398.1.mpg	60	320	893	567
SF1399.1.mpg	43	209	558	533
SF1400.1.mpg	38	154	403	537
SF1401.1.mpg	69	305	910	481
SF1402.1.mpg	75	255	830	510
SF1403.1.mpg	70	289	885	546
SF1404.1.mpg	95	348	1110	559
SF1405.1.mpg	78	337	1042	570
SF1406.1.mpg	82	342	1091	728
SF1407A.1.mpg	123	440	1396	661
SF1407B.1.mpg	77	260	727	471
SF1408A.1.mpg	127	455	1398	737
SF1408B.1.mpg	92	288	988	401
SF1409.1.mpg	111	491	1495	755
SF1410.1.mpg	64	227	760	669
SF1411.1.mpg	118	427	1346	665
SF1412.1.mpg	63	229	744	409
SF1413.1.mpg	101	344	1008	755
SF1414.1.mpg	50	168	524	655
SF1415.1.mpg	72	285	880	404
SF1416.1.mpg	97	402	1187	891
SF1417.1.mpg	70	318	919	524
SF1418.1.mpg	70	289	890	817
SF1419.1.mpg	71	258	806	454
SF1420.1.mpg	62	342	821	670
SF1421.1.mpg	141	296	1637	744
SF1422.1.mpg	52	242	587	829
SF1423.1.mpg	111	500	1399	782
SF1424.1.mpg	127	407	1356	705
SF1425.1.mpg	82	310	943	671
SF1426.1.mpg	117	392	1443	850
SF1427.1.mpg	126	529	1531	850
SF1428.1.mpg	75	296	812	695
SF1429.1.mpg	94	340	968	615
SF1430.1.mpg	71	279	815	496
SF1431A.1.mpg	93	358	1068	630
SF1431B.1.mpg	15	54	148	747
SF1432.1.mpg	131	546	1649	771
SF1433.1.mpg	55	217	698	506
SF1434.1.mpg	64	298	788	640
SF1435.1.mpg	70	339	928	472
SF1436.1.mpg	55	241	610	651
SF1437.1.mpg	72	302	995	778
SF1438.1.mpg	67	212	659	542
SF1439.1.mpg	42	209	657	485
SF1441.1.mpg	87	360	1022	600
SF1442.1.mpg	98	413	1291	621
SF1443.1.mpg	98	397	1262	592
SF1444.1.mpg	65	285	835	533
SF1445.1.mpg	61	249	649	491
SF1446.1.mpg	108	363	1139	583
SF1447.1.mpg	51	258	747	523
SF1448.1.mpg	117	437	1346	590
SF1449.1.mpg	74	339	965	600
SF1450.1.mpg	78	374	1184	708
SF1451.1.mpg	86	318	1000	843
SF1452.1.mpg	108	389	1179	776
SF1453.1.mpg	53	207	620	420
SF1454.1.mpg	80	265	815	507
SF1455.1.mpg	90	368	1031	626
SF1456.1.mpg	82	324	966	613
SF1457.1.mpg	62	232	722	554
SF1458.1.mpg	86	318	1003	539
SF1459.1.mpg	36	187	447	267
SF1460A.1.mpg	25	83	205	295
SF1461.1.mpg	39	150	430	459
SF1462A.1.mpg	94	282	890	714
SF1462B.1.mpg	72	231	830	623
SF1463A.1.mpg	89	364	1108	612
SF1463B.1.mpg	68	263	822	537
SF1464.1.mpg	93	388	1119	663
SF1465.1.mpg	83	310	960	631
SF1466A.1.mpg	95	387	1052	570
SF1466B.1.mpg	14	50	154	416
SF1467.1.mpg	74	350	924	575
SF1468.1.mpg	88	328	954	633
SF1469.1.mpg	87	366	1022	685
SF1470.1.mpg	107	450	1255	1004
SF1471.1.mpg	37	170	493	564
SF1472.1.mpg	113	493	1444	917
SF1473.1.mpg	78	378	1087	755
SF1474.1.mpg	73	269	708	646
SF1475.1.mpg	67	286	750	632
SF1476.1.mpg	72	289	857	520
SF1477.1.mpg	80	317	946	620
SF1478A.1.mpg	28	197	420	602
SF1478B.1.mpg	5	9	67	531
SF1479A.1.mpg	92	366	1065	784
SF1479B.1.mpg	7	1	11	678
SF1479C.1.mpg	60	123	591	595
SF1480.1.mpg	46	172	492	410
SF1481.1.mpg	75	302	857	702
SF1482.1.mpg	75	293	792	548
SF1483.1.mpg	80	300	821	585
SF1484.1.mpg	63	248	721	680
SF1485.1.mpg	54	170	524	511
SF1486.1.mpg	146	468	1410	750
SF1487.1.mpg	64	242	719	531
SF1488.1.mpg	130	474	1308	761
SF1489.1.mpg	77	248	767	838
SF1490.1.mpg	70	273	783	699
SF1491.1.mpg	75	322	948	665
SF1492.1.mpg	85	329	984	849
SF1493.1.mpg	133	360	1204	807
SF1494.1.mpg	65	263	784	641
SF1495A.1.mpg	75	298	873	585
SF1496.1.mpg	95	379	1115	740
SF1497.1.mpg	74	293	799	735
SF1498.1.mpg	58	230	614	520
SF1499A.1.mpg	94	425	1117	829
SF1499B.1.mpg	72	270	825	746
SF1499C.1.mpg	61	291	782	682
SF1500A.1.mpg	64	240	748	579
SF1500B.1.mpg	55	206	595	740
SF1500C.1.mpg	73	230	763	424
SF1500D.1.mpg	61	264	812	722
SF1501.1.mpg	50	184	622	644
SF1502.1.mpg	48	150	401	314
SF1503.1.mpg	30	129	354	380
SF1504A.1.mpg	54	209	568	556
SF1504B.1.mpg	97	369	926	666
SF1504C.1.mpg	180	363	1435	497
SF1505.1.mpg	64	250	802	589
SF1506.1.mpg	52	185	562	646
SF1507.1.mpg	63	263	737	617
SF1508.1.mpg	44	196	554	712
SF1509.1.mpg	14	66	182	543
SF1510.1.mpg	68	278	832	741
SF1511A.1.mpg	71	230	715	771
SF1511B.1.mpg	83	340	1025	711
SF1512.1.mpg	55	279	754	671
SF1513A.1.mpg	54	267	661	531
SF1513B.1.mpg	178	374	1422	498
SF1514.1.mpg	54	354	701	724
SF1515.1.mpg	46	162	468	697
SF1516A1.1.mpg	50	253	733	549
SF1516A2.1.mpg	36	214	496	266
SF1516B.1.mpg	64	137	590	471
SF1517.1.mpg	58	255	683	636
SF1518.1.mpg	55	197	585	608
SF1519.1.mpg	76	307	848	623
SF1520.1.mpg	45	154	447	628
SF1521.1.mpg	124	311	905	693
SF1522A.1.mpg	34	188	374	612
SF1522B.1.mpg	47	192	514	651
SF1523A.1.mpg	16	52	156	517
SF1523B.1.mpg	80	280	786	449
SF1524A.1.mpg	66	195	601	484
SF1524B.1.mpg	54	194	599	584
SF1525.1.mpg	7	26	84	705
SF1526A.1.mpg	92	325	1000	636
SF1526B.1.mpg	57	227	682	589
SF1526C.1.mpg	94	238	912	318
SF1527.1.mpg	80	348	1046	716
SF1528A.1.mpg	58	238	692	751
SF1529A.1.mpg	58	261	773	510
SF1529B.1.mpg	47	259	710	443
SF1530.1.mpg	89	361	1109	764
SF1531A.1.mpg	92	342	1017	875
SF1531B.1.mpg	44	371	689	570
SF1532.1.mpg	85	343	982	805
SF1533.1.mpg	64	233	710	933
SF1534.1.mpg	86	411	1138	656
SF1535.1.mpg	85	346	939	861
SF1536.1.mpg	45	197	483	603
SF1537.1.mpg	50	195	562	778
SF1538.1.mpg	51	167	505	542
SF1539A.1.mpg	61	227	645	600
SF1540A.1.mpg	56	188	523	335
SF1541A.1.mpg	72	223	711	515
SF1542A.1.mpg	46	183	498	292
SF1543.1.mpg	84	272	773	514
SF1544A.1.mpg	51	155	446	336
SF1545.1.mpg	25	105	274	345
SF1546.1.mpg	85	380	1131	584
SF1547.1.mpg	99	375	1049	720
SF1548.1.mpg	82	368	1011	613
SF1549.1.mpg	101	350	980	700
SF1550A.1.mpg	38	155	458	429
SF1550B-C.1.mpg	94	655	1388	1016
SF1551.1.mpg	48	174	478	744
SF1552.1.mpg	82	354	950	682
SF1553.1.mpg	87	342	905	758
SF1554.1.mpg	70	332	954	633
SF1555.1.mpg	85	414	1181	772
SF1556.1.mpg	69	333	859	629
SF1557.1.mpg	50	203	581	324
SF1558A.1.mpg	44	161	389	667
SF1558B.1.mpg	16	112	287	900
SF1559.1.mpg	91	310	845	729
SF1560.1.mpg	51	194	589	489
SF1561.1.mpg	77	322	867	583
SF1562.1.mpg	62	284	814	530
SF1563.1.mpg	67	295	855	576
SF1564A.1.mpg	61	203	630	615
SF1564B.1.mpg	107	303	1113	701
SF1565.1.mpg	57	225	720	516
SF1566A.1.mpg	83	275	828	652
SF1567.1.mpg	104	355	1045	803
SF1568.1.mpg	54	219	684	491
SF1569A.1.mpg	86	312	962	657
SF1569B.1.mpg	45	188	538	592
SF1570.1.mpg	29	105	344	420
SF1571.1.mpg	74	297	926	809
SF1572.1.mpg	124	363	1166	642
SF1573.1.mpg	135	477	1336	695
SF1574.1.mpg	53	197	602	466
SF1575.1.mpg	95	348	986	824
SF1576.1.mpg	42	149	447	796
SF1577.1.mpg	97	356	1070	723
SF1578A.1.mpg	93	377	1163	588
SF1579.1.mpg	100	408	1146	711
SF1580.1.mpg	80	270	788	561
SF1581.1.mpg	50	225	653	557
SF1582.1.mpg	46	202	551	547
SF1583.1.mpg	55	205	632	416
SF1584.1.mpg	77	254	708	776
SF1585.1.mpg	80	372	1129	620
SF1586.1.mpg	28	90	249	685
SF1587.1.mpg	45	196	562	436
SF1588.1.mpg	91	391	1147	634
SF1589.1.mpg	108	391	1298	679
SF1590.1.mpg	141	542	1684	924
SF1591.1.mpg	94	390	1116	692
SF1592A.1.mpg	65	298	829	463
SF1593.1.mpg	37	227	622	471
SF1594.1.mpg	92	316	913	643
SF1595A.1.mpg	77	322	922	560
SF1595B.1.mpg	59	234	681	402
SF1596.1.mpg	93	393	1173	579
SF1597A.1.mpg	86	313	925	601
SF1597B.1.mpg	55	207	664	482
SF1598.1.mpg	113	440	1408	742
SF1599.1.mpg	96	352	1052	698
SF1600.1.mpg	57	292	868	627
SF1601.1.mpg	87	422	1246	652
SF1602.1.mpg	87	383	1073	626
SF1604A.1.mpg	37	184	465	638
SF1604B.1.mpg	56	154	464	814
SF1605A.1.mpg	109	410	1266	662
SF1605B.1.mpg	80	264	797	770
SF1606A.1.mpg	59	232	647	477
SF1606C.1.mpg	79	491	1249	832
SF1607A.1.mpg	121	362	1180	605
SF1607B.1.mpg	18	69	205	354
SF1608.1.mpg	82	330	1063	653
SF1609.1.mpg	75	313	1008	692
SF1610.1.mpg	68	297	924	715
SF1611.1.mpg	93	436	1256	663
SF1612A.1.mpg	37	218	649	265
SF1612B.1.mpg	84	324	982	529
SF1613.1.mpg	154	489	1493	903
SF1614.1.mpg	103	419	1222	808
SF1616A.1.mpg	63	295	923	482
SF1616B.1.mpg	9	45	138	351
SF1617.1.mpg	98	323	1080	629
SF1618A.1.mpg	72	306	886	657
SF1619.1.mpg	96	417	1221	666
SF1620.1.mpg	60	303	733	596
SF1621A.1.mpg	96	408	1173	781
SF1621B.1.mpg	41	174	451	748
SF1622A.1.mpg	92	400	1142	913
SF1623.1.mpg	97	308	1032	612
SF1624A.1.mpg	56	295	838	540
SF1624B.1.mpg	73	275	847	446
SF1625.1.mpg	84	400	1192	683
SF1626A.1.mpg	67	354	972	684
SF1626B.1.mpg	19	85	234	675
SF1627.1.mpg	78	294	943	485
SF1628.1.mpg	56	142	464	653
SF1629A.1.mpg	46	180	460	356
SF1629C.1.mpg	2	1	6	881
SF1630A.1.mpg	95	467	1321	792
SF1631A.1.mpg	86	404	1286	627
SF1632.1.mpg	112	484	1497	753
SF1633A.1.mpg	86	422	1240	663
SF1634.1.mpg	105	540	1639	801
SF1635A.1.mpg	62	306	928	509
SF1636.1.mpg	96	455	1398	713
SF1637A.1.mpg	122	493	1393	775
SF1638.1.mpg	65	344	910	695
SF1639.1.mpg	151	503	1674	704
SF1640.1.mpg	81	399	1218	621
SF1641.1.mpg	88	397	1272	673
SF1642.1.mpg	72	292	879	434
SF1643.1.mpg	80	416	1115	794
SF1644.1.mpg	117	460	1402	722
SF1645.1.mpg	110	396	1322	627
SF1646.1.mpg	33	221	466	544
SF1647A.1.mpg	115	556	1681	812
SF1647B.1.mpg	42	206	391	781
SF1648.1.mpg	73	392	1092	615
SF1649.1.mpg	77	367	1091	639
SF1650.1.mpg	147	545	1635	697
SF1651.1.mpg	102	439	1284	725
SF1652.1.mpg	71	342	1016	692
SF1653.1.mpg	39	172	483	230
SF1654.1.mpg	79	299	894	480
SF1655.1.mpg	117	470	1440	708
SF1656A.1.mpg	139	476	1574	803
SF1656B.1.mpg	9	34	100	895
SF1657A.1.mpg	105	383	1241	602
SF1657B.1.mpg	99	324	925	770
SF1658.1.mpg	102	449	1423	769
SF1659.1.mpg	78	363	1106	639
SF1660A.1.mpg	100	413	1286	787
SF1660B.1.mpg	18	52	192	758
SF1661.1.mpg	123	471	1570	859
SF1662.1.mpg	109	505	1472	718
SF1663.1.mpg	106	428	1372	759
SF1664.1.mpg	72	368	1070	732
SF1665.1.mpg	72	425	1134	721
SF1666.1.mpg	44	183	535	670
SF1667.1.mpg	69	283	761	474
SF1668.1.mpg	71	256	807	499
SF1669.1.mpg	64	328	905	568
SF1670.1.mpg	115	419	1240	708
SF1671.1.mpg	110	364	1090	720
SF1672.1.mpg	56	182	548	565
SF1673.1.mpg	97	283	994	638
SF1674.1.mpg	97	325	1127	701
SF1675.1.mpg	85	242	776	609
SF1676.1.mpg	94	360	1114	628
SF1677.1.mpg	77	284	915	564
SF1678.1.mpg	115	531	1596	803
SF1679.1.mpg	104	419	1348	726
SF1680A.1.mpg	76	289	1018	600
SF1680B.1.mpg	44	209	530	751
SF1681.1.mpg	86	368	1199	631
SF1682.1.mpg	104	363	1181	616
SF1683A.1.mpg	91	444	1202	838
SF1684.1.mpg	92	361	1292	661
SF1685.1.mpg	47	209	504	532
SF1686.1.mpg	104	364	1463	606
SF1687.1.mpg	87	334	1298	640
SF1688.1.mpg	85	371	1411	635
SF1689.1.mpg	115	459	1664	707
SF1690.1.mpg	104	337	1324	580
SF1691.1.mpg	130	485	1635	780
SF1692.1.mpg	108	359	1351	689
SF1693.1.mpg	103	455	1475	700
SF1694.1.mpg	109	382	1298	697
SF1695.1.mpg	137	451	1733	626
SF1696.1.mpg	102	412	1385	603
SF1697.1.mpg	155	573	2048	848
SF1698.1.mpg	121	429	1436	766
SF1699.1.mpg	85	335	1201	571
SF1700.1.mpg	104	385	1291	702
SF1701A.1.mpg	106	423	1316	673
SF1702.1.mpg	142	458	1608	817
SF1703.1.mpg	144	474	1662	778
SF1704A.1.mpg	131	438	1510	803
SF1704B.1.mpg	43	176	566	852
SF1705.1.mpg	85	276	940	509
SF1706.1.mpg	95	326	1156	639
SF1707.1.mpg	94	328	1154	660
SF1708.1.mpg	57	278	825	524
SF1709A.1.mpg	55	198	522	620
SF1709B.1.mpg	92	294	928	644
SF1710.1.mpg	142	479	1657	762
SF1711.1.mpg	114	351	1269	672
SF1712A.1.mpg	130	346	1246	671
SF1713.1.mpg	109	394	1190	680
SF1714.1.mpg	109	354	1199	682
SF1715.1.mpg	112	364	1293	702
SF1716.1.mpg	125	388	1477	701
SF1717.1.mpg	99	330	1202	678
SF1718.1.mpg	131	470	1620	777
SF1719.1.mpg	136	439	1592	789
SF1720.1.mpg	97	337	908	554
SF1721A.1.mpg	77	300	800	565
SF1721B.1.mpg	106	348	1051	723
SF1721C.1.mpg	111	196	593	871
SF1722.1.mpg	99	292	1024	529
SF1723.1.mpg	77	291	865	526
SF1724.1.mpg	75	261	812	718
SF1725.1.mpg	96	352	1139	685
SF1726.1.mpg	70	214	717	422
SF1727.1.mpg	108	378	1328	730
SF1728.1.mpg	80	275	968	465
SF1729.1.mpg	88	332	1053	605
SF1730.1.mpg	113	348	1209	653
SF1731.1.mpg	90	297	1085	646
SF1732.1.mpg	82	291	1011	644
SF1733.1.mpg	84	284	1030	684
SF1734A.1.mpg	106	471	997	891
SF1734B.1.mpg	46	159	530	378
SF1735.1.mpg	95	277	871	740
SF1736.1.mpg	77	337	962	900
SF1737A.1.mpg	80	237	811	571
SF1737B.1.mpg	162	394	908	904
SF1738.1.mpg	83	290	879	716
SF1739.1.mpg	67	254	835	534
SF1740.1.mpg	61	209	775	567
SF1741.1.mpg	54	181	623	441
SF1742.1.mpg	106	345	1264	702
SF1743.1.mpg	80	275	956	619
SF1744A.1.mpg	81	253	842	694
SF1745.1.mpg	131	336	1163	947
SF1746.1.mpg	83	291	965	759
SF1747.1.mpg	63	226	729	630
SF1748A.1.mpg	7	33	93	124
SF1749.1.mpg	140	472	1689	960
SF1750.1.mpg	140	430	1482	805
SF1751.1.mpg	56	219	650	603
SF1752.1.mpg	101	352	1114	599
SF1753A.1.mpg	69	234	826	596
SF1753B.1.mpg	57	330	807	695
SF1754.1.mpg	61	214	746	467
SF1755.1.mpg	71	235	731	603
SF1756.1.mpg	101	411	1344	741
SF1757.1.mpg	56	216	703	468
SF1758.1.mpg	92	305	1057	681
SF1759.1.mpg	104	336	1253	674
SF1760.1.mpg	71	258	947	521
SF1761.1.mpg	79	274	904	575
SF1762A.1.mpg	140	493	1627	868
SF1763.1.mpg	56	217	647	514
SF1764.1.mpg	53	193	656	494
SF1765.1.mpg	73	255	882	640
SF1766.1.mpg	77	288	930	622
SF1767A.1.mpg	75	299	1020	650
SF1767B.1.mpg	41	197	596	797
SF1768.1.mpg	85	284	1013	629
SF1769.1.mpg	72	298	882	621
SF1770.1.mpg	103	457	1339	726
SF1771.1.mpg	49	210	733	576
SF1772A.1.mpg	116	470	1424	762
SF1772B.1.mpg	35	122	403	265
SF1773A.1.mpg	85	281	1021	570
SF1773B.1.mpg	24	95	313	211
SF1774A.1.mpg	87	309	1001	745
SF1774B.1.mpg	24	83	295	236
SF1775A.1.mpg	91	293	1052	751
SF1775B.1.mpg	22	105	294	219
SF1776A.1.mpg	80	213	733	589
SF1776B.1.mpg	73	245	655	596
SF1776C.1.mpg	22	82	314	232
SF1777.1.mpg	71	349	919	618
SF1778A.1.mpg	69	305	788	799
SF1778B.1.mpg	19	80	247	250
SF1779A.1.mpg	64	287	747	657
SF1779B.1.mpg	22	80	275	220
SF1780A.1.mpg	111	375	1322	655
SF1780B.1.mpg	100	356	1177	626
SF1780C.1.mpg	71	244	827	631
SF1781A.1.mpg	61	230	767	684
SF1781B.1.mpg	21	65	208	243
SF1783A.1.mpg	46	170	502	529
SF1783B.1.mpg	13	39	145	153
SF1784A.1.mpg	64	249	712	568
SF1784B.1.mpg	13	50	161	223
SF1785.1.mpg	49	163	553	618
SF1786.1.mpg	69	304	897	685
SF1787.1.mpg	78	288	950	591
SF1788A.1.mpg	66	287	1005	474
SF1788B-C.1.mpg	286	783	2007	1502
SF1789A.1.mpg	104	354	1088	662
SF1790.1.mpg	75	251	860	552
SF1791.1.mpg	83	334	1204	589
SF1792.1.mpg	43	162	549	600
SF1793.1.mpg	102	430	1290	725
SF1794.1.mpg	79	340	926	675
SF1795.1.mpg	96	313	1048	622
SF1796.1.mpg	96	335	1028	711
SF1797.1.mpg	78	271	887	597
SF1798.1.mpg	77	301	1053	530
SF1799.1.mpg	85	258	920	668
SF1800.1.mpg	113	443	1384	823
SF1801.1.mpg	72	274	891	621
SF1802.1.mpg	66	231	857	586
SF1803.1.mpg	49	210	654	474
SF1804.1.mpg	73	260	980	631
SF1805.1.mpg	96	356	1232	608
SF1806.1.mpg	116	398	1335	706
SF1807.1.mpg	88	317	1086	583
SF1808.1.mpg	89	298	1056	606
SF1809.1.mpg	85	329	1089	543
SF1810.1.mpg	100	388	1333	712
SF1811.1.mpg	73	296	946	561
SF1812.1.mpg	111	348	1219	624
SF1813.1.mpg	103	323	1086	586
SF1814.1.mpg	78	303	1010	592
SF1815.1.mpg	77	296	844	601
SF1816.1.mpg	84	316	999	578
SF1817.1.mpg	63	264	689	640
SF1818.1.mpg	88	285	939	585
SF1819.1.mpg	153	578	2000	1132
SF1820.1.mpg	56	218	756	481
SF1821A.1.mpg	92	328	1007	669
SF1822.1.mpg	74	293	893	637
SF1823.1.mpg	66	291	889	696
SF1824A.1.mpg	115	431	1458	830
SF1824B.1.mpg	59	230	900	578
SF1825.1.mpg	81	269	789	481
SF1826.1.mpg	104	359	1193	668
SF1827.1.mpg	123	442	1410	734
SF1828.1.mpg	89	367	1105	632
SF1829.1.mpg	73	308	899	702
SF1830.1.mpg	88	352	1204	599
SF1831.1.mpg	64	277	923	535
SF1832A.1.mpg	47	173	613	409
SF1832B.1.mpg	56	193	690	775
SF1833.1.mpg	73	238	837	533
SF1834.1.mpg	62	299	938	638
SF1835.1.mpg	55	249	785	545
SF1836.1.mpg	65	301	975	517
SF1837.1.mpg	95	269	958	621
SF1838A.1.mpg	85	326	1074	634
SF1839A.1.mpg	72	264	816	614
SF1840.1.mpg	102	309	1019	578
SF1841.1.mpg	82	351	975	746
SF1842.1.mpg	93	401	1311	757
SF1843.1.mpg	64	282	879	621
SF1844.1.mpg	109	355	1076	948
SF1845.1.mpg	59	238	825	559
SF1846.1.mpg	67	293	913	648
SF1847A.1.mpg	92	336	1058	623
SF1848.1.mpg	83	313	1030	584
SF1849.1.mpg	60	241	909	535
SF1850.1.mpg	63	256	872	646
SF1851.1.mpg	48	199	695	381
SF1852.1.mpg	66	272	928	595
SF1853.1.mpg	63	231	807	721
SF1854.1.mpg	53	278	809	609
SF1855.1.mpg	55	181	623	518
SF1856.1.mpg	69	294	936	705
SF1857A.1.mpg	61	286	517	547
SF1858.1.mpg	53	206	667	616
SF1859A-B.1.mpg	86	405	1190	1052
SF1860A.1.mpg	68	219	815	666
SF1861.1.mpg	123	371	1038	754
SF1864.1.mpg	87	256	754	673
SF1866A.1.mpg	39	182	524	658
SF1866B.1.mpg	91	288	842	507
SF1867A.1.mpg	93	235	833	587
SF1867B.1.mpg	108	175	820	600
SF1867C.1.mpg	115	357	1035	694
SF1870A.1.mpg	78	364	1019	483
SF1870B.1.mpg	114	498	1428	669
SF1875A-C.1.mpg	303	1051	3251	1614
SF1876A-B.1.mpg	140	657	1648	1104
SF1877C.1.mpg	53	345	849	543
SF1878.1.mpg	5	0	7	948
SF1879.1.mpg	101	487	1421	889
SF1881.1.mpg	214	859	2313	1791
SF1883.1.mpg	33	199	443	746
SF1884.1.mpg	101	404	1307	907
SF1885A-B.1.mpg	83	286	1088	1104
SF1885C.1.mpg	17	40	236	501
SF1885D.1.mpg	51	180	615	651
SF1885E.1.mpg	45	143	614	611
SF1886.1.mpg	86	413	1244	642
SF1887.1.mpg	121	221	1204	714
SF1888.1.mpg	39	60	421	767
SF1899.1.mpg	68	299	780	440
SF1921.1.mpg	101	247	1504	763
SF1925A-B.1.mpg	420	1189	3627	1612
SF1926.1.mpg	84	710	1425	881
SF1928.1.mpg	138	496	1730	818
SF1940A-B.1.mpg	144	606	1688	956
SF1958.1.mpg	6	2	10	732
SF1959.1.mpg	83	576	993	690
SF1960.1.mpg	54	424	703	492
SF1961.1.mpg	85	767	1453	895
SF1962.1.mpg	111	576	1629	688
SF1963A.1.mpg	39	341	765	396
SF1963B.1.mpg	46	266	782	314
SF1964A-B.1.mpg	97	504	1043	755
SF1965.1.mpg	65	626	1273	699
SF1966.1.mpg	74	507	1099	585
SF1978A.1.mpg	53	368	731	486
SF1978B.1.mpg	75	301	955	620
SF1985A-E.1.mpg	203	463	1614	2059
SF1986A.1.mpg	37	94	445	531
SF1986B.1.mpg	24	36	222	540
SF1986C.1.mpg	16	17	96	587
SF1986D.1.mpg	16	62	132	478
SF1986E.1.mpg	10	18	105	664
SF1986F.1.mpg	4	2	8	375
SF1986G.1.mpg	20	27	127	568
SF1988.1.mpg	113	416	1196	593
SF1989A.1.mpg	8	16	59	367
SF1989B.1.mpg	4	12	38	949
SF1990A-H.1.mpg	463	2222	5557	4271
SF1991A.1.mpg	49	213	448	744
SF1991B.1.mpg	45	134	356	552
SF1991C.1.mpg	7	37	87	513
SF1991D.1.mpg	16	26	84	493
SF1991E.1.mpg	32	118	245	478
SF2064A.1.mpg	80	330	915	596
SF2064B.1.mpg	60	261	645	454
SF2167A-B.1.mpg	136	541	1347	952
SF2195.1.mpg	29	127	403	452
SF2196.1.mpg	108	518	1164	838
SF2208.1.mpg	1	0	2	685
SF2221A-J.1.mpg	637	2424	6537	5982
SF2391A.1.mpg	11	39	114	706
SF2391B.1.mpg	11	37	107	1153
SF2391C.1.mpg	2	2	12	552
SF2480A.1.mpg	1	0	1	626
SF2542A.1.mpg	18	56	156	500
SF2542C.1.mpg	151	221	894	681
SF2543A.1.mpg	115	67	362	472
SF2553A.1.mpg	130	293	1329	644
SF2554.1.mpg	97	300	1137	698
SF2560.1.mpg	32	243	493	463
SF2561.1.mpg	25	69	206	576
SF2562A.1.mpg	37	23	102	470
SF2562B.1.mpg	12	23	34	562
SF2563.1.mpg	102	173	613	330
SF2564.1.mpg	15	54	187	378
SF2571A-C.1.mpg	265	813	2449	1534
SF2573D.1.mpg	59	203	610	588
SF2584.1.mpg	93	298	938	666
SF2595A-C.1.mpg	118	256	1119	1567
SF2596A-B.1.mpg	122	326	982	1100
SF2597A-C.1.mpg	229	1158	2895	1676
SF2598B.1.mpg	52	273	670	452
SF2599.1.mpg	43	187	559	460
SF2600.1.mpg	20	41	149	425
SF2601.1.mpg	98	348	1339	571
SF2603.1.mpg	26	21	85	694
SF2605A-B.1.mpg	117	457	1202	890
SF2606.1.mpg	78	300	793	747
SF2607.1.mpg	33	72	276	639
SF2608.1.mpg	36	23	145	789
SF2612.1.mpg	85	325	801	674
SF2614A-F.1.mpg	430	1409	6305	3434
SF2616.1.mpg	122	496	1370	621
SF2617.1.mpg	112	408	1234	652
SF2618.1.mpg	207	575	1474	760
SF2619.1.mpg	2	2	6	787
SF2620.1.mpg	90	451	1221	571
SF2621.1.mpg	45	191	513	287
SF2623A.1.mpg	164	705	1857	877
SF2624.1.mpg	60	240	623	370
SF2625.1.mpg	91	465	1197	675
SF2627.1.mpg	142	364	1191	851
SF2630A.1.mpg	26	72	131	563
SF2630B.1.mpg	12	5	31	636
SF2630C.1.mpg	10	8	24	783
SF2631.1.mpg	1	0	5	396
SF2632.1.mpg	163	382	1457	651
SF2633.1.mpg	140	370	1354	727
SF2635A.1.mpg	79	250	719	454
SF2635B.1.mpg	128	386	1156	599
SF2638A.1.mpg	139	481	1449	729
SF2639.1.mpg	76	255	762	401
SF2641.1.mpg	80	315	933	410
SF2643.1.mpg	98	415	1175	574
SF2645.1 Se Sverige del 4, 1934.mpg	115	481	1471	691
SF2646.1.mpg	123	388	1293	671
SF2647.1.mpg	111	402	1263	535
SF2648.1.mpg	149	458	1602	612
SF2649.1.mpg	95	366	1258	594
SF2650A.1.mpg	61	231	749	601
SF2650B.1.mpg	23	110	329	490
SF2650D.1.mpg	7	3	23	508
SF2650E.1.mpg	18	46	111	414
SF2651A-G.1.mpg	188	397	1273	3945
SF2652A.1.mpg	3	3	8	680
SF2652B.1.mpg	2	1	6	567
SF2653A.1.mpg	2	0	3	608
SF2653C.1.mpg	57	71	243	426
SF2653D.1.mpg	51	80	224	610
SF2653E.1.mpg	75	90	301	617
SF2653F.1.mpg	84	104	299	650
SF2653G.1.mpg	63	93	255	543
SF2653H.1.mpg	97	110	367	746
SF2653I.1.mpg	122	191	648	758
SF2653J.1.mpg	52	63	247	870
SF2654.1.mpg	123	227	859	569
SF2655.1.mpg	132	326	1434	907
SF2656A.1.mpg	68	205	749	492
SF2657.1.mpg	132	299	1387	828
SF2658.1.mpg	87	379	1149	724
SF2659A.1.mpg	11	8	34	722
SF2659B.1.mpg	33	220	618	574
SF2659C.1.mpg	34	25	172	654
SF2659D.1.mpg	83	79	292	718
SF2660A.1.mpg	57	270	823	571
SF2660B.1.mpg	28	85	250	836
SF2661A.1.mpg	19	47	155	813
SF2661C.1.mpg	54	207	513	519
SF2662.1.mpg	141	378	1293	714
SF2663.1.mpg	40	170	472	454
SF2666A.1.mpg	51	157	471	696
SF2666B.1.mpg	138	200	1110	656
SF2667.1.mpg	54	177	527	341
SF2668.1.mpg	115	457	1291	759
SF2670A-D.1.mpg	270	593	1936	2532
SF2671A.1.mpg	61	174	532	428
SF2671B.1.mpg	98	258	865	574
SF2671C.1.mpg	61	153	512	535
SF2672.1.mpg	91	342	1070	639
SF2673.1.mpg	13	65	126	424
SF2676.1.mpg	87	350	1021	725
SF2677A-B.1.mpg	81	286	806	909
SF2678.1.mpg	45	195	555	728
SF2682A.1.mpg	70	397	962	565
SF2682B.1.mpg	50	302	687	591
SF2682C.1.mpg	40	231	623	562
SF2683.1.mpg	32	157	391	481
SF2684.1.mpg	57	289	825	548
SF2685.1.mpg	134	533	1638	671
SF2686.1.mpg	54	288	844	389
SF2687.1.mpg	21	41	146	931
SF2688.1.mpg	132	674	1873	927
SF2690.1.mpg	100	513	1354	709
SF2691.1.mpg	111	561	1446	675
SF2692.1.mpg	203	369	1490	789
SF2693.1.mpg	52	259	817	457
SF2694.1.mpg	135	441	1220	798
SF2695.1.mpg	73	318	814	619
SF2696.1.mpg	80	345	1105	613
SF2697.1.mpg	89	338	959	646
SF2698.1.mpg	48	345	928	660
SF2699.1.mpg	75	429	1153	570
SF2700.1.mpg	77	349	1074	570
SF2702.1.mpg	99	612	1365	959
SF2703.1.mpg	147	486	1586	879
SF2704.1.mpg	52	205	613	450
SF2705.1.mpg	84	398	1112	553
SF2706.1.mpg	100	376	1032	650
SF2707.1.mpg	87	361	1057	660
SF2708.1.mpg	114	524	1389	714
SF2709.1.mpg	54	189	634	649
SF2710.1.mpg	90	421	1145	618
SF2711.1.mpg	109	690	1700	840
SF2712.1.mpg	150	459	1536	588
SF2713.1.mpg	86	316	1115	516
SF2714.1.mpg	107	391	1273	633
SF2715.1.mpg	55	327	888	464
SF2716.1.mpg	93	501	1310	693
SF2717.1.mpg	53	240	790	672
SF2718.1.mpg	111	470	1423	652
SF2719.1.mpg	79	275	782	552
SF2720.1.mpg	13	80	218	371
SF2721.1.mpg	15	81	227	432
SF2723.1.mpg	88	421	1090	716
SF2725.1.mpg	18	22	164	625
SF2726.1.mpg	52	232	666	346
SF2727.1.mpg	70	344	995	431
SF2728.1.mpg	75	312	971	453
SF2729.1.mpg	96	382	1112	561
SF2730.1.mpg	108	354	1099	507
SF2731.1.mpg	108	325	1053	464
SF2732.1.mpg	143	604	1671	796
SF2733.1.mpg	65	271	637	513
SF2734.1.mpg	84	266	907	411
SF2735A.1.mpg	58	339	822	522
SF2735B.1.mpg	62	327	852	468
SF2736.1.mpg	74	445	1095	677
SF2737.1.mpg	73	279	913	492
SF2738.1.mpg	55	198	646	617
SF2739A.1.mpg	66	321	931	590
SF2739B.1.mpg	2	0	4	584
SF2740.1.mpg	59	246	752	542
SF2741.1.mpg	91	385	1087	510
SF2742A.1.mpg	20	84	199	681
SF2743B.1.mpg	34	44	264	605
SF2745.1.mpg	55	316	799	821
SF2762.1.mpg	11	9	79	414
SF2763.1.mpg	35	45	231	315
SF2764.1.mpg	10	61	165	328
SF2765.1.mpg	53	129	440	376
SF2767.1.mpg	20	21	106	555
SF2768.1.mpg	33	214	647	401
SF2769.1.mpg	19	97	277	294
SF2770A.1.mpg	61	217	705	550
SF2770B.1.mpg	121	433	1366	739
SF2771.1.mpg	87	308	851	489
SF2772.1.mpg	147	712	2067	847
SF2773.1.mpg	93	312	1003	573
SF2774.1.mpg	130	96	334	192
SF2775.1.mpg	50	120	292	214
SF2776A-B.1.mpg	184	428	1371	1006
SF2777.1.mpg	103	321	1032	646
SF2778.1.mpg	105	377	1130	665
SF2779.1.mpg	50	205	555	657
SF2780.1.mpg	99	480	1327	748
SF2781.1.mpg	95	406	1171	729
SF2782.1.mpg	21	96	334	588
SF2783.1.mpg	2	2	11	689
SF2784.1.mpg	1	1	4	346
SF2785.1.mpg	31	85	317	561
SF2786.1.mpg	45	211	650	471
SF2787.1.mpg	57	86	579	468
SF2788.1.mpg	22	97	252	681
SF2789.1.mpg	162	741	1743	940
SF2790.1.mpg	3	34	15	717
SF2791.1.mpg	8	45	102	533
SF2792.1.mpg	18	69	143	582
SF2793.1.mpg	67	221	483	668
SF2794.1.mpg	59	178	599	621
SF2795.1.mpg	33	112	373	782
SF2796.1.mpg	6	3	33	480
SF2797.1.mpg	84	328	1227	680
SF2798.1.mpg	103	308	1269	457
SF2799.1.mpg	147	699	1755	887
SF2800.1.mpg	85	91	676	820
SF2801.1.mpg	63	218	403	609
SF2803.1.mpg	119	683	1674	879
SF2804.1.mpg	106	566	1644	854
SF2805.1.mpg	161	580	2159	923
SF2810.1.mpg	9	5	24	678
SF2811.1.mpg	69	397	1278	677
SF2813.1.mpg	156	617	2150	854
SF2814.1.mpg	126	330	1116	594
SF2815.1.mpg	92	660	1529	762
SF2816A.1.mpg	61	210	478	617
SF2817.1.mpg	160	596	1780	838
SF2818A.1.mpg	51	169	542	700
SF2819.1.mpg	106	393	1137	821
SF2820A-B.1.mpg	132	550	1503	1104
SF2821A-B.1.mpg	150	434	1584	1025
SF2822.1.mpg	114	332	884	837
SF2823A-B.1.mpg	155	732	1844	1271
SF2824.1.mpg	107	296	1082	688
SF2825A.1.mpg	82	341	960	478
SF2825B.1.mpg	96	310	962	586
SF2828.1.mpg	83	482	1278	699
SF2830.1.mpg	94	534	1216	693
SF2831A-C.1.mpg	122	184	610	1751
SF2832.1.mpg	61	215	440	767
SF2833.1.mpg	77	315	736	659
SF2834.1.mpg	137	553	1535	1092
SF2835.1.mpg	78	313	820	841
SF2836A-E.1.mpg	239	923	2424	3056
SF2837A.1.mpg	17	86	219	935
SF2837B.1.mpg	17	72	170	523
SF2838A.1.mpg	45	189	457	896
SF2838B.1.mpg	36	190	484	308
SF2839A.1.mpg	63	144	503	633
SF2840.1.mpg	97	255	989	541
SF2842.1.mpg	183	672	2089	970
SF2843.1.mpg	42	351	774	686
SF2844A-B.1.mpg	140	865	1963	1037
SF2845.1.mpg	103	530	1296	957
SF2846.1.mpg	122	771	1939	987
SF2848.1.mpg	80	547	1289	955
SF2849.1.mpg	114	328	921	606
SF2851.1.mpg	94	409	1251	725
SF2855A-C.1.mpg	160	745	1786	1425
SF2855D.1.mpg	53	219	649	586
SF2856A-B.1.mpg	131	638	1638	1083
SF2857A-B.1.mpg	96	362	1047	1042
SF2858.1.mpg	3	0	4	501
SF2859.1.mpg	53	106	359	388
SF2861.1.mpg	103	789	1671	954
SF2862.1.mpg	86	386	995	513
SF2865.1.mpg	104	375	1171	831
SF2866.1.mpg	4	4	16	745
SF2867.1.mpg	77	440	1284	550
SF2868A-E.1.mpg	224	1088	3166	2157
SF2869.1.mpg	64	273	660	638
SF2870.1.mpg	62	279	686	553
SF2871A.1.mpg	50	208	495	645
SF2871B.1.mpg	43	259	636	474
SF2872.1.mpg	86	334	1196	669
SF2873.1.mpg	83	389	1358	565
SF2874.1.mpg	63	266	849	593
SF2875.1.mpg	86	357	1057	530
SF2876.1.mpg	26	147	433	633
SF2877.1.mpg	104	405	1351	622
SF2878.1.mpg	85	418	1450	811
SF2879.1.mpg	107	356	1102	912
SF2880.1.mpg	44	208	660	344
SF2881.1.mpg	106	445	1321	776
SF2882.1.mpg	48	264	765	580
SF2883.1.mpg	37	179	500	421
SF2884.1.mpg	45	254	701	606
SF2885A.1.mpg	128	309	1278	486
SF2885B-C.1.mpg	302	615	2564	1181
SF2886.1.mpg	85	435	1288	569
SF2887.1.mpg	88	240	1037	607
SF2888.1.mpg	86	330	1274	816
SF2889.1.mpg	75	281	911	482
SF2890.1.mpg	30	132	419	388
SF2891A.1. Åhlen o Holm 1939mpg.mpg	60	269	884	422
SF2892.1.mpg	83	385	1126	642
SF2893.1.mpg	62	335	1028	596
SF2894.1.mpg	59	257	905	468
SF2895.1.mpg	12	56	185	509
SF2896.1.mpg	67	328	957	621
SF2898A.1.mpg	80	353	1000	490
SF2898B.1.mpg	57	251	695	603
SF2898C.1.mpg	29	145	454	589
SF2898D.1.mpg	49	235	633	638
SF2898E.1.mpg	55	241	649	604
SF2898F.1.mpg	56	302	711	650
SF2898G.1.mpg	57	241	640	611
SF2899A-H.1.mpg	371	1688	4740	4363
SF2901A.1.mpg	89	351	994	622
SF2901B.1.mpg	79	373	967	624
SF2901C.1.mpg	78	440	1113	835
SF2902.1.mpg	114	561	1813	784
SF2903.1.mpg	82	297	1043	452
SF2904A.1.mpg	145	436	1411	814
SF2905.1.mpg	72	311	892	666
SF2906.1.mpg	81	440	1223	612
SF2907.1.mpg	88	375	1209	565
SF2908.1.mpg	60	280	796	478
SF2909A-B.1.mpg	161	763	2427	1904
SF2910.1.mpg	134	356	1290	500
SF2911A.1.mpg	64	175	580	556
SF2911B.1.mpg	55	256	664	537
SF2913.1.mpg	114	615	1535	740
SF2914.1.mpg	131	463	1372	670
SF2915.1.mpg	110	441	1466	662
SF2916.1.mpg	79	318	1091	670
SF2917.1.mpg	77	439	1064	619
SF2918.1.mpg	5	18	56	519
SF2919.1.mpg	50	216	639	713
SF2920.1.mpg	3	0	3	462
SF2921.1.mpg	103	536	1545	674
SF2922.1.mpg	108	423	1413	587
SF2923.1.mpg	100	347	1107	548
SF2924.1.mpg	57	317	772	501
SF2925A-C.1.mpg	221	922	2426	1828
SF2925F.1.mpg	48	302	618	589
SF2926A-D.1.mpg	444	1435	4520	2360
SF2927.1.mpg	1	0	2	573
SF2928A-C.1.mpg	217	949	2488	1471
SF2933.1.mpg	123	406	1423	540
SF2934.1.mpg	204	493	1603	705
SF2935A-B.1.mpg	161	663	2131	1218
SF2936.1.mpg	65	240	793	570
SF2937.1.mpg	98	336	1071	584
SF2938.1.mpg	161	613	1912	784
SF2939.1.mpg	53	223	702	434
SF2940.1.mpg	67	316	950	562
SF2941.1.mpg	88	296	919	641
SF2942.1.mpg	20	18	113	918
SF2943.1.mpg	80	242	712	398
SF2944.1.mpg	125	510	1529	907
SF2945.1.mpg	69	244	788	474
SF2946A-B.1.mpg	100	378	978	993
SF2947.1.mpg	99	455	1327	601
SF2948A.1.mpg	76	316	938	418
SF2948B.1.mpg	86	471	1304	575
SF2949.1.mpg	121	309	1508	685
SF2950A-D.1.mpg	121	519	1395	1961
SF2951.1.mpg	67	406	794	729
SF2952.1.mpg	83	343	1069	680
SF2955.1.mpg	53	198	622	608
SF2956.1.mpg	6	3	17	757
SF2957.1.mpg	80	384	1098	533
SF2959.1.mpg	17	75	146	692
SF2962A-B.1.mpg	13	14	80	1168
SF2963.1.mpg	124	824	1862	990
SF2964.1.mpg	73	482	1131	832
SF2966.1.mpg	63	174	846	429
SF2967A.1.mpg	52	411	889	524
SF2967B.1.mpg	48	306	777	527
SF2967C.1.mpg	48	355	735	583
SF2968.1.mpg	112	484	1506	830
SF2969.1.mpg	137	421	1976	922
SF2970.1.mpg	84	451	1090	664
SF2971.1.mpg	103	648	1588	836
SF2972.1.mpg	94	445	1133	624
SF2973.1.mpg	22	109	286	135
SF2974.1.mpg	50	225	657	351
SF2975.1.mpg	53	185	586	362
SF2976.1.mpg	62	249	920	760
SF2977.1.mpg	71	306	895	487
SF2978A-B.1.mpg	116	508	1405	1092
SF2979.1.mpg	64	201	597	605
SF2980.1.mpg	39	182	424	487
SF2981A.1.mpg	63	340	825	516
SF2982A.1.mpg	94	314	942	881
SF2982B.1.mpg	95	303	1118	535
SF2983.1.mpg	109	421	1251	591
SF2984A.1.mpg	21	117	313	623
SF2985A.1.mpg	44	319	670	606
SF2988.1.mpg	48	218	631	670
SF2989.1.mpg	120	500	1359	672
SF2990.1.mpg	88	515	1451	743
SF2991.1.mpg	78	450	1122	793
SF2992.1.mpg	71	326	791	534
SF2993.1.mpg	110	538	1358	756
SF2994.1.mpg	128	526	1326	680
SF2995.1.mpg	65	278	842	649
SF2996A.1.mpg	133	332	1119	592
SF2996B.1.mpg	112	494	1443	600
SF2996C.1.mpg	133	403	1135	578
SF2996D.1.mpg	130	301	1031	630
SF2997A-E.1.mpg	296	1277	3878	2661
SF2997F.1.mpg	30	133	375	270
SF2998A-F.1.mpg	551	597	3215	3460
SF2999.1.mpg	92	421	1122	715
SF3000.1.mpg	84	364	925	748
SF3001.1.mpg	58	289	537	537
SF3002.1.mpg	149	819	2220	966
SF3003.1.mpg	161	543	1555	771
SF3005.1.mpg	140	510	1600	901
SF3006.1.mpg	106	409	1383	716
SF3007A-C.1.mpg	189	523	2435	1541
SF3008A.1.mpg	121	467	1416	762
SF3008B.1.mpg	118	626	1532	823
SF3009A-D.1.mpg	301	1471	4177	2399
SF3010.1.mpg	131	633	1716	939
SF3011A-B.1.mpg	276	660	2405	1323
SF3012A.1.mpg	98	333	918	456
SF3012B.1.mpg	117	425	1163	545
SF3012C.1.mpg	128	412	1207	563
SF3013.1.mpg	198	481	1734	703
SF3014.1.mpg	108	516	1345	715
SF3015A.1.mpg	78	320	839	417
SF3015B.1.mpg	46	97	331	262
SF3017.1.mpg	22	81	255	624
SF3040A.1.mpg	59	106	357	223
SF3047.1.mpg	7	66	93	666
SF3048.1.mpg	8	16	69	509
SF3052A.1.mpg	92	431	1187	563
SF3052B.1.mpg	110	496	1241	687
SF3052C.1.mpg	102	530	1500	680
SF3052D.1.mpg	93	459	1258	666
SF3053A.1.mpg	16	101	189	564
SF3053B.1.mpg	1	0	1	450
SF3054.1.mpg	39	49	175	344
SF3055.1.mpg	54	150	341	417
SF3056.1.mpg	166	799	2004	1253
SF3057.1.mpg	163	772	2055	961
SF3058.1.mpg	188	469	1479	865
SF3059.1.mpg	58	115	378	501
SF3066.1.mpg	108	411	1514	695
SF3070.1.mpg	112	379	1039	544
SF3071.1.mpg	95	265	988	1056
SF3094.1.mpg	53	227	690	788
SF3102.1.mpg	80	243	708	602
SF3103A-C.1.mpg	338	934	2965	1607
SF3104.1.mpg	190	523	1628	839
SF3105.1.mpg	112	423	1325	803
SF3107A-B.1.mpg	405	655	2384	1128
SF3111A.1.mpg	99	463	1294	626
SF3111B.1.mpg	126	551	1644	837
SF3115.1.mpg	27	133	395	556
SF3116.1.mpg	64	332	827	443
SF3117.1.mpg	58	216	591	586
SF3118.1.mpg	167	483	1900	755
SF3119.1.mpg	135	424	1376	696
SF3120.1.mpg	179	589	1893	786
SF3122.1.mpg	32	165	522	515
SF3124.1.mpg	60	276	804	553
SF3125.1.mpg	119	338	1031	503
SF3126.1.mpg	12	65	185	471
SF3127.1.mpg	60	210	677	667
SF3128.1.mpg	96	382	1124	516
SF3129.1.mpg	73	170	724	450
SF3130.1.mpg	127	251	1067	491
SF3131.1.mpg	92	249	717	455
SF3132.1.mpg	100	243	881	677
SF3134.1.mpg	61	297	933	639
SF3135.1.mpg	77	285	833	521
SF3136.1.mpg	24	62	330	397
SF3137.1.mpg	78	329	1029	689
SF3138.1.mpg	45	263	663	557
SF3139.1.mpg	3	0	8	591
SF3140.1.mpg	40	264	699	534
SF3141.1.mpg	80	348	1088	551
SF3142.1.mpg	60	252	781	485
SF3143.1.mpg	55	206	621	621
SF3144.1.mpg	15	48	169	439
SF3145.1.mpg	79	354	1069	589
SF3147.1.mpg	81	253	969	518
SF3148.1.mpg	101	479	1334	866
SF3149.1.mpg	67	282	849	611
SF3150.1.mpg	45	191	783	401
SF3151.1.mpg	169	447	1495	651
SF3152.1.mpg	88	452	1172	564
SF3153.1.mpg	76	304	1134	534
SF3154.1.mpg	83	271	950	506
SF3155.1.mpg	88	358	1118	536
SF3156.1.mpg	53	294	775	534
SF3157.1.mpg	63	286	1030	572
SF3158.1.mpg	33	187	530	586
SF3159.1.mpg	131	528	1542	797
SF3160.1.mpg	186	439	1782	795
SF3161A-C.1.mpg	34	157	470	1350
SF3162.1.mpg	269	476	1644	810
SF3163.1.mpg	12	34	132	603
SF3164.1.mpg	74	338	771	736
SF3168.1.mpg	213	482	1789	930
SF3169A.1.mpg	74	388	1013	545
SF3169B.1.mpg	110	381	1226	538
SF3170A.1.mpg	72	248	866	603
SF3170B.1.mpg	74	404	1022	738
SF3171A.1.mpg	32	175	365	478
SF3171B.1.mpg	31	177	425	625
SF3171C.1.mpg	36	230	520	357
SF3172A.1.mpg	119	265	999	569
SF3172B.1.mpg	212	358	1585	618
SF3172C.1.mpg	106	306	934	847
SF3173.1.mpg	38	199	468	491
SF3174A-C.1.mpg	264	969	2974	1680
SF3175.1.mpg	31	142	527	691
SF3178.1.mpg	11	21	91	570
SF3179.1.mpg	72	380	1106	834
SF3180.1.mpg	70	377	1044	524
SF3181.1.mpg	51	319	891	527
SF3182.1.mpg	79	357	958	616
SF3187.1.mpg	57	357	955	579
SF3188.1.mpg	85	354	1103	729
SF3189.1.mpg	131	468	1388	826
SF3190A.1.mpg	65	254	810	626
SF3190B.1.mpg	42	181	519	634
SF3191.1.mpg	117	280	881	532
SF3193A.1.mpg	105	333	1041	592
SF3193B.1.mpg	97	248	731	470
SF3194.1.mpg	158	463	1514	723
SF3195.1.mpg	62	257	848	390
SF3196.1.mpg	95	374	1359	800
SF3197.1.mpg	1	1	1	623
SF3198.1.mpg	117	468	1327	630
SF3199.1.mpg	115	374	1194	722
SF3200A.1.mpg	94	337	888	714
SF3201.1.mpg	56	270	832	624
SF3202.1.mpg	121	374	1273	562
SF3203.1.mpg	36	156	530	369
SF3204.1 om fotografi UFA 1936.mpg	81	330	960	566
SF3205A.1.mpg	82	411	982	725
SF3205B.1.Atronomi 1935-36mpg.mpg	78	467	1181	621
SF3206.1.mpg	62	333	997	689
SF3207.1.Astronomi 1937mpg.mpg	86	372	1218	587
SF3208.1.mpg	109	466	1642	674
SF3209.1.mpg	150	508	1800	854
SF3210.1.mpg	76	361	958	506
SF3211.1.mpg	73	305	938	764
SF3212.1.mpg	51	245	759	546
SF3213.1.mpg	29	171	540	684
SF3214.1.mpg	64	237	907	492
SF3215.1.mpg	122	532	1795	714
SF3217.1.mpg	97	356	1164	845
SF3219.1.mpg	67	253	759	572
SF3222.1.mpg	132	557	1424	838
SF3223.1.mpg	100	361	1126	859
SF3224.1.mpg	61	315	934	672
SF3226.1.mpg	67	278	634	571
SF3227A.1.mpg	70	324	929	543
SF3227B.1.mpg	24	156	340	710
SF3228.1.mpg	122	563	1473	808
SF3229.1.mpg	131	548	1511	691
SF3230.1.mpg	61	204	489	866
SF3231.1.mpg	99	467	1142	960
SF3232A-B.1.mpg	107	199	891	1033
SF3233A.1.mpg	63	277	698	539
SF3233B.1.mpg	59	237	589	493
SF3234.1.mpg	2	1	8	706
SF3236A-B.1.mpg	62	276	767	921
SF3237.1.mpg	13	21	57	857
SF3238A-B.1.mpg	155	193	1010	1080
SF3239A.1.mpg	35	79	292	516
SF3239B.1.mpg	40	74	281	510
SF3240A.1.mpg	73	420	980	599
SF3240B.1.mpg	66	390	878	603
SF3240C.1.mpg	33	185	432	363
SF3241A.1.mpg	72	360	987	626
SF3241B.1.mpg	60	262	735	578
SF3241C.1.mpg	45	207	511	620
SF3241D.1.mpg	43	211	501	843
SF3242A.1.mpg	45	239	526	555
SF3242B.1.mpg	116	532	1206	1430
SF3242C.1.mpg	59	277	587	854
SF3242D.1.mpg	49	256	475	585
SF3242E.1.mpg	38	134	303	560
SF3243.1.mpg	101	379	1051	529
SF3244.1.mpg	147	518	1637	777
SF3245.1.mpg	158	484	1303	833
SF3248.1.mpg	66	228	480	641
SF3250A-C.1.mpg	479	1016	3854	1970
SF3252A.1.mpg	56	227	622	513
SF3252B.1.mpg	32	207	448	523
SF3253A.1.mpg	33	98	257	383
SF3253B.1.mpg	61	238	593	544
SF3253C.1.mpg	51	193	522	578
SF3253D.1.mpg	45	241	482	616
SF3254.1.mpg	143	529	1205	942
SF3256A.1.mpg	63	186	728	579
SF3256B.1.mpg	57	101	301	416
SF3260.1.mpg	27	93	307	504
SF3261A-E.1.mpg	199	867	2305	2699
SF3262A.1.mpg	277	483	1635	879
SF3262B.1.mpg	147	305	956	552
SF3265.1.mpg	59	255	771	515
SF3266A.1.mpg	129	181	786	769
SF3266B.1.mpg	118	210	624	688
SF3266C.1.mpg	91	374	1125	827
SF3267.1.mpg	81	129	698	491
SF3271.1.mpg	47	209	624	617
SF3290.1.mpg	53	247	762	536
SF3291.1.mpg	63	291	757	593
SF3292.1.mpg	144	312	921	570
SF3293.1.mpg	126	432	1373	681
SF3294.1.mpg	138	347	1201	655
SF3295.1.mpg	88	228	769	530
SF3296A.1.mpg	91	309	954	565
SF3297.1.mpg	139	278	1082	707
SF3298A-B.1.mpg	70	539	1287	817
SF3299.1.mpg	2	1	3	343
SF3300.1.mpg	571	751	2685	1824
SF3301A.1.mpg	1	2	4	500
SF3301B.1.mpg	1	0	2	470
SF3302.1.mpg	64	312	683	533
SF3304.1.mpg	6	0	6	498
SF3305.1.mpg	47	219	474	744
SF3307.1.mpg	46	171	537	413
SF3308.1.mpg	19	24	78	451
SF3309A.1.mpg	50	198	547	555
SF3309B.1.mpg	28	66	204	627
SF3309C.1.mpg	15	13	117	444
SF3310.1.mpg	107	458	1181	887
SF3312.1.mpg	28	227	521	811
SF3314.1.mpg	6	4	14	872
SF3316.1.mpg	1	0	1	605
SF3317A.1.mpg	34	183	396	607
SF3317B.1.mpg	47	177	442	792
SF3318.1.mpg	83	199	776	550
SF3319A.1.mpg	123	350	1164	575
SF3319B.1.mpg	139	397	1319	640
SF3321.1.mpg	1	1	4	530
SF3322A-B.1.mpg	55	66	323	1049
SF3342A.1.mpg	43	155	345	456
SF3342B.1.mpg	54	258	575	609
SF3342C.1.mpg	21	64	113	207
SF3344.1.mpg	1	2	16	683
SF3345.1.mpg	34	175	327	664
SF3352.1.mpg	105	379	918	797
SF3353.1.mpg	140	218	1130	492
SF3354.1.mpg	18	139	321	167
SF3357A.1.mpg	40	169	332	422
SF3357B.1.mpg	60	273	589	363
SF3358.1.mpg	66	394	941	571
SF3364.1.mpg	463	1799	4852	4430
SF3365.1.mpg	97	281	1094	801
SF3366.1.mpg	65	181	737	663
SF3367.1.mpg	56	212	724	543
SF3368.1.mpg	99	296	936	666
SF3369.1.mpg	84	271	969	638
SF505.1.mpg	1	2	7	689
SF564.1.mpg	1	0	1	845
SF674B.1.mpg	23	76	277	564
SF675.1.mpg	25	65	310	560
SF679A.1.mpg	24	24	96	497
SF689.1.mpg	2	22	12	575
SF694.1.mpg	54	78	320	631
SF705.1.mpg	10	105	151	611
SF707.1.mpg	53	176	492	720
SF708A.1.mpg	54	50	215	566
SF709A.1.mpg	65	494	1198	585
SF710.1.mpg	76	466	992	877
SF711.1.mpg	13	18	84	690
SF712.1.mpg	17	120	208	783
SF713.1.mpg	37	166	558	850
SF714.1.mpg	48	320	715	792
SF715.1.mpg	1	0	3	757
SF716A.1.mpg	32	231	421	672
SF717A.1.mpg	38	149	469	590
SF718.1.mpg	11	26	101	748
SF721.1.mpg	14	41	80	823
SF722.1.mpg	2	3	12	671
SF723A.1.mpg	9	4	37	561
SF723B.1.mpg	25	28	153	772
SF727.1.mpg	61	109	355	607
SF729A.1.mpg	14	79	278	283
SF730.1.mpg	1	0	2	344
SF733.1.mpg	39	45	265	724
SF736.1.mpg	67	127	439	841
SF737.1.mpg	53	147	463	780
SF739A.1.mpg	37	100	237	595
SF740.1.mpg	38	151	365	748
SF744A.1.mpg	86	159	590	769
SF745.1.mpg	34	154	314	631
SF747.1.mpg	18	47	191	731
SF748.1.mpg	109	217	808	915
SF749.1.mpg	20	72	265	331
SF751.1.mpg	9	144	198	734
SF752A.1.mpg	3	1	9	805
SF753A.1.mpg	38	305	495	802
SF754.1.mpg	27	111	211	607
SF757A.1.mpg	5	16	86	492
SF758.1.mpg	23	61	195	521
SF759.1.mpg	82	304	896	705
SF761.1.mpg	42	140	452	532
SF762.1.mpg	12	21	94	380
SF763.1.mpg	101	198	706	770
SF764A-B.1.mpg	102	565	1302	902
SF764C.1.mpg	68	217	697	594
SF765.1.mpg	14	6	20	770
SF766.1.mpg	89	330	847	688
SF767.1.mpg	117	349	1064	633
SF768A.1.mpg	14	15	72	496
SF769A.1.mpg	95	353	1068	916
SF769B.1.mpg	2	0	3	437
SF769C.1 dans england.mpg	44	57	190	562
SF769D.1.mpg	21	53	153	453
SF769E.1.mpg	7	10	48	481
SF769F.1.mpg	8	3	16	402
SF769G.1.mpg	28	48	172	523
SF769H.1.mpg	15	18	128	539
SF770A.1.mpg	14	23	117	526
SF770B.1.mpg	30	20	111	654
SF771.1.mpg	29	162	418	783
SF773.1.mpg	79	214	732	597
SF774.1.mpg	45	166	581	710
SF775.1.mpg	44	156	563	581
SF776A.1.mpg	38	181	542	461
SF776B.1.mpg	65	249	715	339
SF777.1.mpg	14	64	197	552
SF778A.1.mpg	26	116	306	428
SF779.1.mpg	51	166	470	750
SF780A.1.mpg	43	183	552	724
SF780B.1.mpg	18	30	157	636
SF781.1.mpg	36	114	453	603
SF782.1.mpg	31	82	298	460
SF783.1.mpg	57	163	629	643
SF784.1.mpg	24	123	378	514
SF785.1.mpg	35	120	317	701
SF786.1.mpg	50	150	432	802
SF787A.1.mpg	41	177	522	620
SF788.1.mpg	17	68	245	471
SF790A.1.mpg	63	407	1007	609
SF790B.1.mpg	96	469	1261	591
SF792A.1.mpg	133	353	1234	786
SF793.1.mpg	6	5	14	586
SF794.1.mpg	1	1	1	402
SF795A.1.mpg	17	83	240	672
SF796.1.mpg	82	293	858	696
SF797.1.mpg	34	106	293	791
SF799.1.mpg	15	20	96	694
SF800.1.mpg	37	210	483	594
SF801.1.mpg	67	235	706	561
SF802.1.mpg	3	5	38	606
SF803.1.mpg	115	260	872	617
SF804.1.mpg	85	280	897	797
SF805.1.mpg	3	1	12	508
SF806.1.mpg	36	103	442	567
SF807.1.mpg	60	198	511	656
SF808.1.mpg	48	157	551	529
SF809A.1.mpg	97	307	1190	521
SF810.1 Modern reklamfilm 1934.mpg	42	128	359	797
SF811A.1.mpg	19	23	89	430
SF811B.1.mpg	30	108	358	526
SF812.1. Göteborgsminnen Sjöfartsmuseet 1934mpg.mpg	65	166	583	636
SF813.1.mpg	80	224	866	851
SF815.1.mpg	60	349	830	521
SF816A.1.mpg	61	250	684	400
SF816B.1.mpg	24	64	167	523
SF817.1.mpg	67	223	677	549
SF819.1.mpg	74	234	712	733
SF820.1.mpg	26	59	171	700
SF821.1.mpg	49	164	462	658
SF823.1.mpg	41	225	593	740
SF824.1.mpg	91	371	1043	647
SF825.1.mpg	84	312	912	710
SF826A.1.mpg	35	35	93	792
SF827A.1.mpg	152	457	1378	616
SF828C.1.mpg	40	182	506	644
SF829A.1.mpg	57	313	779	501
SF829B.1.mpg	8	41	114	324
SF831.1.mpg	29	221	582	340
SF834.1.mpg	22	124	309	571
SF835.1.mpg	71	356	971	696
SF836.1.mpg	37	150	439	806
SF839A.1.mpg	28	101	257	246
SF840.1.mpg	47	193	583	531
SF841A.1.mpg	61	358	1105	847
SF841B.1.mpg	24	110	403	700
SF844A.1.mpg	16	44	168	594
SF845.1.mpg	19	62	181	582
SF846.1.mpg	37	125	569	602
SF847A.1.mpg	58	194	744	842
SF848A.1.mpg	119	409	1322	623
SF848B.1.mpg	75	232	734	783
SF848C.1.mpg	81	271	852	715
SF849.1.mpg	95	328	1026	813
SF850A.1.mpg	8	19	18	887
SF850B.1.mpg	55	205	602	715
SF850C.1 Bok räddas, 1934.mpg	114	302	1089	813
SF851.1.mpg	36	181	484	384
SF852.1.mpg	2	0	6	793
SF853A.1.mpg	38	142	428	849
SF853B.1.mpg	1	5	25	471
SF854.1.mpg	96	278	891	423
SF855A.1.mpg	73	284	882	393
SF855B.1.mpg	103	493	1229	888
SF856.1.mpg	22	118	330	675
SF857.1.mpg	102	305	1042	826
SF858.1.mpg	52	193	618	640
SF859.1.mpg	33	88	332	808
SF860.1.mpg	51	223	663	504
SF861A.1.mpg	74	190	772	718
SF861B.1.mpg	56	273	815	538
SF862.1.mpg	98	304	994	834
SF863A.1.mpg	56	419	1036	546
SF863B.1.mpg	14	28	140	680
SF864A.1.mpg	113	339	1340	618
SF865A.1.mpg	23	107	308	471
SF865B.1.mpg	10	12	53	441
SF866A.1.mpg	33	98	413	566
SF866B.1.mpg	88	382	1198	758
SF866C.1.mpg	16	38	105	369
SF866D.1.mpg	47	229	725	586
SF867A.1.mpg	14	40	124	651
SF868A.1.mpg	17	120	275	375
SF868B.1.mpg	1	2	7	513
SF869A.1.mpg	98	444	1339	682
SF869B.1.mpg	22	18	84	531
SF870.1.mpg	55	289	865	424
SF871A.1.mpg	53	192	756	520
SF871B.1.mpg	18	57	148	698
SF871C.1.mpg	2	1	2	838
SF872.1.mpg	95	414	1202	656
SF873.1.mpg	101	424	1186	690
SF874.1.mpg	74	283	920	659
SF875A.1.mpg	54	168	563	410
SF875B.1.mpg	26	80	254	579
SF876A.1.mpg	37	132	375	586
SF876B.1.mpg	75	326	893	836
SF876C.1.mpg	92	313	840	564
SF877A.1.mpg	31	140	433	564
SF877B.1.mpg	47	178	606	552
SF878A.1.mpg	60	230	780	482
SF878B.1.mpg	27	76	283	484
SF878C.1.mpg	30	120	368	566
SF879A.1.mpg	50	225	726	619
SF879B.1.mpg	82	304	945	475
SF879C.1.mpg	53	155	529	340
SF879D.1.mpg	16	4	39	690
SF879E.1.mpg	15	5	38	845
SF880.1.mpg	20	114	337	416
SF881A.1.mpg	34	172	533	518
SF881B.1.mpg	5	13	43	747
SF882A.1.mpg	39	188	542	388
SF882B.1.mpg	48	160	675	706
SF883.1.mpg	76	251	869	655
SF884A.1.mpg	68	291	750	662
SF884B.1.mpg	68	244	815	905
SF885A.1.mpg	47	206	592	600
SF885B.1.mpg	28	56	215	558
SF886.1.mpg	56	218	676	499
SF887.1.mpg	84	351	1092	677
SF888.1.mpg	55	288	884	483
SF889A.1.mpg	60	292	882	490
SF889B.1.mpg	39	83	426	581
SF890.1.mpg	91	354	1085	570
SF891A.1.mpg	117	391	1190	727
SF891B.1.mpg	21	30	173	566
SF891C.1.mpg	51	266	801	755
SF891D.1.mpg	32	168	413	485
SF891E.1.mpg	35	225	505	328
SF891F.1.mpg	7	4	21	935
SF892A.1.mpg	28	113	401	393
SF892B.1.mpg	78	268	989	484
SF893.1.mpg	35	153	519	333
SF894.1.mpg	72	333	984	608
SF895.1.mpg	39	157	577	589
SF896A.1.mpg	90	303	1012	669
SF896B.1.mpg	98	157	560	725
SF897.1.mpg	37	208	614	439
SF898.1.mpg	105	277	974	654
SF899A.1.mpg	99	426	1223	558
SF899B.1.mpg	63	212	725	363
SF900A.1.mpg	38	157	446	708
SF900B.1.mpg	41	174	468	745
SF901A.1.mpg	48	188	545	683
SF902A.1.mpg	32	172	416	485
SF902B.1.mpg	94	303	1073	495
SF903.1.mpg	15	72	211	276
SF904.1.mpg	19	74	277	363
SF905A.1.mpg	55	227	807	573
SF905B.1.mpg	17	36	152	568
SF906.1.mpg	52	140	429	775
SF907A.1.mpg	97	462	1340	771
SF907B.1.mpg	75	430	1106	703
SF908A.1.mpg	92	346	1112	642
SF908B.1.mpg	19	45	132	746
SF908D.1.mpg	70	273	872	528
SF908E.1.mpg	68	290	926	538
SF909A.1.mpg	52	263	822	603
SF909E.1.mpg	57	316	923	512
SF910A.1.mpg	38	172	450	486
SF910B.1.mpg	10	11	33	753
SF910C.1.mpg	11	15	71	595
SF911.1.mpg	34	160	474	662
SF912A.1.mpg	133	325	1055	645
SF912B.1.mpg	20	16	109	579
SF913.1.mpg	98	88	321	455
SF914A.1.mpg	48	191	663	521
SF914B.1.mpg	72	244	706	515
SF915A.1.mpg	28	127	413	510
SF915B.1.mpg	20	50	316	577
SF915C.1.mpg	39	58	113	738
SF916A.1.mpg	24	120	317	571
SF916B.1.mpg	95	523	1479	849
SF917.1.mpg	70	237	825	617
SF918A.1.mpg	15	93	255	291
SF918B.1.mpg	30	67	203	658
SF919A.1.mpg	49	251	711	417
SF919B.1.mpg	21	43	219	710
SF919C.1.mpg	29	47	306	415
SF920.1.mpg	38	198	703	453
SF921.1.mpg	15	113	294	453
SF922.1.mpg	60	191	680	353
SF923.1.mpg	20	126	379	436
SF924A.1.mpg	41	155	560	293
SF924B.1.mpg	88	377	946	671
SF925A.1.mpg	42	252	688	555
SF925B.1.mpg	29	85	288	614
SF926A.1.mpg	11	57	169	588
SF926B.1.mpg	74	275	1015	857
SF927A.1.mpg	18	76	263	493
SF927B.1.mpg	24	53	240	598
SF928.1.mpg	20	103	295	394
SF929.1.mpg	33	180	550	373
SF930A.1.mpg	88	490	1291	788
SF930B.1.mpg	19	76	249	791
SF931A.1.mpg	30	123	393	396
SF931B.1.mpg	17	28	108	431
SF932A.1.mpg	47	182	602	625
SF932B.1.mpg	67	419	1022	619
SF932C.1.mpg	3	2	14	467
SF933A.1.mpg	32	162	428	369
SF933B.1.mpg	27	162	420	541
SF934.1.mpg	74	273	877	469
SF935.1.mpg	86	255	853	760
SF936A.1.mpg	48	247	730	521
SF936B.1.mpg	14	63	216	258
SF937.1.mpg	71	384	1160	484
SF938A.1.mpg	84	219	717	744
SF938B.1.mpg	7	14	52	343
SF939A.1.mpg	62	307	1046	625
SF940A.1.mpg	42	129	424	341
SF941.1.mpg	30	148	452	647
SF942.1.mpg	21	120	370	508
SF943A.1.mpg	50	295	812	423
SF943C.1.mpg	20	47	142	585
SF944.1Reklamen tjänar samhället, 1937.mpg	33	147	471	403
SF945A.1.mpg	23	134	418	414
SF945B.1.mpg	9	64	122	366
SF945C.1.mpg	63	183	560	601
SF945D.1.mpg	74	319	1030	618
SF945E.1.mpg	1	0	1	539
SF945F.1.mpg	99	382	1261	812
SF945G.1.mpg	26	106	321	532
SF945H.1.mpg	10	9	31	841
SF946A.1.mpg	37	189	476	529
SF946B.1.mpg	47	229	769	544
SF947A.1.mpg	33	179	482	430
SF948.1.mpg	27	183	549	418
SF949A.1.mpg	32	176	476	485
SF949B.1.mpg	16	73	146	416
SF950.1.mpg	20	138	376	623
SF951.1.mpg	25	158	405	771
SF952.1.mpg	53	236	695	629
SF953A.1.mpg	15	81	219	443
SF953B.1.mpg	5	2	13	594
SF953C.1.mpg	29	78	217	683
SF954.1.mpg	5	26	54	589
SF955A.1.mpg	15	94	280	589
SF955B.1.mpg	39	95	462	362
SF955C.1.mpg	58	126	461	580
SF955D.1.mpg	86	312	877	623
SF956A.1.mpg	67	287	962	772
SF957.1.mpg	21	117	354	511
SF958A.1.mpg	69	293	852	465
SF959.1.mpg	28	88	276	686
SF960A.1.mpg	27	85	313	708
SF961.1.mpg	21	98	259	424
SF962.1.mpg	22	120	321	670
SF963.1.mpg	36	203	556	612
SF964A.1.mpg	38	171	593	432
SF964B.1.mpg	3	0	3	619
SF965.1.mpg	39	157	605	417
SF966B.1.mpg	118	321	1023	596
SF967B.1.mpg	157	270	1051	694
SF969.1.mpg	17	104	335	482
SF970A.1.mpg	31	168	572	375
SF970B.1.mpg	39	119	513	523
SF970C.1.mpg	25	21	110	408
SF971.1.mpg	71	346	1153	651
SF972.1.mpg	18	93	313	304
SF973.1.mpg	38	205	590	622
SF974A.1.mpg	50	204	724	620
SF974B.1.mpg	63	233	689	656
SF975A.1.mpg	37	145	458	601
SF975B.1.mpg	23	8	67	792
SF975C.1.mpg	16	39	99	458
SF976.1.mpg	31	150	400	438
SF977A.1.mpg	43	221	659	558
SF977B.1.mpg	74	247	796	556
SF978.1.mpg	79	387	1160	903
SF979.1.mpg	58	302	893	610
SF980.1.mpg	52	225	645	531
SF981.1.mpg	43	224	643	478
SF982A.1.mpg	37	193	590	470
SF982B.1.mpg	17	80	220	298
SF982D.1.mpg	11	29	102	598
SF982E.1.mpg	28	82	262	746
SF982F.1.mpg	2	0	2	441
SF983A.1.mpg	70	350	1036	689
SF984.1.mpg	68	356	1110	833
SF985A.1.mpg	44	178	488	617
SF985B.1.mpg	35	173	525	435
SF986A.1.mpg	48	219	709	586
SF986B.1.mpg	58	375	1019	695
SF986C.1.mpg	18	67	223	772
SF987A.1.mpg	50	174	655	518
SF988.1.mpg	71	345	911	553
SF989.1.mpg	74	355	1074	586
SF990A.1.mpg	39	172	541	742
SF990B.1.mpg	67	294	1021	748
SF990C.1.mpg	21	68	234	792
SF991.1.mpg	63	310	923	612
SF992A.1.mpg	62	298	855	649
SF993A.1.mpg	43	193	601	537
SF993B.1.mpg	76	335	1004	549
SF994A.1.mpg	25	105	384	436
SF994B.1.mpg	24	51	152	528
SF994C.1.mpg	76	263	860	453
SF995.1.mpg	80	414	1301	675
SF996A.1.mpg	84	486	1499	768
SF996B.1.mpg	63	128	693	618
SF997.1.mpg	31	179	571	460
SF998.1.mpg	76	377	1101	588
SF999.1.mpg	22	139	403	466
SJ-ISAM.1.mpg	183	896	2347	2077
SJ100.1.mpg	87	503	1190	750
SJ111.1.mpg	5	27	75	48
SJ119.1.mpg	31	125	343	988
SJ143.1.mpg	48	178	591	363
SJ146.1.mpg	109	503	1330	812
SJ173A.1.mpg	108	641	1601	945
SJ173B.1.mpg	66	322	760	579
SJ173C.1.mpg	63	361	933	605
SJ188.1.mpg	92	249	694	831
SJ196.1.mpg	70	274	909	775
SJ213.1.mpg	8	31	112	628
SJ216.1.mpg	83	485	1302	587
SJ218.1.mpg	16	48	186	284
SJ3.1.mpg	20	79	264	111
SJ30.1.mpg	5	23	60	98
SJ35.1.mpg	134	448	1202	942
SJ36.1.mpg	165	908	2398	1308
SJ51A.1.mpg	83	378	844	591
SJ51B.1.mpg	32	123	320	260
SJ63.1.mpg	73	436	1200	830
SJ70.1.mpg	39	160	477	599
SJ73.1.mpg	88	480	1276	746
SJA67.1.mpg	110	509	1498	753
SJA9B.1.mpg	13	94	291	179
